season,pitcher_name,pitch_count,composure_plus,composure_score,walk_after_barrel,walk_after_hard_hit,walk_after_high_xba,first_ball_after_barrel,first_ball_after_hard_hit,first_ball_after_high_xba,walk_after_soft_hit,walk_after_low_xba,first_ball_after_soft_hit,first_ball_after_low_xba,hard_hit_after_walk,hard_hit_after_soft,walk_after_walk,ball_after_foul
2025,"dodd, dylan",536,141.4,1.3069897359281117,0.0,0.0,0.0,0.0,0.1111111111111111,0.15384615384615385,0.0,0.030303030303030304,0.2631578947368421,0.21212121212121213,0.0,0.15789473684210525,0.0,0.4158415841584158
2025,"martin, chris",651,137.8,1.1944321450847486,0.0,0.0,0.041666666666666664,0.125,0.0,0.25,0.0,0.05405405405405406,0.30434782608695654,0.2702702702702703,0.0,0.08695652173913043,0.0,0.29605263157894735
2025,"rogers, tyler",978,134.7,1.0963685757613306,0.0,0.0,0.03333333333333333,0.0,0.15384615384615385,0.16666666666666666,0.016666666666666666,0.06060606060606061,0.23333333333333334,0.3181818181818182,0.14285714285714285,0.06666666666666667,0.0,0.25980392156862747
2025,"morejón, adrián",1007,134.3,1.08280352456219,0.0,0.0,0.0,0.4,0.125,0.2,0.022727272727272728,0.030303030303030304,0.20454545454545456,0.3333333333333333,0.0,0.022727272727272728,0.08333333333333333,0.3393939393939394
2025,"chapman, aroldis",920,130.6,0.9667945596195379,0.0,0.0,0.0,0.2857142857142857,0.16666666666666666,0.15789473684210525,0.09090909090909091,0.05263157894736842,0.4090909090909091,0.3684210526315789,0.0,0.0,0.06666666666666667,0.3251231527093596
2025,"king, bryan",1046,129.7,0.9385868121882065,0.1,0.0,0.0,0.2,0.2222222222222222,0.34375,0.029411764705882353,0.047619047619047616,0.2647058823529412,0.3492063492063492,0.0,0.029411764705882353,0.0,0.32338308457711445
2025,"allard, kolby",1012,129.1,0.9198520456709938,0.0,0.0,0.0,0.2727272727272727,0.35714285714285715,0.25806451612903225,0.12244897959183673,0.058823529411764705,0.3877551020408163,0.3058823529411765,0.0,0.02040816326530612,0.0,0.31521739130434784
2025,"walter, brandon",815,127.6,0.8711420175287599,0.0,0.0,0.0,0.18181818181818182,0.375,0.41379310344827586,0.02127659574468085,0.046153846153846156,0.3829787234042553,0.3384615384615385,0.14285714285714285,0.0,0.0,0.32051282051282054
2025,"lee, dylan",1104,126.4,0.8327790053495,0.0,0.0,0.09090909090909091,0.21428571428571427,0.25,0.22727272727272727,0.07894736842105263,0.06896551724137931,0.2894736842105263,0.25862068965517243,0.08333333333333333,0.05263157894736842,0.0,0.31155778894472363
2025,"jansen, kenley",878,125.7,0.8106666550642053,0.0,0.0,0.13043478260869565,0.2222222222222222,0.2222222222222222,0.34782608695652173,0.045454545454545456,0.04838709677419355,0.22727272727272727,0.25806451612903225,0.05555555555555555,0.0,0.05555555555555555,0.263681592039801
2025,"brogdon, connor",853,124.3,0.7655732681852582,0.0625,0.0,0.08695652173913043,0.25,0.3333333333333333,0.2608695652173913,0.0,0.05263157894736842,0.36363636363636365,0.3157894736842105,0.0,0.09090909090909091,0.0,0.358974358974359
2025,"curtiss, john",546,124.0,0.758956946880856,0.0,0.0,0.041666666666666664,0.75,0.4166666666666667,0.375,0.0,0.025,0.4,0.4,0.0,0.0,0.0,0.30434782608695654
2025,"soto, gregory",1036,123.2,0.7336875539307479,0.0,0.0,0.05555555555555555,0.0,0.2857142857142857,0.16666666666666666,0.09375,0.1,0.28125,0.36,0.06060606060606061,0.09375,0.06060606060606061,0.30120481927710846
2025,"lodolo, nick",2483,122.7,0.7179431591172014,0.05714285714285714,0.10810810810810811,0.09876543209876543,0.2,0.10810810810810811,0.2839506172839506,0.05405405405405406,0.05154639175257732,0.2702702702702703,0.29896907216494845,0.04878048780487805,0.036036036036036036,0.0,0.3634361233480176
2025,"matz, steven",1160,122.5,0.7104146096819824,0.0,0.047619047619047616,0.0,0.2727272727272727,0.42857142857142855,0.3333333333333333,0.05555555555555555,0.09090909090909091,0.37037037037037035,0.2840909090909091,0.07692307692307693,0.05555555555555555,0.0,0.34545454545454546
2025,"kremer, dean",2756,122.0,0.6944581445159596,0.022727272727272728,0.022222222222222223,0.023255813953488372,0.2727272727272727,0.3111111111111111,0.32558139534883723,0.07518796992481203,0.06926406926406926,0.3308270676691729,0.37662337662337664,0.06818181818181818,0.06015037593984962,0.0,0.37832699619771865
2025,"banks, tanner",1088,121.8,0.6896003567405717,0.0,0.0,0.03125,0.3333333333333333,0.16666666666666666,0.34375,0.05128205128205128,0.05660377358490566,0.5384615384615384,0.39622641509433965,0.08333333333333333,0.07692307692307693,0.0,0.3652173913043478
2025,"messick, parker",625,121.4,0.6757304239005378,0.0,0.0625,0.0,0.2857142857142857,0.3125,0.4090909090909091,0.0,0.034482758620689655,0.25925925925925924,0.22413793103448276,0.2,0.14814814814814814,0.0,0.4065934065934066
2025,"sauer, matt",512,121.2,0.6702162282903142,0.0,0.0,0.15,0.0,0.14285714285714285,0.3,0.1111111111111111,0.0,0.5,0.4444444444444444,0.0,0.0,0.1,0.40350877192982454
2025,"ferrer, jose",1215,121.1,0.6649031872709941,0.0,0.0,0.058823529411764705,0.2727272727272727,0.21428571428571427,0.3235294117647059,0.06,0.05,0.28,0.31666666666666665,0.19047619047619047,0.04,0.047619047619047616,0.34080717488789236
2025,"kranick, max",529,120.7,0.6521233443433915,0.0,0.0,0.05263157894736842,0.3333333333333333,0.5555555555555556,0.2631578947368421,0.09090909090909091,0.02127659574468085,0.2727272727272727,0.3191489361702128,0.0,0.18181818181818182,0.0,0.3217391304347826
2025,"gordon, colton",1459,120.6,0.6508889666155633,0.0,0.034482758620689655,0.017241379310344827,0.30303030303030304,0.41379310344827586,0.27586206896551724,0.05970149253731343,0.06481481481481481,0.47761194029850745,0.4444444444444444,0.05555555555555555,0.05970149253731343,0.0,0.3226837060702875
2025,"suter, brent",1141,120.2,0.6388421086066987,0.0,0.06666666666666667,0.027777777777777776,0.25,0.3333333333333333,0.2777777777777778,0.04918032786885246,0.12162162162162163,0.32786885245901637,0.35135135135135137,0.05263157894736842,0.01639344262295082,0.05263157894736842,0.4029126213592233
2025,"gray, sonny",2724,119.7,0.6228187445492199,0.0425531914893617,0.014705882352941176,0.03508771929824561,0.2765957446808511,0.3235294117647059,0.38596491228070173,0.05223880597014925,0.050761421319796954,0.3656716417910448,0.3096446700507614,0.0,0.09701492537313433,0.05,0.3619047619047619
2025,"kelly, zack",587,119.7,0.6214716266831379,0.0,0.0,0.14285714285714285,0.2,0.3333333333333333,0.2857142857142857,0.06666666666666667,0.02857142857142857,0.43333333333333335,0.4,0.0,0.0,0.09090909090909091,0.31896551724137934
2025,"gaddis, hunter",1060,119.6,0.6194627259336514,0.07142857142857142,0.0,0.037037037037037035,0.21428571428571427,0.1875,0.18518518518518517,0.1,0.10204081632653061,0.5,0.4489795918367347,0.10526315789473684,0.0,0.0,0.39106145251396646
2025,"beeks, jalen",924,119.6,0.6178932207992653,0.0,0.0,0.0,0.07142857142857142,0.2,0.30434782608695654,0.1,0.044444444444444446,0.3,0.3333333333333333,0.1,0.1,0.15,0.42857142857142855
2025,"pomeranz, drew",805,119.4,0.6125382984571717,0.0,0.0,0.0,0.2857142857142857,0.4444444444444444,0.25,0.05,0.0975609756097561,0.35,0.2926829268292683,0.05263157894736842,0.15,0.05263157894736842,0.3390804597701149
2025,"mize, casey",2357,119.2,0.604915851612619,0.05128205128205128,0.047619047619047616,0.02666666666666667,0.28205128205128205,0.21428571428571427,0.29333333333333333,0.06451612903225806,0.08080808080808081,0.3763440860215054,0.35353535353535354,0.08571428571428572,0.043010752688172046,0.02857142857142857,0.3833718244803695
2025,"okert, steven",1057,119.2,0.6052136830118914,0.09090909090909091,0.0,0.03571428571428571,0.18181818181818182,0.1,0.2857142857142857,0.034482758620689655,0.018867924528301886,0.5172413793103449,0.41509433962264153,0.058823529411764705,0.034482758620689655,0.11764705882352941,0.31746031746031744
2025,"taillon, jameson",1979,119.0,0.5996753943270976,0.03125,0.02631578947368421,0.041666666666666664,0.28125,0.2631578947368421,0.3888888888888889,0.061224489795918366,0.06521739130434782,0.336734693877551,0.3423913043478261,0.07692307692307693,0.05102040816326531,0.038461538461538464,0.35195530726256985
2025,"sheehan, emmet",1146,119.0,0.5999750716785489,0.0,0.0,0.03225806451612903,0.3333333333333333,0.4666666666666667,0.2903225806451613,0.075,0.15,0.3,0.375,0.041666666666666664,0.05,0.0,0.4174757281553398
2025,"svanson, matt",965,118.9,0.5968294434942818,0.0,0.0,0.05,0.2,0.3333333333333333,0.3,0.09375,0.05357142857142857,0.40625,0.35714285714285715,0.041666666666666664,0.125,0.041666666666666664,0.3804347826086957
2025,"degrom, jacob",2617,118.6,0.5861524535523809,0.025,0.023809523809523808,0.011111111111111112,0.4,0.38095238095238093,0.3333333333333333,0.07692307692307693,0.06349206349206349,0.3626373626373626,0.31746031746031744,0.0,0.054945054945054944,0.07894736842105263,0.3867735470941884
2025,"ashcraft, graham",1039,118.3,0.5763636983145383,0.125,0.0,0.0,0.5,0.4,0.35714285714285715,0.03773584905660377,0.03773584905660377,0.3584905660377358,0.41509433962264153,0.041666666666666664,0.03773584905660377,0.0,0.2976190476190476
2025,"zerpa, angel",1100,118.2,0.5760175677869802,0.0,0.0,0.0,0.3076923076923077,0.4,0.2857142857142857,0.05405405405405406,0.13114754098360656,0.2702702702702703,0.3770491803278688,0.10526315789473684,0.0,0.10526315789473684,0.3781094527363184
2025,"clarke, taylor",865,117.9,0.5641326995993662,0.09090909090909091,0.08333333333333333,0.06896551724137931,0.2727272727272727,0.25,0.20689655172413793,0.037037037037037035,0.11320754716981132,0.25925925925925924,0.2830188679245283,0.1111111111111111,0.037037037037037035,0.0,0.42857142857142855
2025,"vest, will",1141,117.8,0.5623794760033028,0.0,0.0,0.0,0.16666666666666666,0.25,0.17857142857142858,0.125,0.11940298507462686,0.325,0.40298507462686567,0.14285714285714285,0.05,0.09523809523809523,0.3127962085308057
2025,"armstrong, shawn",1118,117.7,0.5571526480462526,0.0,0.1,0.07407407407407407,0.3,0.1,0.2962962962962963,0.0,0.12857142857142856,0.16129032258064516,0.3,0.08333333333333333,0.03225806451612903,0.125,0.3317972350230415
2025,"garcia, robert",981,117.6,0.5552285447012715,0.0,0.0,0.038461538461538464,0.2222222222222222,0.3076923076923077,0.19230769230769232,0.08108108108108109,0.10714285714285714,0.24324324324324326,0.32142857142857145,0.05555555555555555,0.05405405405405406,0.16666666666666666,0.3485714285714286
2025,"uceta, edwin",1226,117.5,0.551645601892333,0.0,0.0,0.02702702702702703,0.2,0.21052631578947367,0.24324324324324326,0.15789473684210525,0.09433962264150944,0.47368421052631576,0.3584905660377358,0.0967741935483871,0.13157894736842105,0.0,0.3333333333333333
2025,"feltner, ryan",523,117.4,0.5489858235051445,0.0,0.0,0.0,0.25,0.125,0.25,0.05,0.13636363636363635,0.4,0.4318181818181818,0.09090909090909091,0.1,0.09090909090909091,0.4090909090909091
2025,"king, john",782,117.0,0.538095153158451,0.0,0.058823529411764705,0.037037037037037035,0.2857142857142857,0.35294117647058826,0.25925925925925924,0.09375,0.125,0.4375,0.4642857142857143,0.0,0.0625,0.0,0.42105263157894735
2025,"myers, tobias",826,116.8,0.5311607168931924,0.0,0.06666666666666667,0.14285714285714285,0.18181818181818182,0.4,0.2857142857142857,0.03225806451612903,0.05084745762711865,0.3870967741935484,0.4406779661016949,0.0,0.03225806451612903,0.0625,0.3212121212121212
2025,"horton, cade",1790,116.6,0.5224680252011489,0.09375,0.034482758620689655,0.047619047619047616,0.1875,0.27586206896551724,0.31746031746031744,0.09090909090909091,0.08666666666666667,0.36363636363636365,0.32,0.0,0.05194805194805195,0.05555555555555555,0.35526315789473684
2025,"santana, dennis",1002,116.3,0.5137968714660108,0.07692307692307693,0.07692307692307693,0.041666666666666664,0.3076923076923077,0.38461538461538464,0.375,0.0,0.08620689655172414,0.23333333333333334,0.25862068965517243,0.10526315789473684,0.03333333333333333,0.05263157894736842,0.30978260869565216
2025,"sánchez, cristopher",2897,116.0,0.5062720474777235,0.03571428571428571,0.05,0.03296703296703297,0.42857142857142855,0.3333333333333333,0.3516483516483517,0.03875968992248062,0.04888888888888889,0.34108527131782945,0.36,0.020833333333333332,0.10077519379844961,0.0625,0.3429844097995546
2025,"schwellenbach, spencer",1577,115.8,0.4978896484986272,0.08695652173913043,0.06060606060606061,0.0,0.21739130434782608,0.2727272727272727,0.296875,0.0136986301369863,0.07627118644067797,0.3013698630136986,0.3135593220338983,0.2631578947368421,0.0958904109589041,0.0,0.34172661870503596
2025,"patrick, chad",2015,115.6,0.49342731315560645,0.08333333333333333,0.0625,0.030303030303030304,0.2916666666666667,0.34375,0.2878787878787879,0.0759493670886076,0.07142857142857142,0.379746835443038,0.34285714285714286,0.046511627906976744,0.0379746835443038,0.046511627906976744,0.371824480369515
2025,"wesneski, hayden",508,115.6,0.4926051089892321,0.0,0.1111111111111111,0.0,0.4,0.2222222222222222,0.35,0.05,0.05,0.4,0.375,0.0,0.05,0.14285714285714285,0.3888888888888889
2025,"cecconi, slade",2069,115.4,0.4858017703136319,0.02127659574468085,0.0784313725490196,0.09722222222222222,0.3191489361702128,0.29411764705882354,0.3055555555555556,0.04225352112676056,0.03496503496503497,0.36619718309859156,0.3776223776223776,0.06060606060606061,0.056338028169014086,0.06060606060606061,0.4633431085043988
2025,"alexander, tyler",1603,115.2,0.47854263832394567,0.07692307692307693,0.0,0.04411764705882353,0.23076923076923078,0.35,0.4411764705882353,0.08695652173913043,0.07766990291262135,0.37681159420289856,0.32038834951456313,0.07407407407407407,0.028985507246376812,0.037037037037037035,0.38095238095238093
2025,"englert, mason",725,115.2,0.479394463447742,0.08333333333333333,0.1111111111111111,0.1111111111111111,0.16666666666666666,0.2222222222222222,0.14814814814814814,0.09090909090909091,0.06060606060606061,0.3181818181818182,0.18181818181818182,0.16666666666666666,0.09090909090909091,0.0,0.3873239436619718
2025,"junk, janson",1622,115.2,0.4794052706707214,0.034482758620689655,0.04081632653061224,0.04,0.3793103448275862,0.2857142857142857,0.28,0.028169014084507043,0.06299212598425197,0.30985915492957744,0.3543307086614173,0.0625,0.15492957746478872,0.0625,0.3588235294117647
2025,"imanaga, shota",2178,115.0,0.47300014372381605,0.0425531914893617,0.022222222222222223,0.04878048780487805,0.3829787234042553,0.35555555555555557,0.36585365853658536,0.03409090909090909,0.03553299492385787,0.45454545454545453,0.36548223350253806,0.037037037037037035,0.07954545454545454,0.07407407407407407,0.33406113537117904
2025,"burke, brock",1028,115.0,0.47379175949792557,0.1,0.0,0.03571428571428571,0.2,0.5,0.39285714285714285,0.0,0.0851063829787234,0.3888888888888889,0.425531914893617,0.0,0.05555555555555555,0.0625,0.3094170403587444
2025,"civale, aaron",1748,114.9,0.4688934394968013,0.0,0.0,0.03773584905660377,0.2962962962962963,0.23809523809523808,0.2641509433962264,0.14102564102564102,0.1323529411764706,0.3974358974358974,0.39705882352941174,0.05128205128205128,0.038461538461538464,0.07692307692307693,0.4299363057324841
2025,"scherzer, max",1392,114.8,0.46736622590270904,0.03333333333333333,0.05,0.0196078431372549,0.3333333333333333,0.45,0.35294117647058826,0.015384615384615385,0.07017543859649122,0.3384615384615385,0.34210526315789475,0.08,0.07692307692307693,0.08,0.33214285714285713
2025,"manaea, sean",1095,114.8,0.46670492843018907,0.0,0.05263157894736842,0.08823529411764706,0.4,0.3157894736842105,0.35294117647058826,0.075,0.07936507936507936,0.375,0.3492063492063492,0.11764705882352941,0.05,0.0,0.3187250996015936
2025,"woodford, jake",629,114.6,0.45995040808836085,0.0,0.0,0.047619047619047616,0.2857142857142857,0.0,0.38095238095238093,0.07894736842105263,0.11904761904761904,0.47368421052631576,0.40476190476190477,0.07142857142857142,0.0,0.14285714285714285,0.46296296296296297
2025,"wolfram, grant",525,114.6,0.4603243973485824,0.0,0.0,0.07142857142857142,0.0,0.6,0.21428571428571427,0.05263157894736842,0.12,0.15789473684210525,0.4,0.0,0.05263157894736842,0.2,0.3956043956043956
2025,"crismatt, nabil",534,114.4,0.4547781217486245,0.2,0.0,0.038461538461538464,0.4,0.16666666666666666,0.3076923076923077,0.06666666666666667,0.06,0.36666666666666664,0.36,0.1,0.03333333333333333,0.0,0.20270270270270271
2025,"dobbins, hunter",936,114.3,0.45094252610020785,0.0,0.047619047619047616,0.03225806451612903,0.23076923076923078,0.23809523809523808,0.2903225806451613,0.06818181818181818,0.05813953488372093,0.45454545454545453,0.38372093023255816,0.058823529411764705,0.11363636363636363,0.11764705882352941,0.36551724137931035
2025,"speier, gabe",925,114.3,0.45291684385868947,0.0,0.0,0.05555555555555555,0.2222222222222222,0.21428571428571427,0.3888888888888889,0.11538461538461539,0.0625,0.4230769230769231,0.3333333333333333,0.07692307692307693,0.11538461538461539,0.07692307692307693,0.3387096774193548
2025,"williams, trevor",1448,114.3,0.4524847031209692,0.047619047619047616,0.038461538461538464,0.0,0.23809523809523808,0.19230769230769232,0.3793103448275862,0.05,0.05454545454545454,0.3,0.32727272727272727,0.0,0.1,0.2,0.37254901960784315
2025,"woo, bryan",2714,114.1,0.44505597493709503,0.06976744186046512,0.12244897959183673,0.05555555555555555,0.23255813953488372,0.3469387755102041,0.3111111111111111,0.06722689075630252,0.06422018348623854,0.3697478991596639,0.2981651376146789,0.02564102564102564,0.09243697478991597,0.02564102564102564,0.37478108581436076
2025,"varland, louis",1070,114.0,0.4411004869332488,0.0,0.05263157894736842,0.08333333333333333,0.21428571428571427,0.3157894736842105,0.5,0.10714285714285714,0.1,0.32142857142857145,0.36,0.09523809523809523,0.03571428571428571,0.0,0.3349282296650718
2025,"skubal, tarik",2849,114.0,0.44102046530374356,0.05405405405405406,0.05,0.08602150537634409,0.24324324324324326,0.225,0.3118279569892473,0.06896551724137931,0.07834101382488479,0.3586206896551724,0.3225806451612903,0.13513513513513514,0.034482758620689655,0.05405405405405406,0.31478260869565217
2025,"crochet, garrett",3151,114.0,0.44263499919339544,0.05555555555555555,0.06976744186046512,0.07058823529411765,0.2777777777777778,0.27906976744186046,0.3411764705882353,0.06896551724137931,0.0593607305936073,0.4068965517241379,0.3881278538812785,0.02127659574468085,0.04827586206896552,0.06382978723404255,0.3249607535321821
2025,"slaten, justin",504,113.8,0.4365422198596906,0.16666666666666666,0.14285714285714285,0.0,0.16666666666666666,0.14285714285714285,0.23076923076923078,0.09090909090909091,0.13157894736842105,0.2727272727272727,0.5,0.0,0.045454545454545456,0.0,0.2826086956521739
2025,"thompson, ryan",656,113.6,0.428724210373194,0.0,0.0625,0.05555555555555555,0.0,0.25,0.1111111111111111,0.15789473684210525,0.06976744186046512,0.15789473684210525,0.4418604651162791,0.0,0.15789473684210525,0.18181818181818182,0.34579439252336447
2025,"littell, zack",2791,113.6,0.4295490196476607,0.05263157894736842,0.07017543859649122,0.07547169811320754,0.3508771929824561,0.3684210526315789,0.37735849056603776,0.035398230088495575,0.0546875,0.35398230088495575,0.36328125,0.05405405405405406,0.07964601769911504,0.02702702702702703,0.3333333333333333
2025,"green, chad",718,113.5,0.4265129146239577,0.0,0.1111111111111111,0.1,0.2222222222222222,0.16666666666666666,0.36666666666666664,0.0,0.1,0.5555555555555556,0.38,0.0,0.16666666666666666,0.0,0.41304347826086957
2025,"mikolas, miles",2487,113.5,0.42721534153384655,0.046875,0.11864406779661017,0.07142857142857142,0.28125,0.22033898305084745,0.3163265306122449,0.07874015748031496,0.06542056074766354,0.3700787401574803,0.3317757009345794,0.13513513513513514,0.06299212598425197,0.0,0.3900862068965517
2025,"montero, keider",1474,113.4,0.42272369352987366,0.045454545454545456,0.045454545454545456,0.07692307692307693,0.36363636363636365,0.18181818181818182,0.36538461538461536,0.0625,0.09322033898305085,0.34375,0.3389830508474576,0.09375,0.078125,0.03125,0.3057553956834532
2025,"cabrera, génesis",720,113.3,0.42129332842178047,0.0,0.1,0.045454545454545456,0.25,0.2,0.36363636363636365,0.07407407407407407,0.13043478260869565,0.48148148148148145,0.43478260869565216,0.11764705882352941,0.037037037037037035,0.0,0.3103448275862069
2025,"weaver, luke",1053,113.2,0.4178685730777103,0.0,0.0,0.038461538461538464,0.25,0.15384615384615385,0.34615384615384615,0.17391304347826086,0.11666666666666667,0.21739130434782608,0.3333333333333333,0.15,0.043478260869565216,0.1,0.357487922705314
2025,"kinley, tyler",1239,113.1,0.4136426728052305,0.0,0.0,0.13043478260869565,0.25,0.25,0.30434782608695654,0.08888888888888889,0.06153846153846154,0.28888888888888886,0.3384615384615385,0.0,0.06666666666666667,0.1724137931034483,0.38207547169811323
2025,"martínez, nick",2582,113.1,0.41245150286708965,0.058823529411764705,0.0,0.08333333333333333,0.47058823529411764,0.16129032258064516,0.375,0.06451612903225806,0.0867579908675799,0.3629032258064516,0.3881278538812785,0.045454545454545456,0.04032258064516129,0.06818181818181818,0.3392857142857143
2025,"bowlan, jonathan",727,113.1,0.4149735127220146,0.0,0.0,0.09090909090909091,0.2727272727272727,0.09090909090909091,0.2727272727272727,0.17647058823529413,0.15217391304347827,0.35294117647058826,0.43478260869565216,0.0,0.058823529411764705,0.0625,0.45217391304347826
2025,"stewart, brock",614,113.0,0.4103725928965361,0.0,0.25,0.07692307692307693,0.25,0.125,0.3076923076923077,0.05,0.1,0.2,0.3,0.0,0.1,0.07692307692307693,0.3739130434782609
2025,"detmers, reid",1100,113.0,0.4116113179301238,0.0,0.0,0.06451612903225806,0.18181818181818182,0.23529411764705882,0.1935483870967742,0.1,0.09090909090909091,0.26666666666666666,0.5909090909090909,0.08695652173913043,0.13333333333333333,0.08695652173913043,0.29591836734693877
2025,"mcgreevy, michael",1466,113.0,0.40947417530915997,0.07142857142857142,0.05555555555555555,0.034482758620689655,0.5,0.3611111111111111,0.4827586206896552,0.046153846153846156,0.05555555555555555,0.36923076923076925,0.3492063492063492,0.043478260869565216,0.07692307692307693,0.0,0.4
2025,"fairbanks, pete",987,112.9,0.4084192519948688,0.0,0.08333333333333333,0.11538461538461539,0.3333333333333333,0.5,0.4230769230769231,0.08,0.037037037037037035,0.28,0.2777777777777778,0.0,0.08,0.058823529411764705,0.33
2025,"holton, tyler",1164,112.9,0.4079216478399537,0.0,0.0,0.08108108108108109,0.47058823529411764,0.47058823529411764,0.40540540540540543,0.04081632653061224,0.0379746835443038,0.24489795918367346,0.3291139240506329,0.16666666666666666,0.04081632653061224,0.08333333333333333,0.35911602209944754
2025,"matthews, zebby",1353,112.9,0.40761524976624086,0.041666666666666664,0.08333333333333333,0.07547169811320754,0.375,0.25,0.22641509433962265,0.07407407407407407,0.052083333333333336,0.24074074074074073,0.28125,0.043478260869565216,0.037037037037037035,0.17391304347826086,0.33984375
2025,"suárez, ranger",2432,112.9,0.4079738692564474,0.125,0.07407407407407407,0.09523809523809523,0.16666666666666666,0.2962962962962963,0.3492063492063492,0.06818181818181818,0.07142857142857142,0.3181818181818182,0.3469387755102041,0.0,0.03787878787878788,0.04878048780487805,0.41309255079006774
2025,"pfaadt, brandon",2931,112.8,0.40534351331097856,0.03333333333333333,0.024390243902439025,0.025,0.35,0.25609756097560976,0.2916666666666667,0.06557377049180328,0.06132075471698113,0.4262295081967213,0.36792452830188677,0.1276595744680851,0.09836065573770492,0.0851063829787234,0.39338235294117646
2025,"sale, chris",2031,112.8,0.4050433636126425,0.0625,0.07407407407407407,0.017241379310344827,0.1875,0.25925925925925924,0.29310344827586204,0.11494252873563218,0.09848484848484848,0.3563218390804598,0.3333333333333333,0.0,0.09195402298850575,0.10256410256410256,0.3247422680412371
2025,"kirby, george",2087,112.8,0.4046013529925961,0.06896551724137931,0.07407407407407407,0.12121212121212122,0.27586206896551724,0.2962962962962963,0.3939393939393939,0.041666666666666664,0.05426356589147287,0.4027777777777778,0.3798449612403101,0.0,0.027777777777777776,0.05555555555555555,0.37531486146095716
2025,"peralta, wandy",1153,112.7,0.4007087449086532,0.07692307692307693,0.13793103448275862,0.12903225806451613,0.3076923076923077,0.27586206896551724,0.3225806451612903,0.08,0.03125,0.36,0.3125,0.0,0.08,0.0,0.47674418604651164
2025,"thornton, trent",664,112.5,0.3940136648983647,0.0,0.08333333333333333,0.09375,0.125,0.25,0.28125,0.07407407407407407,0.1111111111111111,0.3333333333333333,0.3333333333333333,0.13333333333333333,0.07407407407407407,0.06666666666666667,0.41732283464566927
2025,"eflin, zach",1127,112.5,0.3950679626616676,0.08695652173913043,0.08695652173913043,0.02040816326530612,0.5217391304347826,0.4782608695652174,0.40816326530612246,0.057692307692307696,0.047619047619047616,0.38461538461538464,0.3523809523809524,0.0,0.07692307692307693,0.0,0.33663366336633666
2025,"melton, troy",656,112.4,0.3926191009840432,0.0,0.0,0.0,0.2727272727272727,0.3333333333333333,0.4,0.07692307692307693,0.09836065573770492,0.2692307692307692,0.36065573770491804,0.06666666666666667,0.038461538461538464,0.2,0.45217391304347826
2025,"finnegan, kyle",855,112.3,0.38788613017140056,0.0,0.0,0.041666666666666664,0.45454545454545453,0.35714285714285715,0.375,0.07692307692307693,0.0851063829787234,0.46153846153846156,0.40425531914893614,0.11764705882352941,0.038461538461538464,0.058823529411764705,0.33540372670807456
2025,"eisert, brandon",1239,112.2,0.3847859058621675,0.0,0.0,0.02631578947368421,0.35294117647058826,0.35714285714285715,0.42105263157894735,0.1590909090909091,0.14285714285714285,0.3409090909090909,0.3968253968253968,0.047619047619047616,0.022727272727272728,0.047619047619047616,0.4207650273224044
2025,"brown, ben",1759,112.1,0.38096842921311247,0.08823529411764706,0.07317073170731707,0.06944444444444445,0.2647058823529412,0.3170731707317073,0.375,0.06,0.04878048780487805,0.38,0.3170731707317073,0.03125,0.12,0.03125,0.38461538461538464
2025,"yarbrough, ryan",1018,112.1,0.3829849094400618,0.07692307692307693,0.07142857142857142,0.08333333333333333,0.38461538461538464,0.21428571428571427,0.25,0.10714285714285714,0.1111111111111111,0.39285714285714285,0.375,0.0,0.017857142857142856,0.047619047619047616,0.4533333333333333
2025,"freeland, kyle",2490,112.1,0.38310921809354204,0.12244897959183673,0.058823529411764705,0.07627118644067797,0.3673469387755102,0.35294117647058826,0.3474576271186441,0.04716981132075472,0.043689320388349516,0.3490566037735849,0.3058252427184466,0.1,0.07547169811320754,0.0,0.35560344827586204
2025,"enns, dietrich",757,112.1,0.3834924425611614,0.0,0.0,0.034482758620689655,0.0,0.2857142857142857,0.3448275862068966,0.06060606060606061,0.13725490196078433,0.3939393939393939,0.3333333333333333,0.2727272727272727,0.18181818181818182,0.0,0.2875816993464052
2025,"ober, bailey",2356,112.0,0.37777567632264986,0.09803921568627451,0.07142857142857142,0.06382978723404255,0.37254901960784315,0.3392857142857143,0.3191489361702128,0.020202020202020204,0.044642857142857144,0.3434343434343434,0.35267857142857145,0.12121212121212122,0.08080808080808081,0.030303030303030304,0.33259911894273125
2025,"dreyer, jack",1166,111.9,0.3765379636789313,0.0,0.0,0.037037037037037035,0.42857142857142855,0.36363636363636365,0.4074074074074074,0.0625,0.0410958904109589,0.4375,0.410958904109589,0.0,0.0625,0.16666666666666666,0.3271889400921659
2025,"eovaldi, nathan",1924,111.6,0.3665410969461416,0.125,0.0,0.05357142857142857,0.25,0.44,0.35714285714285715,0.07142857142857142,0.07792207792207792,0.38095238095238093,0.4090909090909091,0.04,0.047619047619047616,0.04,0.3333333333333333
2025,"clase, emmanuel",754,111.5,0.36266409688970225,0.0,0.125,0.047619047619047616,0.5,0.375,0.38095238095238093,0.034482758620689655,0.0392156862745098,0.3448275862068966,0.3137254901960784,0.07142857142857142,0.10344827586206896,0.07142857142857142,0.2867647058823529
2025,"de los santos, enyel",1118,111.4,0.3612770830432938,0.0625,0.0,0.11428571428571428,0.3125,0.3157894736842105,0.2857142857142857,0.057692307692307696,0.11290322580645161,0.3076923076923077,0.3387096774193548,0.17391304347826086,0.07692307692307693,0.0,0.375609756097561
2025,"lauer, eric",1690,111.3,0.35619178602032625,0.09090909090909091,0.1,0.05454545454545454,0.36363636363636365,0.4,0.41818181818181815,0.05357142857142857,0.06722689075630252,0.26785714285714285,0.2857142857142857,0.08,0.03571428571428571,0.04,0.4024390243902439
2025,"baker, bryan",1102,110.8,0.3401800746450573,0.05,0.047619047619047616,0.06060606060606061,0.35,0.42857142857142855,0.3333333333333333,0.0625,0.05660377358490566,0.3125,0.3584905660377358,0.13333333333333333,0.0625,0.06666666666666667,0.3169642857142857
2025,"priester, quinn",2469,110.8,0.33985048857906197,0.030303030303030304,0.024390243902439025,0.046875,0.36363636363636365,0.24390243902439024,0.3125,0.125,0.10101010101010101,0.35714285714285715,0.35858585858585856,0.09433962264150944,0.07142857142857142,0.07547169811320754,0.40625
2025,"matsui, yuki",1073,110.8,0.34211044096745535,0.0,0.0,0.0,0.3125,0.45454545454545453,0.4166666666666667,0.0625,0.13559322033898305,0.5,0.3050847457627119,0.038461538461538464,0.03125,0.15384615384615385,0.32608695652173914
2025,"gilbert, tyler",853,110.7,0.3375904990301874,0.1,0.09090909090909091,0.047619047619047616,0.2,0.18181818181818182,0.23809523809523808,0.17391304347826086,0.08163265306122448,0.34782608695652173,0.3469387755102041,0.09523809523809523,0.043478260869565216,0.047619047619047616,0.3783783783783784
2025,"hanifee, brenan",955,110.7,0.3374934888779046,0.2222222222222222,0.09523809523809523,0.030303030303030304,0.2222222222222222,0.2857142857142857,0.12121212121212122,0.14285714285714285,0.05,0.32142857142857145,0.21666666666666667,0.07142857142857142,0.03571428571428571,0.07142857142857142,0.4025974025974026
2025,"bender, anthony",793,110.5,0.3322254369350459,0.1,0.0,0.2777777777777778,0.3,0.25,0.3333333333333333,0.05,0.06521739130434782,0.3,0.32608695652173914,0.0,0.0,0.047619047619047616,0.3305084745762712
2025,"hart, kyle",692,110.5,0.3299278171043997,0.0,0.0,0.1875,0.125,0.14285714285714285,0.1875,0.0625,0.01694915254237288,0.40625,0.3728813559322034,0.08333333333333333,0.15625,0.16666666666666666,0.3247863247863248
2025,"darvish, yu",1160,110.5,0.3326798980725994,0.05555555555555555,0.11764705882352941,0.12121212121212122,0.3333333333333333,0.23529411764705882,0.3939393939393939,0.01818181818181818,0.03260869565217391,0.41818181818181815,0.31521739130434784,0.125,0.05454545454545454,0.041666666666666664,0.32710280373831774
2025,"burns, chase",765,110.4,0.32824221699057093,0.0,0.09090909090909091,0.08695652173913043,0.3333333333333333,0.5454545454545454,0.391304347826087,0.13043478260869565,0.030303030303030304,0.43478260869565216,0.42424242424242425,0.06666666666666667,0.043478260869565216,0.0,0.3869047619047619
2025,"webb, logan",3282,110.4,0.32787193062790554,0.09090909090909091,0.1095890410958904,0.1016949152542373,0.3409090909090909,0.4246575342465753,0.3898305084745763,0.030303030303030304,0.027522935779816515,0.2878787878787879,0.28440366972477066,0.02,0.06060606060606061,0.08,0.3895870736086176
2025,"paddack, chris",2566,110.3,0.3243695286217266,0.02,0.07352941176470588,0.0784313725490196,0.32,0.36764705882352944,0.29411764705882354,0.102803738317757,0.05472636815920398,0.3364485981308411,0.3283582089552239,0.05263157894736842,0.08411214953271028,0.10526315789473684,0.3950381679389313
2025,"young, brandon",941,110.3,0.32528964901346397,0.05263157894736842,0.058823529411764705,0.09375,0.3684210526315789,0.35294117647058826,0.3125,0.06666666666666667,0.08641975308641975,0.37777777777777777,0.38271604938271603,0.1,0.08888888888888889,0.0,0.35714285714285715
2025,"gilbert, logan",2156,110.2,0.3212443443025688,0.037037037037037035,0.08333333333333333,0.07692307692307693,0.2962962962962963,0.3333333333333333,0.4153846153846154,0.0847457627118644,0.05517241379310345,0.4067796610169492,0.31724137931034485,0.029411764705882353,0.1016949152542373,0.058823529411764705,0.38929440389294406
2025,"sugano, tomoyuki",2573,110.2,0.32116480448735707,0.05084745762711865,0.04081632653061224,0.037383177570093455,0.423728813559322,0.5510204081632653,0.42990654205607476,0.017857142857142856,0.06965174129353234,0.45535714285714285,0.39303482587064675,0.05,0.0625,0.05,0.3634361233480176
2025,"festa, david",882,110.1,0.31857103719890567,0.0,0.0,0.1,0.2777777777777778,0.2857142857142857,0.4,0.1935483870967742,0.08695652173913043,0.2903225806451613,0.34782608695652173,0.05263157894736842,0.0967741935483871,0.05263157894736842,0.37572254335260113
2025,"graceffo, gordon",756,110.0,0.31680775877251405,0.0,0.13333333333333333,0.10344827586206896,0.2222222222222222,0.26666666666666666,0.3103448275862069,0.15789473684210525,0.10526315789473684,0.42105263157894735,0.3684210526315789,0.13333333333333333,0.0,0.0,0.41843971631205673
2025,"pivetta, nick",2856,109.9,0.3128869335457234,0.0392156862745098,0.09302325581395349,0.09183673469387756,0.3333333333333333,0.3488372093023256,0.29591836734693877,0.06930693069306931,0.05555555555555555,0.33663366336633666,0.35648148148148145,0.09803921568627451,0.0594059405940594,0.0784313725490196,0.3382352941176471
2025,"mears, nick",849,109.8,0.31023769329591344,0.06666666666666667,0.07142857142857142,0.10714285714285714,0.26666666666666666,0.42857142857142855,0.32142857142857145,0.05,0.021739130434782608,0.3,0.391304347826087,0.0,0.05,0.15384615384615385,0.23369565217391305
2025,"nola, aaron",1568,109.8,0.3106706624076114,0.041666666666666664,0.04,0.09836065573770492,0.375,0.32,0.32786885245901637,0.08823529411764706,0.059322033898305086,0.4264705882352941,0.3898305084745763,0.06666666666666667,0.058823529411764705,0.06666666666666667,0.3210332103321033
2025,"coulombe, danny",720,109.5,0.3007349593089626,0.0,0.0,0.1875,0.0,0.2,0.5625,0.19047619047619047,0.10344827586206896,0.47619047619047616,0.41379310344827586,0.0,0.047619047619047616,0.0,0.3741496598639456
2025,"lee, chase",604,109.2,0.29172773592376483,0.08333333333333333,0.15384615384615385,0.05,0.3333333333333333,0.46153846153846156,0.3,0.10526315789473684,0.038461538461538464,0.42105263157894735,0.3076923076923077,0.0,0.0,0.1,0.4036697247706422
2025,"strahm, matt",995,109.0,0.284255032678673,0.16666666666666666,0.18181818181818182,0.07692307692307693,0.16666666666666666,0.09090909090909091,0.15384615384615385,0.03225806451612903,0.12280701754385964,0.1935483870967742,0.40350877192982454,0.05263157894736842,0.0967741935483871,0.05263157894736842,0.30434782608695654
2025,"luzardo, jesús",3015,109.0,0.2844803577742956,0.06666666666666667,0.12195121951219512,0.13333333333333333,0.23333333333333334,0.1951219512195122,0.24444444444444444,0.06557377049180328,0.04591836734693878,0.3360655737704918,0.32653061224489793,0.10909090909090909,0.06557377049180328,0.09090909090909091,0.396484375
2025,"bellozo, valente",1322,109.0,0.2836319142577415,0.03333333333333333,0.03571428571428571,0.07317073170731707,0.3,0.32142857142857145,0.4878048780487805,0.08333333333333333,0.04807692307692308,0.43333333333333335,0.38461538461538464,0.07692307692307693,0.06666666666666667,0.07692307692307693,0.3984375
2025,"liberatore, matthew",2390,109.0,0.2853270899940639,0.04,0.08333333333333333,0.1,0.32,0.2916666666666667,0.39,0.09090909090909091,0.05851063829787234,0.3181818181818182,0.3829787234042553,0.05,0.10227272727272728,0.05,0.35498839907192575
2025,"casparius, ben",1263,108.9,0.2796663507815743,0.058823529411764705,0.0,0.06521739130434782,0.4117647058823529,0.5714285714285714,0.391304347826087,0.05263157894736842,0.07291666666666667,0.38596491228070173,0.4791666666666667,0.0,0.03508771929824561,0.09090909090909091,0.35046728971962615
2025,"ryan, joe",2798,108.8,0.27695357838069484,0.16,0.0851063829787234,0.0821917808219178,0.42,0.2765957446808511,0.3561643835616438,0.033707865168539325,0.06842105263157895,0.29213483146067415,0.3526315789473684,0.08,0.02247191011235955,0.04,0.35751295336787564
2025,"weissert, greg",1073,108.7,0.2752723716414447,0.08333333333333333,0.09090909090909091,0.0,0.25,0.09090909090909091,0.17857142857142858,0.08695652173913043,0.0273972602739726,0.6086956521739131,0.4657534246575342,0.043478260869565216,0.043478260869565216,0.21739130434782608,0.3492063492063492
2025,"gibson, cade",917,108.6,0.27019323870081796,0.0,0.1111111111111111,0.11538461538461539,0.5,0.2222222222222222,0.38461538461538464,0.0975609756097561,0.07547169811320754,0.3902439024390244,0.3584905660377358,0.1,0.07317073170731707,0.0,0.45652173913043476
2025,"sears, jp",2366,108.5,0.2690868378394903,0.05405405405405406,0.05263157894736842,0.04938271604938271,0.2702702702702703,0.42105263157894735,0.3333333333333333,0.05813953488372093,0.06091370558375635,0.46511627906976744,0.38071065989847713,0.05,0.06976744186046512,0.125,0.376940133037694
2025,"assad, javier",567,108.5,0.2685128676378765,0.0,0.1,0.08,0.5,0.1,0.28,0.041666666666666664,0.1111111111111111,0.3333333333333333,0.4,0.0,0.125,0.13333333333333333,0.39805825242718446
2025,"wacha, michael",2666,108.4,0.26549146174951804,0.07894736842105263,0.047619047619047616,0.08,0.3684210526315789,0.30952380952380953,0.36,0.08860759493670886,0.057777777777777775,0.3670886075949367,0.40444444444444444,0.022727272727272728,0.06329113924050633,0.09090909090909091,0.38551859099804303
2025,"hendricks, kyle",2583,108.4,0.26578498281623036,0.047619047619047616,0.06666666666666667,0.0625,0.42857142857142855,0.4,0.3020833333333333,0.08433734939759036,0.0653061224489796,0.3373493975903614,0.3346938775510204,0.09523809523809523,0.09036144578313253,0.07142857142857142,0.3699788583509514
2025,"blanco, ronel",794,108.4,0.26368586400830246,0.09090909090909091,0.0,0.0625,0.2727272727272727,0.625,0.3125,0.10416666666666667,0.12903225806451613,0.4791666666666667,0.46774193548387094,0.0,0.041666666666666664,0.0,0.46825396825396826
2025,"jax, griffin",1105,108.3,0.2604711132462611,0.0,0.125,0.0,0.5,0.5,0.375,0.06896551724137931,0.07317073170731707,0.27586206896551724,0.2926829268292683,0.11764705882352941,0.13793103448275862,0.058823529411764705,0.2972972972972973
2025,"garcia, rico",589,108.2,0.2578927893932677,0.0,0.0,0.11764705882352941,0.5714285714285714,0.25,0.35294117647058826,0.08333333333333333,0.0,0.375,0.4666666666666667,0.1111111111111111,0.08333333333333333,0.1111111111111111,0.35135135135135137
2025,"suarez, robert",1086,108.2,0.2582688707892847,0.0,0.0,0.0,0.16666666666666666,0.21052631578947367,0.3333333333333333,0.06451612903225806,0.12727272727272726,0.3225806451612903,0.34545454545454546,0.14285714285714285,0.12903225806451613,0.21428571428571427,0.3726235741444867
2025,"kelly, kevin",592,108.2,0.2580076917536005,0.14285714285714285,0.1111111111111111,0.07142857142857142,0.35714285714285715,0.3333333333333333,0.39285714285714285,0.058823529411764705,0.0,0.35294117647058826,0.38235294117647056,0.14285714285714285,0.058823529411764705,0.0,0.45977011494252873
2025,"wheeler, zack",2394,108.0,0.252525170972984,0.16666666666666666,0.11764705882352941,0.057692307692307696,0.375,0.35294117647058826,0.3076923076923077,0.022727272727272728,0.04487179487179487,0.3068181818181818,0.33974358974358976,0.0,0.022727272727272728,0.13157894736842105,0.34182590233545646
2025,"desclafani, anthony",637,108.0,0.2516220858100147,0.0,0.07692307692307693,0.10526315789473684,0.3,0.23076923076923078,0.47368421052631576,0.13043478260869565,0.10416666666666667,0.391304347826087,0.3958333333333333,0.0,0.043478260869565216,0.07692307692307693,0.37254901960784315
2025,"carrasco, carlos",779,107.9,0.24947771003628885,0.0,0.0,0.0,0.4117647058823529,0.5416666666666666,0.5151515151515151,0.09375,0.09836065573770492,0.34375,0.4098360655737705,0.17647058823529413,0.03125,0.058823529411764705,0.5309734513274337
2025,"legumina, casey",869,107.9,0.24906053835266365,0.0,0.06666666666666667,0.11538461538461539,0.375,0.4666666666666667,0.34615384615384615,0.1111111111111111,0.08695652173913043,0.2777777777777778,0.2826086956521739,0.08333333333333333,0.0,0.125,0.33152173913043476
2025,"ragans, cole",1079,107.8,0.2455187397942331,0.07692307692307693,0.07692307692307693,0.11538461538461539,0.23076923076923078,0.3076923076923077,0.38461538461538464,0.09375,0.1206896551724138,0.3125,0.3793103448275862,0.0,0.125,0.0,0.3875598086124402
2025,"topa, justin",990,107.8,0.24510636569469244,0.0,0.0,0.10256410256410256,0.6,0.2222222222222222,0.41025641025641024,0.125,0.08620689655172414,0.4,0.4482758620689655,0.0,0.1,0.05555555555555555,0.36464088397790057
2025,"hancock, emerson",1423,107.8,0.24661598393033868,0.05,0.07407407407407407,0.08695652173913043,0.1,0.1111111111111111,0.34782608695652173,0.11267605633802817,0.10476190476190476,0.29577464788732394,0.4095238095238095,0.08571428571428572,0.08450704225352113,0.11428571428571428,0.3602941176470588
2025,"lorenzen, michael",2318,107.7,0.24384758608733167,0.08823529411764706,0.05263157894736842,0.034482758620689655,0.3235294117647059,0.3684210526315789,0.39080459770114945,0.08235294117647059,0.09195402298850575,0.36470588235294116,0.40804597701149425,0.06666666666666667,0.09411764705882353,0.044444444444444446,0.3583535108958838
2025,"doval, camilo",1113,107.6,0.24011638696429466,0.0,0.05555555555555555,0.07407407407407407,0.0,0.3333333333333333,0.2962962962962963,0.06666666666666667,0.1111111111111111,0.5666666666666667,0.5555555555555556,0.08571428571428572,0.06666666666666667,0.11428571428571428,0.3121951219512195
2025,"whitlock, garrett",1188,107.6,0.24108368668094463,0.0,0.07142857142857142,0.07142857142857142,0.2727272727272727,0.6428571428571429,0.35714285714285715,0.06451612903225806,0.11666666666666667,0.3548387096774194,0.36666666666666664,0.038461538461538464,0.12903225806451613,0.038461538461538464,0.33877551020408164
2025,"bibee, tanner",2975,107.5,0.23631803773431873,0.07894736842105263,0.0784313725490196,0.04878048780487805,0.2631578947368421,0.29411764705882354,0.3170731707317073,0.11764705882352941,0.08641975308641975,0.29411764705882354,0.3333333333333333,0.0847457627118644,0.07352941176470588,0.1016949152542373,0.39763779527559057
2025,"hatch, thomas",591,107.5,0.23550535884560173,0.0,0.08333333333333333,0.06666666666666667,0.4444444444444444,0.3333333333333333,0.3333333333333333,0.1388888888888889,0.08333333333333333,0.4444444444444444,0.4166666666666667,0.08333333333333333,0.0,0.08333333333333333,0.4576271186440678
2025,"castillo, luis",2988,107.5,0.23604618083968623,0.07407407407407407,0.06666666666666667,0.06521739130434782,0.3333333333333333,0.4166666666666667,0.391304347826087,0.06796116504854369,0.06818181818181818,0.32038834951456313,0.32272727272727275,0.07692307692307693,0.08737864077669903,0.07692307692307693,0.38412698412698415
2025,"gausman, kevin",3038,107.4,0.23288107033893993,0.09302325581395349,0.05357142857142857,0.11224489795918367,0.3023255813953488,0.3392857142857143,0.336734693877551,0.034782608695652174,0.03827751196172249,0.3130434782608696,0.32057416267942584,0.10416666666666667,0.09565217391304348,0.10416666666666667,0.31493506493506496
2025,"ohl, pierson",545,107.2,0.2280315233782437,0.125,0.0,0.08333333333333333,0.5,0.3,0.4166666666666667,0.05,0.038461538461538464,0.3,0.46153846153846156,0.14285714285714285,0.1,0.0,0.415929203539823
2025,"maton, phil",1017,107.1,0.22368266397201134,0.0,0.0,0.058823529411764705,0.3333333333333333,0.8,0.4117647058823529,0.09090909090909091,0.08108108108108109,0.30303030303030304,0.4864864864864865,0.03571428571428571,0.030303030303030304,0.10714285714285714,0.32515337423312884
2025,"faucher, calvin",1055,107.1,0.2251015681599551,0.125,0.0,0.05555555555555555,0.375,0.16666666666666666,0.3333333333333333,0.07407407407407407,0.10638297872340426,0.2962962962962963,0.46808510638297873,0.07692307692307693,0.037037037037037035,0.11538461538461539,0.4269005847953216
2025,"rasmussen, drew",2317,107.1,0.2237370753448158,0.08,0.17073170731707318,0.09859154929577464,0.44,0.3902439024390244,0.323943661971831,0.05063291139240506,0.06779661016949153,0.27848101265822783,0.3502824858757062,0.07317073170731707,0.05063291139240506,0.024390243902439025,0.38293216630196936
2025,"sousa, bennett",728,107.0,0.22179070566877787,0.0,0.06666666666666667,0.047619047619047616,0.4444444444444444,0.5333333333333333,0.42857142857142855,0.045454545454545456,0.06521739130434782,0.4090909090909091,0.43478260869565216,0.07692307692307693,0.09090909090909091,0.07692307692307693,0.21739130434782608
2025,"abel, mick",720,106.9,0.21882871146568636,0.0,0.0,0.0,0.3,0.18181818181818182,0.4074074074074074,0.16666666666666666,0.08695652173913043,0.3333333333333333,0.34782608695652173,0.058823529411764705,0.0,0.29411764705882354,0.3356164383561644
2025,"skenes, paul",2997,106.8,0.21621329694734473,0.07692307692307693,0.1111111111111111,0.06756756756756757,0.23076923076923078,0.2222222222222222,0.3783783783783784,0.05925925925925926,0.05092592592592592,0.43703703703703706,0.4166666666666667,0.0851063829787234,0.08888888888888889,0.0851063829787234,0.3415492957746479
2025,"fried, max",3110,106.7,0.21024171494198307,0.08333333333333333,0.0851063829787234,0.07692307692307693,0.3333333333333333,0.2978723404255319,0.2857142857142857,0.12962962962962962,0.11570247933884298,0.43209876543209874,0.4256198347107438,0.01694915254237288,0.05555555555555555,0.03389830508474576,0.3945841392649903
2025,"corbin, patrick",2590,106.6,0.2098759471963196,0.05128205128205128,0.13953488372093023,0.10101010101010101,0.358974358974359,0.37209302325581395,0.35353535353535354,0.06837606837606838,0.06779661016949153,0.37606837606837606,0.3389830508474576,0.04081632653061224,0.06837606837606838,0.061224489795918366,0.4379746835443038
2025,"weathers, ryan",642,106.5,0.20364677069273637,0.0,0.0,0.058823529411764705,0.45454545454545453,0.3333333333333333,0.29411764705882354,0.23809523809523808,0.1,0.5714285714285714,0.44,0.18181818181818182,0.0,0.0,0.3867924528301887
2025,"harrison, kyle",592,106.4,0.20065951018564485,0.0,0.0,0.13043478260869565,0.5714285714285714,0.3,0.43478260869565216,0.045454545454545456,0.1,0.36363636363636365,0.35,0.21428571428571427,0.0,0.07142857142857142,0.31896551724137934
2025,"bivens, spencer",1298,106.3,0.1981961821207027,0.06666666666666667,0.06666666666666667,0.08571428571428572,0.4,0.3333333333333333,0.34285714285714286,0.07142857142857142,0.05813953488372093,0.30357142857142855,0.38372093023255816,0.06896551724137931,0.08928571428571429,0.10344827586206896,0.34558823529411764
2025,"yamamoto, yoshinobu",2792,106.3,0.19732561960001618,0.043478260869565216,0.1,0.07246376811594203,0.2608695652173913,0.46,0.2898550724637681,0.07142857142857142,0.12562814070351758,0.3392857142857143,0.34673366834170855,0.13333333333333333,0.07142857142857142,0.05,0.37924151696606784
2025,"verlander, justin",2612,106.3,0.2001103778714664,0.07894736842105263,0.08823529411764706,0.043478260869565216,0.39473684210526316,0.3235294117647059,0.391304347826087,0.06363636363636363,0.10880829015544041,0.34545454545454546,0.3626943005181347,0.018518518518518517,0.08181818181818182,0.09259259259259259,0.34647302904564314
2025,"festa, matt",823,106.2,0.19702975339446396,0.2222222222222222,0.0,0.18181818181818182,0.3333333333333333,0.3333333333333333,0.2727272727272727,0.14285714285714285,0.02631578947368421,0.4642857142857143,0.39473684210526316,0.0,0.0,0.0,0.3006535947712418
2025,"latz, jacob",1397,106.2,0.1961060597600368,0.0,0.0,0.09090909090909091,0.2857142857142857,0.3333333333333333,0.36363636363636365,0.16279069767441862,0.09,0.37209302325581395,0.39,0.07142857142857142,0.09302325581395349,0.10714285714285714,0.39669421487603307
2025,"bazardo, eduard",1232,106.2,0.1946350340835312,0.0,0.0,0.07142857142857142,0.5,0.5454545454545454,0.5,0.125,0.046875,0.375,0.359375,0.08,0.0625,0.08,0.38181818181818183
2025,"miller, bryce",1545,106.1,0.19256054955952592,0.04,0.023809523809523808,0.046875,0.32,0.2857142857142857,0.40625,0.125,0.1834862385321101,0.3958333333333333,0.3669724770642202,0.058823529411764705,0.0625,0.058823529411764705,0.39171974522292996
2025,"romano, jordan",705,106.1,0.19140576622053393,0.0,0.0,0.058823529411764705,0.5555555555555556,0.4444444444444444,0.5294117647058824,0.041666666666666664,0.0,0.5,0.45714285714285713,0.05263157894736842,0.125,0.10526315789473684,0.45132743362831856
2025,"scott, tanner",919,106.1,0.19265866573726315,0.09090909090909091,0.06666666666666667,0.037037037037037035,0.36363636363636365,0.2,0.37037037037037035,0.043478260869565216,0.13333333333333333,0.34782608695652173,0.4,0.0,0.13043478260869565,0.10526315789473684,0.2964824120603015
2025,"long, sam",790,106.1,0.1933444778790905,0.1,0.09090909090909091,0.03571428571428571,0.5,0.2727272727272727,0.32142857142857145,0.06896551724137931,0.09523809523809523,0.41379310344827586,0.4523809523809524,0.09523809523809523,0.10344827586206896,0.0,0.32919254658385094
2025,"berríos, josé",2592,106.1,0.19210217841659757,0.08,0.058823529411764705,0.053763440860215055,0.32,0.3137254901960784,0.3118279569892473,0.12149532710280374,0.11374407582938388,0.40186915887850466,0.4218009478672986,0.07017543859649122,0.09345794392523364,0.03508771929824561,0.37236533957845436
2025,"flexen, chris",673,106.1,0.19279104529442392,0.25,0.07692307692307693,0.08333333333333333,0.25,0.38461538461538464,0.4166666666666667,0.09523809523809523,0.07407407407407407,0.19047619047619047,0.24074074074074073,0.0,0.09523809523809523,0.0,0.3308270676691729
2025,"rogers, trevor",1627,105.9,0.18678805249927627,0.14285714285714285,0.08823529411764706,0.13333333333333333,0.2857142857142857,0.35294117647058826,0.3111111111111111,0.013333333333333334,0.03669724770642202,0.30666666666666664,0.3302752293577982,0.16129032258064516,0.05333333333333334,0.06451612903225806,0.27714285714285714
2025,"muñoz, andrés",1047,105.8,0.1827118398087968,0.125,0.125,0.058823529411764705,0.375,0.25,0.35294117647058826,0.0,0.15384615384615385,0.44,0.2564102564102564,0.0,0.0,0.13793103448275862,0.3939393939393939
2025,"spence, mitch",1362,105.8,0.18462551219119686,0.10344827586206896,0.06451612903225806,0.08333333333333333,0.41379310344827586,0.3225806451612903,0.4166666666666667,0.07272727272727272,0.042105263157894736,0.43636363636363634,0.3157894736842105,0.07692307692307693,0.10909090909090909,0.038461538461538464,0.3684210526315789
2025,"hill, tim",912,105.7,0.18072153746817216,0.08333333333333333,0.0,0.045454545454545456,0.3333333333333333,0.2916666666666667,0.2727272727272727,0.05714285714285714,0.045454545454545456,0.3142857142857143,0.25757575757575757,0.18181818181818182,0.14285714285714285,0.18181818181818182,0.3048128342245989
2025,"allen, logan",2713,105.6,0.1758079145483298,0.16279069767441862,0.06382978723404255,0.0273972602739726,0.27906976744186046,0.3191489361702128,0.3013698630136986,0.10256410256410256,0.08695652173913043,0.41025641025641024,0.34782608695652173,0.047619047619047616,0.05982905982905983,0.09523809523809523,0.3542116630669546
2025,"díaz, edwin",1067,105.5,0.17269190210417723,0.16666666666666666,0.0,0.058823529411764705,0.16666666666666666,0.14285714285714285,0.47058823529411764,0.04,0.05263157894736842,0.32,0.39473684210526316,0.07142857142857142,0.12,0.14285714285714285,0.3373493975903614
2025,"woodruff, brandon",964,105.5,0.17314041360930396,0.09090909090909091,0.07142857142857142,0.04,0.36363636363636365,0.42857142857142855,0.32,0.09523809523809523,0.0975609756097561,0.23809523809523808,0.35365853658536583,0.23529411764705882,0.09523809523809523,0.0,0.2994652406417112
2025,"keller, mitch",2871,105.5,0.1748810063721931,0.0,0.0392156862745098,0.06666666666666667,0.4594594594594595,0.47058823529411764,0.4,0.061946902654867256,0.06787330316742081,0.46017699115044247,0.3755656108597285,0.18181818181818182,0.035398230088495575,0.09090909090909091,0.368141592920354
2025,"hader, josh",851,105.5,0.1729538677267988,0.0,0.16666666666666666,0.2,0.25,0.5,0.3333333333333333,0.041666666666666664,0.0851063829787234,0.2916666666666667,0.23404255319148937,0.058823529411764705,0.08333333333333333,0.058823529411764705,0.35802469135802467
2025,"gordon, tanner",1245,105.3,0.16594990694726985,0.03571428571428571,0.06060606060606061,0.07547169811320754,0.5,0.5151515151515151,0.3584905660377358,0.12727272727272726,0.06741573033707865,0.38181818181818183,0.38202247191011235,0.0,0.10909090909090909,0.05555555555555555,0.3229166666666667
2025,"seymour, carson",622,105.3,0.16577794782149888,0.16666666666666666,0.0625,0.043478260869565216,0.2777777777777778,0.3125,0.21739130434782608,0.07692307692307693,0.06976744186046512,0.38461538461538464,0.46511627906976744,0.07692307692307693,0.19230769230769232,0.0,0.4166666666666667
2025,"pagán, emilio",1069,105.2,0.16484593612070667,0.0,0.0,0.125,0.5,0.2222222222222222,0.4583333333333333,0.10714285714285714,0.10714285714285714,0.5357142857142857,0.4642857142857143,0.08333333333333333,0.03571428571428571,0.041666666666666664,0.3922413793103448
2025,"brown, hunter",2968,105.2,0.16507864971307776,0.037037037037037035,0.0,0.09090909090909091,0.48148148148148145,0.4358974358974359,0.4659090909090909,0.07352941176470588,0.10362694300518134,0.4485294117647059,0.46113989637305697,0.016666666666666666,0.07352941176470588,0.05,0.3967280163599182
2025,"kolek, stephen",1693,105.1,0.16254056617618223,0.047619047619047616,0.08695652173913043,0.08620689655172414,0.19047619047619047,0.2391304347826087,0.29310344827586204,0.07936507936507936,0.10714285714285714,0.36507936507936506,0.4357142857142857,0.14705882352941177,0.07936507936507936,0.08823529411764706,0.42574257425742573
2025,"williams, devin",1119,105.0,0.15728224196342466,0.09090909090909091,0.0,0.19230769230769232,0.2727272727272727,0.42857142857142855,0.3076923076923077,0.04,0.10416666666666667,0.4,0.4583333333333333,0.07692307692307693,0.04,0.038461538461538464,0.36097560975609755
2025,"pérez, eury",1675,105.0,0.15667290210876697,0.09523809523809523,0.13793103448275862,0.0975609756097561,0.38095238095238093,0.4482758620689655,0.43902439024390244,0.023255813953488372,0.07964601769911504,0.37209302325581395,0.336283185840708,0.0625,0.09302325581395349,0.0,0.36235955056179775
2025,"jacob, alek",586,105.0,0.1589922189038355,0.0,0.16666666666666666,0.0625,0.2,0.16666666666666666,0.375,0.16666666666666666,0.15789473684210525,0.5,0.39473684210526316,0.05263157894736842,0.03333333333333333,0.05263157894736842,0.32673267326732675
2025,"rolison, ryan",678,104.9,0.15622029692573353,0.21428571428571427,0.0,0.0,0.2857142857142857,0.29411764705882354,0.25925925925925924,0.11764705882352941,0.09803921568627451,0.29411764705882354,0.2549019607843137,0.11764705882352941,0.08823529411764706,0.11764705882352941,0.3577981651376147
2025,"seymour, ian",999,104.8,0.14994530889502178,0.09090909090909091,0.07142857142857142,0.09090909090909091,0.18181818181818182,0.35714285714285715,0.3939393939393939,0.0975609756097561,0.08196721311475409,0.4146341463414634,0.3114754098360656,0.09523809523809523,0.04878048780487805,0.09523809523809523,0.33497536945812806
2025,"pérez, martín",904,104.8,0.15004215106525343,0.043478260869565216,0.1111111111111111,0.1875,0.2608695652173913,0.2777777777777778,0.28125,0.11363636363636363,0.08450704225352113,0.36363636363636365,0.323943661971831,0.043478260869565216,0.045454545454545456,0.08695652173913043,0.36879432624113473
2025,"herget, jimmy",1287,104.8,0.1522498274776342,0.15384615384615385,0.0,0.08333333333333333,0.46153846153846156,0.23529411764705882,0.2222222222222222,0.11320754716981132,0.14942528735632185,0.3584905660377358,0.367816091954023,0.03225806451612903,0.018867924528301886,0.0967741935483871,0.355
2025,"schreiber, john",1051,104.7,0.14809750787024517,0.0,0.0625,0.07142857142857142,0.3076923076923077,0.5,0.5,0.1282051282051282,0.06451612903225806,0.38461538461538464,0.3709677419354839,0.05555555555555555,0.05128205128205128,0.1111111111111111,0.40816326530612246
2025,"kittredge, andrew",772,104.7,0.14739236900820094,0.125,0.1111111111111111,0.21052631578947367,0.25,0.2777777777777778,0.3684210526315789,0.05263157894736842,0.0,0.2631578947368421,0.175,0.1111111111111111,0.05263157894736842,0.1111111111111111,0.32894736842105265
2025,"wilson, bryse",854,104.6,0.14364580214493647,0.0,0.08695652173913043,0.06521739130434782,0.11764705882352941,0.34782608695652173,0.34782608695652173,0.05405405405405406,0.14583333333333334,0.3783783783783784,0.375,0.09523809523809523,0.10810810810810811,0.14285714285714285,0.4140127388535032
2025,"montas, frankie",709,104.6,0.1458049630327982,0.0,0.0,0.045454545454545456,0.35714285714285715,0.5454545454545454,0.45454545454545453,0.14285714285714285,0.08888888888888889,0.2857142857142857,0.28888888888888886,0.21428571428571427,0.08571428571428572,0.07142857142857142,0.4122137404580153
2025,"mclean, nolan",740,104.4,0.13945299556787605,0.125,0.0,0.0,0.625,0.5714285714285714,0.47368421052631576,0.125,0.023255813953488372,0.2916666666666667,0.4418604651162791,0.0,0.041666666666666664,0.1111111111111111,0.3963963963963964
2025,"miller, mason",981,104.4,0.13788601454105748,0.0,0.0,0.15384615384615385,0.375,0.3333333333333333,0.38461538461538464,0.0,0.13793103448275862,0.631578947368421,0.5172413793103449,0.11538461538461539,0.0,0.07692307692307693,0.38271604938271603
2025,"morgan, david",770,104.2,0.13180865229135566,0.0,0.0,0.0,0.8,0.1,0.2222222222222222,0.058823529411764705,0.225,0.4117647058823529,0.45,0.13043478260869565,0.11764705882352941,0.08695652173913043,0.4074074074074074
2025,"rea, colin",2536,104.2,0.13407088649591736,0.08333333333333333,0.1320754716981132,0.08433734939759036,0.3333333333333333,0.37735849056603776,0.3373493975903614,0.05,0.07936507936507936,0.4,0.3333333333333333,0.125,0.09,0.041666666666666664,0.3487858719646799
2025,"stroman, marcus",705,104.2,0.1323059871176634,0.07142857142857142,0.0,0.08,0.2857142857142857,0.2857142857142857,0.28,0.06896551724137931,0.16666666666666666,0.41379310344827586,0.37037037037037035,0.0,0.06896551724137931,0.17647058823529413,0.4264705882352941
2025,"vargas, carlos",1117,104.2,0.1313458295959071,0.08333333333333333,0.17647058823529413,0.0967741935483871,0.16666666666666666,0.23529411764705882,0.22580645161290322,0.07142857142857142,0.0759493670886076,0.38095238095238093,0.4050632911392405,0.08695652173913043,0.047619047619047616,0.13043478260869565,0.3241758241758242
2025,"evans, logan",1344,104.1,0.12923048664775583,0.038461538461538464,0.1,0.11627906976744186,0.2692307692307692,0.36666666666666664,0.37209302325581395,0.14545454545454545,0.11650485436893204,0.32727272727272727,0.4077669902912621,0.12121212121212122,0.01818181818181818,0.030303030303030304,0.37280701754385964
2025,"boyd, matt",2747,104.1,0.1297942664979583,0.15555555555555556,0.17073170731707318,0.12195121951219512,0.28888888888888886,0.34146341463414637,0.25609756097560976,0.06611570247933884,0.034482758620689655,0.2975206611570248,0.3103448275862069,0.09803921568627451,0.08264462809917356,0.0392156862745098,0.3765541740674956
2025,"fernandez, ryan",532,104.0,0.12751968485768483,0.0,0.0,0.1,0.5,0.2,0.4,0.1,0.06896551724137931,0.45,0.3793103448275862,0.0,0.05,0.23076923076923078,0.4090909090909091
2025,"erceg, lucas",976,104.0,0.12627984382277263,0.08333333333333333,0.09090909090909091,0.11538461538461539,0.5,0.2727272727272727,0.19230769230769232,0.058823529411764705,0.12280701754385964,0.35294117647058826,0.3508771929824561,0.10526315789473684,0.08823529411764706,0.05263157894736842,0.39080459770114945
2025,"hoffman, jeff",1132,104.0,0.12757336570045247,0.11764705882352941,0.0,0.07142857142857142,0.47058823529411764,0.35294117647058826,0.39285714285714285,0.09375,0.14285714285714285,0.28125,0.30158730158730157,0.07142857142857142,0.0625,0.07142857142857142,0.3944954128440367
2025,"estrada, jeremiah",1244,103.9,0.12323642615275841,0.16666666666666666,0.07692307692307693,0.04,0.25,0.3076923076923077,0.36,0.07407407407407407,0.08771929824561403,0.5185185185185185,0.3333333333333333,0.04,0.07407407407407407,0.08,0.41767068273092367
2025,"romero, jojo",1008,103.7,0.11547984051634141,0.14285714285714285,0.0,0.0,0.2857142857142857,0.18181818181818182,0.45454545454545453,0.14285714285714285,0.14285714285714285,0.4523809523809524,0.375,0.041666666666666664,0.023809523809523808,0.125,0.4198473282442748
2025,"nelson, ryne",2467,103.7,0.11715134113922256,0.13333333333333333,0.08888888888888889,0.05263157894736842,0.43333333333333335,0.4222222222222222,0.3815789473684211,0.06060606060606061,0.08888888888888889,0.2878787878787879,0.4111111111111111,0.06818181818181818,0.045454545454545456,0.06818181818181818,0.3629489603024575
2025,"bubic, kris",1799,103.6,0.1126273893630809,0.09523809523809523,0.16129032258064516,0.0784313725490196,0.3333333333333333,0.2903225806451613,0.2549019607843137,0.06976744186046512,0.1056338028169014,0.4069767441860465,0.4295774647887324,0.07692307692307693,0.03488372093023256,0.07692307692307693,0.2838283828382838
2025,"valdez, framber",2898,103.5,0.10985631909027213,0.08571428571428572,0.08196721311475409,0.06521739130434782,0.3142857142857143,0.2786885245901639,0.42391304347826086,0.08411214953271028,0.07655502392344497,0.411214953271028,0.39712918660287083,0.0945945945945946,0.102803738317757,0.06756756756756757,0.33186813186813185
2025,"greene, hunter",1748,103.4,0.10813852982330305,0.12,0.1,0.10869565217391304,0.52,0.45,0.3695652173913043,0.02,0.06363636363636363,0.36,0.32727272727272727,0.038461538461538464,0.06,0.07692307692307693,0.27586206896551724
2025,"lord, brad",2129,103.3,0.1035144930118547,0.07142857142857142,0.05,0.0641025641025641,0.2857142857142857,0.325,0.4230769230769231,0.07692307692307693,0.07692307692307693,0.41346153846153844,0.42657342657342656,0.022727272727272728,0.07692307692307693,0.1590909090909091,0.34545454545454546
2025,"gallen, zac",3137,103.2,0.10229195945591274,0.058823529411764705,0.05263157894736842,0.08247422680412371,0.39215686274509803,0.3333333333333333,0.36082474226804123,0.11504424778761062,0.1111111111111111,0.3274336283185841,0.2948717948717949,0.08955223880597014,0.061946902654867256,0.11940298507462686,0.41164658634538154
2025,"junis, jakob",1037,103.2,0.1005628273859415,0.09090909090909091,0.14285714285714285,0.08823529411764706,0.36363636363636365,0.42857142857142855,0.35294117647058826,0.058823529411764705,0.04918032786885246,0.29411764705882354,0.21311475409836064,0.0,0.0392156862745098,0.21052631578947367,0.33121019108280253
2025,"houser, adrian",1892,103.1,0.09937633853162159,0.08695652173913043,0.05,0.10810810810810811,0.391304347826087,0.35,0.40540540540540543,0.0375,0.10465116279069768,0.4,0.38372093023255816,0.15217391304347827,0.0875,0.021739130434782608,0.34285714285714286
2025,"iglesias, raisel",974,103.1,0.09902573358431184,0.07692307692307693,0.07692307692307693,0.10714285714285714,0.23076923076923078,0.46153846153846156,0.5714285714285714,0.038461538461538464,0.07272727272727272,0.46153846153846156,0.43636363636363634,0.058823529411764705,0.038461538461538464,0.058823529411764705,0.2857142857142857
2025,"gomber, austin",999,103.1,0.09710457994688451,0.06451612903225806,0.043478260869565216,0.045454545454545456,0.45161290322580644,0.391304347826087,0.3181818181818182,0.09090909090909091,0.07608695652173914,0.38181818181818183,0.3804347826086957,0.17647058823529413,0.12727272727272726,0.058823529411764705,0.3854166666666667
2025,"baz, shane",2724,103.0,0.09339975193255794,0.046511627906976744,0.075,0.0875,0.37209302325581395,0.35,0.375,0.10576923076923077,0.13366336633663367,0.28846153846153844,0.3069306930693069,0.05970149253731343,0.028846153846153848,0.14925373134328357,0.31285988483685223
2025,"boushley, caleb",743,103.0,0.09579252501995766,0.14285714285714285,0.08333333333333333,0.10344827586206896,0.35714285714285715,0.3333333333333333,0.41379310344827586,0.047619047619047616,0.10526315789473684,0.42857142857142855,0.3684210526315789,0.0,0.047619047619047616,0.06666666666666667,0.375
2025,"ross, joe",863,102.9,0.09101807658353576,0.11764705882352941,0.1,0.058823529411764705,0.4117647058823529,0.45,0.3235294117647059,0.13157894736842105,0.09259259259259259,0.42105263157894735,0.4074074074074074,0.05555555555555555,0.07894736842105263,0.0,0.3508771929824561
2025,"parker, mitchell",2707,102.9,0.09255120691410887,0.12,0.07692307692307693,0.08181818181818182,0.32,0.3384615384615385,0.32727272727272727,0.06666666666666667,0.1,0.35555555555555557,0.3904761904761905,0.08333333333333333,0.1,0.06666666666666667,0.3071297989031079
2025,"kelly, michael",665,102.9,0.09109969125195756,0.0,0.0,0.13333333333333333,0.5,0.3333333333333333,0.4666666666666667,0.08333333333333333,0.16216216216216217,0.5,0.4864864864864865,0.058823529411764705,0.0,0.058823529411764705,0.3431372549019608
2025,"beck, tristan",817,102.8,0.08901089220051038,0.14285714285714285,0.0625,0.12903225806451613,0.2857142857142857,0.25,0.3548387096774194,0.08695652173913043,0.10294117647058823,0.391304347826087,0.38235294117647056,0.0,0.08695652173913043,0.06666666666666667,0.3161764705882353
2025,"thielbar, caleb",842,102.7,0.08582689922324645,0.1,0.125,0.06666666666666667,0.3,0.375,0.4,0.06666666666666667,0.04,0.36666666666666664,0.44,0.0,0.0,0.2,0.3137254901960784
2025,"abbott, andrew",2677,102.7,0.08666607651801198,0.05555555555555555,0.13513513513513514,0.12643678160919541,0.3888888888888889,0.40540540540540543,0.3563218390804598,0.056451612903225805,0.0684931506849315,0.3790322580645161,0.3744292237442922,0.13043478260869565,0.06451612903225806,0.043478260869565216,0.32122370936902483
2025,"fedde, erick",2374,102.7,0.08518951649839271,0.08333333333333333,0.11428571428571428,0.10666666666666667,0.2222222222222222,0.2571428571428571,0.37333333333333335,0.13,0.11585365853658537,0.31,0.3353658536585366,0.06153846153846154,0.05,0.09230769230769231,0.4143222506393862
2025,"kelly, merrill",2835,102.7,0.0856869725897638,0.0851063829787234,0.09523809523809523,0.09278350515463918,0.2978723404255319,0.31746031746031744,0.36082474226804123,0.10569105691056911,0.07174887892376682,0.35772357723577236,0.33183856502242154,0.10638297872340426,0.08943089430894309,0.0851063829787234,0.3669201520912547
2025,"walker, taijuan",2062,102.6,0.0809711397517911,0.06666666666666667,0.15789473684210525,0.08974358974358974,0.5,0.3684210526315789,0.4358974358974359,0.08888888888888889,0.06896551724137931,0.3111111111111111,0.3563218390804598,0.022727272727272728,0.03333333333333333,0.09090909090909091,0.39255014326647564
2025,"newcomb, sean",1554,102.5,0.07743654399629543,0.0,0.09523809523809523,0.12244897959183673,0.23076923076923078,0.42857142857142855,0.4489795918367347,0.18867924528301888,0.0989010989010989,0.4339622641509434,0.43956043956043955,0.09375,0.05660377358490566,0.0,0.35494880546075086
2025,"taylor, grant",614,102.4,0.07711864163701923,0.0,0.3333333333333333,0.0,0.6666666666666666,0.5,0.2857142857142857,0.05263157894736842,0.07407407407407407,0.42105263157894735,0.3333333333333333,0.0,0.0,0.14285714285714285,0.3185840707964602
2025,"yates, kirby",762,102.3,0.07132496208050276,0.1,0.14285714285714285,0.14285714285714285,0.2,0.0,0.35714285714285715,0.09090909090909091,0.10714285714285714,0.4090909090909091,0.42857142857142855,0.0,0.045454545454545456,0.125,0.38620689655172413
2025,"bido, osvaldo",1386,102.3,0.07236625401051296,0.03333333333333333,0.06451612903225806,0.05555555555555555,0.4,0.41935483870967744,0.2962962962962963,0.09259259259259259,0.07920792079207921,0.5370370370370371,0.3069306930693069,0.07692307692307693,0.12962962962962962,0.1282051282051282,0.36964980544747084
2025,"mejia, juan",1078,102.1,0.06528691302322534,0.125,0.0,0.038461538461538464,0.375,0.4166666666666667,0.46153846153846156,0.1,0.06,0.6,0.52,0.037037037037037035,0.05,0.07407407407407407,0.36548223350253806
2025,"scott, tayler",537,101.6,0.0520091530674934,0.125,0.0,0.06666666666666667,0.375,0.4,0.2,0.08333333333333333,0.14285714285714285,0.4166666666666667,0.35714285714285715,0.0,0.08333333333333333,0.16666666666666666,0.4594594594594595
2025,"lópez, pablo",1259,101.6,0.05136535210837702,0.07692307692307693,0.11538461538461539,0.12,0.3076923076923077,0.4230769230769231,0.52,0.08,0.06382978723404255,0.36,0.3404255319148936,0.043478260869565216,0.16,0.0,0.39148936170212767
2025,"meyer, max",1040,101.6,0.0515683312240286,0.0625,0.0,0.07142857142857142,0.25,0.3333333333333333,0.38095238095238093,0.16129032258064516,0.10666666666666667,0.3548387096774194,0.29333333333333333,0.1,0.16129032258064516,0.1,0.4025157232704403
2025,"irvin, jake",2947,101.5,0.04652179627702867,0.11428571428571428,0.15517241379310345,0.08928571428571429,0.44285714285714284,0.39655172413793105,0.38392857142857145,0.08208955223880597,0.07407407407407407,0.31343283582089554,0.27983539094650206,0.046875,0.04477611940298507,0.09375,0.3365019011406844
2025,"borucki, ryan",598,101.3,0.04057131376548149,0.0,0.125,0.06666666666666667,0.2857142857142857,0.25,0.26666666666666666,0.1111111111111111,0.13043478260869565,0.5925925925925926,0.43478260869565216,0.07692307692307693,0.037037037037037035,0.15384615384615385,0.39361702127659576
2025,"burrows, mike",1542,101.2,0.03851416746001292,0.07692307692307693,0.0967741935483871,0.1111111111111111,0.34615384615384615,0.3548387096774194,0.35185185185185186,0.2,0.07339449541284404,0.4,0.3394495412844037,0.05714285714285714,0.016666666666666666,0.08571428571428572,0.36363636363636365
2025,"lazar, max",646,101.2,0.038974523486913784,0.09090909090909091,0.0,0.0,0.36363636363636365,0.3684210526315789,0.41379310344827586,0.1,0.08571428571428572,0.5,0.4857142857142857,0.2,0.05,0.1,0.38461538461538464
2025,"bachar, lake",1153,101.2,0.037474846665925654,0.1111111111111111,0.06666666666666667,0.029411764705882353,0.5,0.4666666666666667,0.3235294117647059,0.037037037037037035,0.171875,0.2222222222222222,0.421875,0.06896551724137931,0.1111111111111111,0.06896551724137931,0.36464088397790057
2025,"gómez, yoendrys",1104,101.1,0.034456320700108664,0.13636363636363635,0.058823529411764705,0.05555555555555555,0.4090909090909091,0.23529411764705882,0.3333333333333333,0.05555555555555555,0.10526315789473684,0.3888888888888889,0.3815789473684211,0.03333333333333333,0.027777777777777776,0.2,0.3640776699029126
2025,"rodríguez, eduardo",2597,101.0,0.03194706077910114,0.1,0.07547169811320754,0.03773584905660377,0.6,0.5660377358490566,0.41509433962264153,0.072992700729927,0.08333333333333333,0.40875912408759124,0.39705882352941174,0.09259259259259259,0.058394160583941604,0.037037037037037035,0.39909297052154197
2025,"abreu, bryan",1191,101.0,0.03147518525476251,0.09090909090909091,0.0,0.11764705882352941,0.45454545454545453,0.42857142857142855,0.5,0.05555555555555555,0.10416666666666667,0.2222222222222222,0.3125,0.030303030303030304,0.1111111111111111,0.12121212121212122,0.3473053892215569
2025,"pepiot, ryan",2700,101.0,0.030107563216873072,0.125,0.11764705882352941,0.06944444444444445,0.25,0.29411764705882354,0.4027777777777778,0.07692307692307693,0.125,0.3956043956043956,0.375,0.05970149253731343,0.054945054945054944,0.08955223880597014,0.36036036036036034
2025,"chafin, andrew",614,100.9,0.027175593908950132,0.0,0.0,0.13333333333333333,0.5,0.25,0.5333333333333333,0.13636363636363635,0.15625,0.45454545454545453,0.28125,0.0625,0.0,0.125,0.40707964601769914
2025,"povich, cade",1976,100.9,0.029667205082645885,0.10810810810810811,0.05,0.0684931506849315,0.4864864864864865,0.425,0.4246575342465753,0.05,0.06481481481481481,0.31666666666666665,0.3611111111111111,0.15,0.1,0.075,0.40350877192982454
2025,"senzatela, antonio",2289,100.9,0.02883544914023075,0.07317073170731707,0.07692307692307693,0.06542056074766354,0.43902439024390244,0.3384615384615385,0.38317757009345793,0.16326530612244897,0.08771929824561403,0.46938775510204084,0.3742690058479532,0.06382978723404255,0.10204081632653061,0.0425531914893617,0.37994722955145116
2025,"kikuchi, yusei",3109,100.8,0.02400107035789048,0.08333333333333333,0.07246376811594203,0.10476190476190476,0.375,0.2898550724637681,0.3619047619047619,0.1276595744680851,0.10377358490566038,0.39361702127659576,0.37735849056603776,0.05714285714285714,0.09574468085106383,0.07142857142857142,0.37540453074433655
2025,"cleavinger, garrett",874,100.7,0.02310511925091821,0.0,0.23076923076923078,0.21739130434782608,0.2857142857142857,0.38461538461538464,0.43478260869565216,0.19230769230769232,0.075,0.23076923076923078,0.25,0.0,0.038461538461538464,0.045454545454545456,0.2826086956521739
2025,"anderson, grant",1170,100.7,0.023015535245499274,0.125,0.1875,0.058823529411764705,0.375,0.375,0.38235294117647056,0.125,0.1206896551724138,0.375,0.4482758620689655,0.038461538461538464,0.025,0.0,0.4126984126984127
2025,"wentz, joey",1825,100.6,0.020256762419322248,0.07407407407407407,0.08333333333333333,0.07547169811320754,0.4074074074074074,0.4166666666666667,0.39622641509433965,0.1016949152542373,0.10377358490566038,0.3898305084745763,0.36792452830188677,0.08333333333333333,0.06779661016949153,0.08333333333333333,0.35656836461126007
2025,"ashby, aaron",1033,100.6,0.017979631301227032,0.0,0.2,0.041666666666666664,0.5,0.4,0.25,0.075,0.17543859649122806,0.4,0.40350877192982454,0.0,0.025,0.15384615384615385,0.41496598639455784
2025,"quantrill, cal",2006,100.5,0.016051492064649432,0.044444444444444446,0.1794871794871795,0.13580246913580246,0.37777777777777777,0.46153846153846156,0.38271604938271603,0.05952380952380952,0.04487179487179487,0.3333333333333333,0.3717948717948718,0.07692307692307693,0.047619047619047616,0.10256410256410256,0.4519774011299435
2025,"lugo, seth",2381,100.5,0.01513851105447704,0.044444444444444446,0.08163265306122448,0.10588235294117647,0.3111111111111111,0.3673469387755102,0.4,0.10344827586206896,0.13636363636363635,0.4367816091954023,0.4147727272727273,0.07272727272727272,0.05747126436781609,0.07272727272727272,0.43434343434343436
2025,"webb, jacob",986,100.5,0.014220403912527699,0.1,0.3,0.13793103448275862,0.4,0.3,0.4482758620689655,0.0,0.039473684210526314,0.4444444444444444,0.34210526315789475,0.0,0.044444444444444446,0.058823529411764705,0.3352601156069364
2025,"falter, bailey",1952,100.4,0.011278006349766844,0.06060606060606061,0.0975609756097561,0.08571428571428572,0.45454545454545453,0.43902439024390244,0.4,0.07058823529411765,0.10429447852760736,0.38823529411764707,0.39263803680981596,0.06666666666666667,0.07058823529411765,0.08888888888888889,0.3305084745762712
2025,"snell, blake",1033,100.3,0.008039670730283907,0.2222222222222222,0.14285714285714285,0.12,0.2222222222222222,0.2857142857142857,0.32,0.08620689655172414,0.06666666666666667,0.3275862068965517,0.4666666666666667,0.04,0.034482758620689655,0.04,0.43870967741935485
2025,"leahy, kyle",1352,100.3,0.011027787888508101,0.05555555555555555,0.2222222222222222,0.14583333333333334,0.3888888888888889,0.25925925925925924,0.20833333333333334,0.11666666666666667,0.07407407407407407,0.3333333333333333,0.345679012345679,0.07407407407407407,0.13333333333333333,0.037037037037037035,0.40229885057471265
2025,"giolito, lucas",2372,100.2,0.004878547255591097,0.0,0.05263157894736842,0.041237113402061855,0.40540540540540543,0.543859649122807,0.41237113402061853,0.09195402298850575,0.10989010989010989,0.3103448275862069,0.33516483516483514,0.1509433962264151,0.09195402298850575,0.1509433962264151,0.39952718676122934
2025,"harris, hogan",1141,100.2,0.006120500485976497,0.0,0.14285714285714285,0.06060606060606061,0.3333333333333333,0.42857142857142855,0.3939393939393939,0.09090909090909091,0.13432835820895522,0.3939393939393939,0.373134328358209,0.038461538461538464,0.06060606060606061,0.15384615384615385,0.3870967741935484
2025,"peterson, david",2703,100.1,0.002402291299788606,0.0967741935483871,0.08196721311475409,0.08080808080808081,0.4838709677419355,0.3114754098360656,0.29292929292929293,0.0660377358490566,0.0967741935483871,0.41509433962264153,0.3924731182795699,0.08955223880597014,0.09433962264150944,0.1044776119402985,0.3711111111111111
2025,"brash, matt",828,100.1,0.0028021682215526715,0.16666666666666666,0.2857142857142857,0.0625,0.3333333333333333,0.2857142857142857,0.125,0.1111111111111111,0.125,0.18518518518518517,0.40625,0.0,0.0,0.11764705882352941,0.4152542372881356
2025,"wrobleski, justin",1096,100.1,0.0023645548367017604,0.16666666666666666,0.08333333333333333,0.046511627906976744,0.5,0.375,0.3488372093023256,0.0625,0.09523809523809523,0.40625,0.30158730158730157,0.0,0.03125,0.16666666666666666,0.3274336283185841
2025,"bednar, david",1032,99.9,-0.002275226675456243,0.18181818181818182,0.16666666666666666,0.1,0.45454545454545453,0.5,0.36666666666666664,0.037037037037037035,0.02127659574468085,0.2962962962962963,0.3404255319148936,0.058823529411764705,0.07407407407407407,0.058823529411764705,0.3036649214659686
2025,"sterner, justin",1101,99.9,-0.0035718061172363104,0.07142857142857142,0.1875,0.18518518518518517,0.5,0.4375,0.37037037037037035,0.12,0.0847457627118644,0.28,0.3559322033898305,0.0,0.0,0.04,0.39712918660287083
2025,"blackburn, paul",666,99.9,-0.0016303835322864662,0.1,0.0625,0.13636363636363635,0.3,0.3125,0.36363636363636365,0.05714285714285714,0.09259259259259259,0.34285714285714286,0.4444444444444444,0.08333333333333333,0.11428571428571428,0.08333333333333333,0.3620689655172414
2025,"bradley, taj",2327,99.9,-0.002417415613440079,0.10344827586206896,0.07142857142857142,0.05405405405405406,0.4482758620689655,0.42857142857142855,0.40540540540540543,0.11827956989247312,0.09142857142857143,0.3870967741935484,0.4057142857142857,0.08928571428571429,0.08602150537634409,0.05357142857142857,0.3464203233256351
2025,"garrett, reed",987,99.8,-0.005139839543075864,0.0,0.09090909090909091,0.16,0.6,0.36363636363636365,0.24,0.125,0.10869565217391304,0.1875,0.45652173913043476,0.125,0.0625,0.08333333333333333,0.39751552795031053
2025,"chivilli, angel",1028,99.7,-0.00941088289272474,0.05263157894736842,0.041666666666666664,0.047619047619047616,0.47368421052631576,0.5,0.3333333333333333,0.08888888888888889,0.1095890410958904,0.4888888888888889,0.4657534246575342,0.038461538461538464,0.15555555555555556,0.07692307692307693,0.2948717948717949
2025,"de los santos, yerry",592,99.6,-0.011822265233587712,0.2,0.0,0.13636363636363635,0.6,0.3333333333333333,0.4090909090909091,0.1111111111111111,0.06818181818181818,0.2222222222222222,0.20454545454545456,0.07142857142857142,0.07407407407407407,0.07142857142857142,0.4270833333333333
2025,"mahle, tyler",1381,99.5,-0.015657997843007546,0.2,0.2,0.12244897959183673,0.25,0.25,0.3673469387755102,0.017857142857142856,0.05263157894736842,0.30357142857142855,0.3333333333333333,0.1111111111111111,0.05357142857142857,0.07407407407407407,0.3695652173913043
2025,"ashcraft, braxton",1107,99.4,-0.017361927070966954,0.0,0.15,0.09090909090909091,0.2222222222222222,0.25,0.36363636363636365,0.11538461538461539,0.0821917808219178,0.4423076923076923,0.3972602739726027,0.13043478260869565,0.057692307692307696,0.17391304347826086,0.2688679245283019
2025,"sands, cole",1152,99.3,-0.023650502828422112,0.2,0.1,0.02857142857142857,0.4666666666666667,0.4,0.3142857142857143,0.12121212121212122,0.0945945945945946,0.48484848484848486,0.47297297297297297,0.09523809523809523,0.030303030303030304,0.0,0.37209302325581395
2025,"canning, griffin",1343,99.2,-0.025938071786455217,0.10526315789473684,0.1,0.029411764705882353,0.2631578947368421,0.55,0.29411764705882354,0.18604651162790697,0.1411764705882353,0.37209302325581395,0.4235294117647059,0.03225806451612903,0.06976744186046512,0.06451612903225806,0.36796536796536794
2025,"estévez, carlos",1064,99.1,-0.028080307288028624,0.13333333333333333,0.07142857142857142,0.03571428571428571,0.4666666666666667,0.42857142857142855,0.42857142857142855,0.0967741935483871,0.1774193548387097,0.3225806451612903,0.20967741935483872,0.0,0.0967741935483871,0.1,0.34210526315789475
2025,"bernardino, brennan",855,99.1,-0.027397936072657825,0.0,0.25,0.2,0.14285714285714285,0.375,0.5333333333333333,0.02857142857142857,0.07142857142857142,0.3142857142857143,0.26785714285714285,0.043478260869565216,0.05714285714285714,0.13043478260869565,0.3795620437956204
2025,"salazar, eduardo",545,98.9,-0.03450080465406718,0.3333333333333333,0.07692307692307693,0.058823529411764705,0.5555555555555556,0.23076923076923078,0.29411764705882354,0.0,0.08,0.23529411764705882,0.28,0.17647058823529413,0.11764705882352941,0.0,0.3917525773195876
2025,"henriquez, ronny",1167,98.7,-0.04027557249622897,0.17647058823529413,0.125,0.043478260869565216,0.29411764705882354,0.5,0.391304347826087,0.09375,0.08928571428571429,0.34375,0.39285714285714285,0.0,0.0,0.14814814814814814,0.3684210526315789
2025,"flaherty, jack",2835,98.6,-0.04334270035545492,0.125,0.044444444444444446,0.13253012048192772,0.375,0.35555555555555557,0.3614457831325301,0.1262135922330097,0.10285714285714286,0.3786407766990291,0.3028571428571429,0.06779661016949153,0.0970873786407767,0.06779661016949153,0.4251968503937008
2025,"smith, cade",1194,98.6,-0.044884945259495275,0.16666666666666666,0.18181818181818182,0.08,0.5,0.45454545454545453,0.4,0.03333333333333333,0.05555555555555555,0.36666666666666664,0.2962962962962963,0.0,0.06666666666666667,0.1,0.3391304347826087
2025,"woods richardson, simeon",1881,98.3,-0.052439871484487394,0.12121212121212122,0.11538461538461539,0.1320754716981132,0.3939393939393939,0.2692307692307692,0.4716981132075472,0.15517241379310345,0.10191082802547771,0.3448275862068966,0.40764331210191085,0.0,0.017241379310344827,0.06382978723404255,0.3532608695652174
2025,"rutledge, jackson",1341,98.3,-0.05308401182410658,0.047619047619047616,0.043478260869565216,0.13333333333333333,0.47619047619047616,0.43478260869565216,0.5777777777777777,0.06976744186046512,0.02564102564102564,0.5348837209302325,0.44871794871794873,0.06896551724137931,0.046511627906976744,0.10344827586206896,0.39330543933054396
2025,"johnson, pierce",979,98.2,-0.05757362566661957,0.0,0.25,0.15384615384615385,0.3,0.375,0.46153846153846156,0.047619047619047616,0.08333333333333333,0.23809523809523808,0.2708333333333333,0.06666666666666667,0.0,0.2,0.3782051282051282
2025,"ohtani, shohei",753,98.2,-0.056261041040856004,0.0,0.16666666666666666,0.045454545454545456,0.75,0.6666666666666666,0.4090909090909091,0.02702702702702703,0.022222222222222223,0.4864864864864865,0.35555555555555557,0.125,0.05405405405405406,0.125,0.3602941176470588
2025,"alcalá, jorge",1062,98.0,-0.0634672776271662,0.125,0.14285714285714285,0.15384615384615385,0.25,0.2857142857142857,0.3076923076923077,0.07142857142857142,0.057692307692307696,0.42857142857142855,0.46153846153846156,0.0,0.10714285714285714,0.10714285714285714,0.36097560975609755
2025,"lively, ben",720,97.9,-0.06763506930098304,0.14285714285714285,0.125,0.07692307692307693,0.35714285714285715,0.375,0.38461538461538464,0.05263157894736842,0.0847457627118644,0.5263157894736842,0.3559322033898305,0.06666666666666667,0.10526315789473684,0.06666666666666667,0.38926174496644295
2025,"warren, will",2808,97.9,-0.06485071539257439,0.06818181818181818,0.12727272727272726,0.1,0.36363636363636365,0.36363636363636365,0.42,0.16279069767441862,0.08287292817679558,0.3372093023255814,0.35359116022099446,0.09230769230769231,0.011627906976744186,0.12307692307692308,0.37819025522041766
2025,"smith, shane",2423,97.8,-0.068908595440231,0.08,0.08888888888888889,0.07246376811594203,0.32,0.4444444444444444,0.43478260869565216,0.08860759493670886,0.12345679012345678,0.31645569620253167,0.37037037037037035,0.12121212121212122,0.0759493670886076,0.10606060606060606,0.3506787330316742
2025,"schmidt, clarke",1227,97.6,-0.07695600468833567,0.0,0.23076923076923078,0.16666666666666666,0.14285714285714285,0.46153846153846156,0.3333333333333333,0.07692307692307693,0.09734513274336283,0.3269230769230769,0.30973451327433627,0.03333333333333333,0.07692307692307693,0.16666666666666666,0.34418604651162793
2025,"montgomery, mason",859,97.6,-0.07464048575063861,0.14285714285714285,0.0,0.23809523809523808,0.2857142857142857,0.14285714285714285,0.2857142857142857,0.17857142857142858,0.041666666666666664,0.35714285714285715,0.3333333333333333,0.07692307692307693,0.03571428571428571,0.15384615384615385,0.3148148148148148
2025,"fitts, richard",735,97.6,-0.07532472605724519,0.17647058823529413,0.15384615384615385,0.037037037037037035,0.17647058823529413,0.3076923076923077,0.14814814814814814,0.11764705882352941,0.125,0.2647058823529412,0.375,0.0,0.08823529411764706,0.21052631578947367,0.3717948717948718
2025,"mattson, isaac",786,97.4,-0.08286454782119675,0.14285714285714285,0.0,0.17647058823529413,0.5714285714285714,0.375,0.47058823529411764,0.2222222222222222,0.07692307692307693,0.3888888888888889,0.2564102564102564,0.0,0.0,0.0625,0.3136094674556213
2025,"vásquez, randy",2153,97.2,-0.08742209226662105,0.044444444444444446,0.08695652173913043,0.0821917808219178,0.3333333333333333,0.34782608695652173,0.4657534246575342,0.10101010101010101,0.13218390804597702,0.3838383838383838,0.39080459770114945,0.05660377358490566,0.0707070707070707,0.1509433962264151,0.4
2025,"bassitt, chris",2836,97.2,-0.08995977733402151,0.13953488372093023,0.1836734693877551,0.1588785046728972,0.37209302325581395,0.3469387755102041,0.411214953271028,0.051094890510948905,0.07373271889400922,0.3795620437956204,0.3870967741935484,0.03333333333333333,0.0364963503649635,0.06666666666666667,0.3937007874015748
2025,"cannon, jonathan",1799,97.0,-0.09508742103838767,0.05555555555555555,0.1282051282051282,0.1111111111111111,0.3888888888888889,0.41025641025641024,0.375,0.0684931506849315,0.11851851851851852,0.4246575342465753,0.42962962962962964,0.12195121951219512,0.0684931506849315,0.07317073170731707,0.3893805309734513
2025,"márquez, germán",2091,97.0,-0.09434612287691933,0.10204081632653061,0.0847457627118644,0.11827956989247312,0.42857142857142855,0.4067796610169492,0.3978494623655914,0.05952380952380952,0.0913978494623656,0.34523809523809523,0.3387096774193548,0.10416666666666667,0.09523809523809523,0.10416666666666667,0.40502793296089384
2025,"elder, bryce",2519,96.9,-0.09836803359214336,0.18421052631578946,0.11320754716981132,0.10638297872340426,0.39473684210526316,0.3584905660377358,0.32978723404255317,0.05084745762711865,0.06930693069306931,0.3050847457627119,0.36633663366336633,0.10714285714285714,0.09322033898305085,0.08928571428571429,0.38271604938271603
2025,"milner, hoby",1170,96.9,-0.09834459720986365,0.07142857142857142,0.2,0.19230769230769232,0.5714285714285714,0.6,0.46153846153846156,0.1,0.04054054054054054,0.4,0.3108108108108108,0.0,0.05,0.0,0.36018957345971564
2025,"springs, jeffrey",2849,96.8,-0.10016249144870489,0.12195121951219512,0.046511627906976744,0.1782178217821782,0.36585365853658536,0.37209302325581395,0.42574257425742573,0.10852713178294573,0.0779816513761468,0.4263565891472868,0.38073394495412843,0.017543859649122806,0.09302325581395349,0.07017543859649122,0.3968957871396896
2025,"wilson, steven",982,96.8,-0.10088742194402643,0.125,0.0,0.07142857142857142,0.25,0.375,0.5357142857142857,0.16666666666666666,0.1346153846153846,0.625,0.5192307692307693,0.15,0.0,0.0,0.3314917127071823
2025,"alcántara, sandy",2893,96.8,-0.10062681988028954,0.15217391304347827,0.07692307692307693,0.12280701754385964,0.43478260869565216,0.38461538461538464,0.3684210526315789,0.09433962264150944,0.10047846889952153,0.3490566037735849,0.3444976076555024,0.1111111111111111,0.10377358490566038,0.031746031746031744,0.34523809523809523
2025,"vodnik, victor",927,96.7,-0.10547544320973602,0.09090909090909091,0.05555555555555555,0.041666666666666664,0.36363636363636365,0.5,0.2916666666666667,0.1,0.175,0.35,0.425,0.13043478260869565,0.1,0.08695652173913043,0.42948717948717946
2025,"heaney, andrew",2085,96.6,-0.10629625769509045,0.10256410256410256,0.06521739130434782,0.07407407407407407,0.38461538461538464,0.391304347826087,0.345679012345679,0.15,0.10135135135135136,0.425,0.43243243243243246,0.043478260869565216,0.1,0.10869565217391304,0.30569948186528495
2025,"miller, shelby",720,96.5,-0.11203853330151183,0.16666666666666666,0.23076923076923078,0.21052631578947367,0.5,0.38461538461538464,0.21052631578947367,0.05,0.0,0.4,0.3055555555555556,0.0,0.1,0.06666666666666667,0.3178294573643411
2025,"roupp, landen",1853,96.4,-0.11503073393073061,0.07407407407407407,0.058823529411764705,0.10526315789473684,0.5555555555555556,0.5588235294117647,0.5087719298245614,0.10843373493975904,0.06716417910447761,0.37349397590361444,0.35074626865671643,0.11363636363636363,0.03614457831325301,0.09090909090909091,0.33941605839416056
2025,"cease, dylan",3052,96.3,-0.1160480247669265,0.08571428571428572,0.14285714285714285,0.05405405405405406,0.37142857142857144,0.37142857142857144,0.35135135135135137,0.09574468085106383,0.13372093023255813,0.44680851063829785,0.45930232558139533,0.07042253521126761,0.031914893617021274,0.1267605633802817,0.4110320284697509
2025,"megill, trevor",765,96.3,-0.11580197399636652,0.14285714285714285,0.15384615384615385,0.1,0.5714285714285714,0.46153846153846156,0.45,0.0,0.1111111111111111,0.1875,0.19444444444444445,0.14285714285714285,0.1875,0.0,0.41605839416058393
2025,"fisher, braydon",839,96.2,-0.11916858726861701,0.125,0.125,0.08695652173913043,0.5,0.5,0.4782608695652174,0.07692307692307693,0.1282051282051282,0.46153846153846156,0.358974358974359,0.0,0.038461538461538464,0.058823529411764705,0.3656716417910448
2025,"bird, jake",975,96.2,-0.12044475962676633,0.1,0.05263157894736842,0.07692307692307693,0.7,0.3157894736842105,0.34615384615384615,0.05263157894736842,0.05555555555555555,0.3684210526315789,0.4074074074074074,0.1,0.13157894736842105,0.15,0.3194444444444444
2025,"walker, ryan",1024,96.2,-0.12022149318377147,0.0,0.21428571428571427,0.09375,0.42857142857142855,0.6428571428571429,0.28125,0.14634146341463414,0.10416666666666667,0.5365853658536586,0.4166666666666667,0.043478260869565216,0.07317073170731707,0.043478260869565216,0.3333333333333333
2025,"cruz, steven",646,96.1,-0.12460232686322274,0.14285714285714285,0.125,0.08333333333333333,0.14285714285714285,0.25,0.3333333333333333,0.16,0.15217391304347827,0.36,0.5,0.0625,0.0,0.125,0.27927927927927926
2025,"ginn, j. t.",1580,95.6,-0.13887671695269485,0.125,0.03225806451612903,0.08695652173913043,0.2916666666666667,0.16129032258064516,0.34782608695652173,0.09859154929577464,0.09900990099009901,0.6197183098591549,0.5346534653465347,0.058823529411764705,0.08450704225352113,0.14705882352941177,0.4774774774774775
2025,"pallante, andre",2722,95.6,-0.13967347737496055,0.125,0.11864406779661017,0.16470588235294117,0.28125,0.3559322033898305,0.38823529411764707,0.06299212598425197,0.07727272727272727,0.41732283464566927,0.38636363636363635,0.12307692307692308,0.08661417322834646,0.06153846153846154,0.4441860465116279
2025,"bello, brayan",2698,95.6,-0.13986644199786746,0.06060606060606061,0.12,0.06896551724137931,0.42424242424242425,0.42,0.4367816091954023,0.15151515151515152,0.12093023255813953,0.3333333333333333,0.3813953488372093,0.08695652173913043,0.045454545454545456,0.11594202898550725,0.42083333333333334
2025,"cameron, noah",2167,95.5,-0.1414037036032223,0.13043478260869565,0.08571428571428572,0.1038961038961039,0.5217391304347826,0.34285714285714286,0.37662337662337664,0.08108108108108109,0.07777777777777778,0.36936936936936937,0.38333333333333336,0.12195121951219512,0.08108108108108109,0.0975609756097561,0.3536231884057971
2025,"jackson, luke",802,95.4,-0.14362468948117046,0.14285714285714285,0.07142857142857142,0.058823529411764705,0.42857142857142855,0.35714285714285715,0.47058823529411764,0.2,0.11538461538461539,0.4,0.4230769230769231,0.043478260869565216,0.06666666666666667,0.043478260869565216,0.2846153846153846
2025,"anderson, tyler",2353,95.4,-0.14562935393796958,0.10638297872340426,0.1282051282051282,0.11904761904761904,0.3191489361702128,0.4358974358974359,0.40476190476190477,0.09345794392523364,0.0625,0.3644859813084112,0.34375,0.05555555555555555,0.056074766355140186,0.16666666666666666,0.3617021276595745
2025,"enright, nic",532,95.2,-0.15231369996141292,0.0,0.25,0.16666666666666666,0.25,0.25,0.5,0.1,0.23333333333333334,0.45,0.43333333333333335,0.0,0.05,0.0,0.3050847457627119
2025,"javier, cristian",618,95.0,-0.15706572346484865,0.0,0.14285714285714285,0.05,0.5,0.42857142857142855,0.4,0.16,0.18867924528301888,0.6,0.49056603773584906,0.0625,0.0,0.0625,0.4380952380952381
2025,"molina, anthony",611,94.9,-0.16150950885820603,0.0,0.0,0.0,0.5454545454545454,0.5,0.4090909090909091,0.045454545454545456,0.08571428571428572,0.45454545454545453,0.45714285714285713,0.25,0.22727272727272727,0.125,0.4235294117647059
2025,"durán, jhoan",1086,94.9,-0.16144395811912812,0.14285714285714285,0.043478260869565216,0.037037037037037035,0.5714285714285714,0.5652173913043478,0.5925925925925926,0.046511627906976744,0.08695652173913043,0.46511627906976744,0.391304347826087,0.0,0.09302325581395349,0.1111111111111111,0.2966507177033493
2025,"lucchesi, joey",637,94.6,-0.17034670071722838,0.14285714285714285,0.16666666666666666,0.1,0.2857142857142857,0.3333333333333333,0.45,0.11538461538461539,0.14285714285714285,0.38461538461538464,0.40816326530612246,0.0,0.15384615384615385,0.0,0.3394495412844037
2025,"rodón, carlos",3213,94.5,-0.17356259067567462,0.17647058823529413,0.16666666666666666,0.08333333333333333,0.4117647058823529,0.4166666666666667,0.3472222222222222,0.10077519379844961,0.08620689655172414,0.34108527131782945,0.35344827586206895,0.06493506493506493,0.07751937984496124,0.07792207792207792,0.41222879684418146
2025,"leasure, jordan",1133,94.5,-0.1729558261607572,0.13333333333333333,0.09090909090909091,0.13636363636363635,0.5333333333333333,0.5454545454545454,0.45454545454545453,0.125,0.10909090909090909,0.3125,0.41818181818181815,0.07142857142857142,0.0,0.03571428571428571,0.3835616438356164
2025,"martin, davis",2315,94.1,-0.18619520283395732,0.07142857142857142,0.13559322033898305,0.08888888888888889,0.5,0.3389830508474576,0.4444444444444444,0.061224489795918366,0.0893854748603352,0.45918367346938777,0.4301675977653631,0.1509433962264151,0.10204081632653061,0.07547169811320754,0.3741648106904232
2025,"phillips, tyler",1114,94.0,-0.18810023157693545,0.09090909090909091,0.0,0.06060606060606061,0.7272727272727273,0.5555555555555556,0.45454545454545453,0.09090909090909091,0.11956521739130435,0.45454545454545453,0.3695652173913043,0.08,0.11363636363636363,0.08,0.37333333333333335
2025,"misiorowski, jacob",1165,93.9,-0.19254327975932092,0.09090909090909091,0.0,0.08333333333333333,0.6363636363636364,0.25,0.5,0.1,0.0847457627118644,0.43333333333333335,0.3559322033898305,0.03225806451612903,0.03333333333333333,0.25806451612903225,0.32677165354330706
2025,"brazobán, huascar",1017,93.9,-0.19293395554046436,0.08333333333333333,0.1111111111111111,0.041666666666666664,0.6666666666666666,0.4444444444444444,0.4166666666666667,0.08888888888888889,0.11290322580645161,0.37777777777777777,0.41935483870967744,0.0,0.06666666666666667,0.1724137931034483,0.34536082474226804
2025,"lynch, daniel",1092,93.9,-0.19354782915319663,0.14285714285714285,0.06666666666666667,0.06666666666666667,0.5714285714285714,0.5333333333333333,0.4666666666666667,0.045454545454545456,0.04225352112676056,0.4090909090909091,0.352112676056338,0.07692307692307693,0.09090909090909091,0.15384615384615385,0.38666666666666666
2025,"senga, kodai",1908,93.9,-0.19250979413463756,0.041666666666666664,0.08571428571428572,0.12244897959183673,0.4166666666666667,0.3142857142857143,0.3469387755102041,0.16049382716049382,0.14184397163120568,0.48148148148148145,0.46808510638297873,0.07547169811320754,0.09876543209876543,0.07547169811320754,0.3987138263665595
2025,"rocker, kumar",1128,93.8,-0.19468635188825884,0.17391304347826086,0.1,0.06976744186046512,0.391304347826087,0.36666666666666664,0.3488372093023256,0.045454545454545456,0.0547945205479452,0.3181818181818182,0.3835616438356164,0.20833333333333334,0.11363636363636363,0.125,0.3287671232876712
2025,"blalock, bradley",1035,93.7,-0.19848518612940796,0.08,0.06451612903225806,0.0625,0.6,0.3225806451612903,0.3333333333333333,0.10869565217391304,0.1686746987951807,0.43478260869565216,0.46987951807228917,0.13043478260869565,0.13043478260869565,0.043478260869565216,0.40425531914893614
2025,"gusto, ryan",1762,93.7,-0.19900468044785335,0.10714285714285714,0.12121212121212122,0.11290322580645161,0.5,0.42424242424242425,0.3225806451612903,0.04918032786885246,0.1,0.36065573770491804,0.375,0.10256410256410256,0.09836065573770492,0.1282051282051282,0.3554913294797688
2025,"funderburk, kody",730,93.7,-0.20031826472369238,0.0,0.2222222222222222,0.09090909090909091,0.5,0.6666666666666666,0.36363636363636365,0.058823529411764705,0.11764705882352941,0.47058823529411764,0.5,0.10526315789473684,0.058823529411764705,0.05263157894736842,0.3504273504273504
2025,"hernández, carlos",761,93.6,-0.20166044578788064,0.14285714285714285,0.07692307692307693,0.125,0.5714285714285714,0.5384615384615384,0.5625,0.13333333333333333,0.09523809523809523,0.3333333333333333,0.40476190476190477,0.043478260869565216,0.0,0.043478260869565216,0.35507246376811596
2025,"winn, cole",627,93.3,-0.21220603949616001,0.125,0.07142857142857142,0.21428571428571427,0.375,0.5,0.5,0.0,0.06451612903225806,0.3157894736842105,0.25806451612903225,0.125,0.15789473684210525,0.0625,0.504424778761062
2025,"soriano, george",696,93.3,-0.21031057667716643,0.23529411764705882,0.16666666666666666,0.037037037037037035,0.47058823529411764,0.4166666666666667,0.2962962962962963,0.09090909090909091,0.1111111111111111,0.18181818181818182,0.25925925925925924,0.05263157894736842,0.13636363636363635,0.10526315789473684,0.34959349593495936
2025,"bieber, shane",645,93.2,-0.21326067549272873,0.14285714285714285,0.125,0.14285714285714285,0.5714285714285714,0.5625,0.47619047619047616,0.0,0.04878048780487805,0.5384615384615384,0.43902439024390244,0.125,0.07692307692307693,0.0,0.36633663366336633
2025,"cabrera, edward",2253,93.0,-0.22030378782265098,0.16129032258064516,0.1111111111111111,0.1095890410958904,0.3870967741935484,0.4444444444444444,0.3424657534246575,0.0963855421686747,0.16339869281045752,0.27710843373493976,0.45098039215686275,0.05454545454545454,0.060240963855421686,0.07272727272727272,0.37168141592920356
2025,"singer, brady",2850,92.6,-0.23251082159802702,0.12195121951219512,0.11320754716981132,0.09900990099009901,0.4634146341463415,0.39622641509433965,0.38613861386138615,0.09375,0.1,0.4895833333333333,0.4,0.0684931506849315,0.09375,0.0958904109589041,0.39789473684210525
2025,"rodríguez, yariel",1172,92.2,-0.24526489474329044,0.1111111111111111,0.0,0.1875,0.5555555555555556,0.2857142857142857,0.46875,0.10638297872340426,0.16071428571428573,0.425531914893617,0.44642857142857145,0.02857142857142857,0.0425531914893617,0.08571428571428572,0.425531914893617
2025,"helsley, ryan",994,92.2,-0.24603911110954368,0.08333333333333333,0.09090909090909091,0.06896551724137931,0.16666666666666666,0.36363636363636365,0.4482758620689655,0.045454545454545456,0.09302325581395349,0.45454545454545453,0.5813953488372093,0.18181818181818182,0.13636363636363635,0.13636363636363635,0.27860696517412936
2025,"may, dustin",2182,92.2,-0.24572577724841072,0.11428571428571428,0.16,0.12643678160919541,0.2571428571428571,0.4,0.39080459770114945,0.11904761904761904,0.10126582278481013,0.42857142857142855,0.34810126582278483,0.16129032258064516,0.05952380952380952,0.08064516129032258,0.3178294573643411
2025,"hicks, jordan",1203,92.2,-0.24633414339153215,0.1,0.16666666666666666,0.23076923076923078,0.5,0.2222222222222222,0.41025641025641024,0.06976744186046512,0.13580246913580246,0.2558139534883721,0.4567901234567901,0.027777777777777776,0.06976744186046512,0.05555555555555555,0.35135135135135137
2025,"knack, landon",773,92.0,-0.25311213926746007,0.16666666666666666,0.07692307692307693,0.19230769230769232,0.3888888888888889,0.23076923076923078,0.4230769230769231,0.11538461538461539,0.13043478260869565,0.19230769230769232,0.30434782608695654,0.05,0.038461538461538464,0.15,0.46405228758169936
2025,"sasaki, roki",624,92.0,-0.25145036397609166,0.0,0.1111111111111111,0.058823529411764705,0.4166666666666667,0.4444444444444444,0.47058823529411764,0.2,0.23404255319148937,0.45,0.44680851063829785,0.0,0.0,0.13636363636363635,0.37
2025,"cantillo, joey",1637,91.7,-0.2634450075976696,0.1875,0.10714285714285714,0.1111111111111111,0.375,0.42857142857142855,0.4,0.061224489795918366,0.11764705882352941,0.2857142857142857,0.38235294117647056,0.05263157894736842,0.08163265306122448,0.13157894736842105,0.3673469387755102
2025,"holmes, grant",1970,91.6,-0.2636719437677437,0.13793103448275862,0.10344827586206896,0.11320754716981132,0.27586206896551724,0.3103448275862069,0.3584905660377358,0.1267605633802817,0.13934426229508196,0.4647887323943662,0.4672131147540984,0.03508771929824561,0.09859154929577464,0.10526315789473684,0.33613445378151263
2025,"ferguson, tyler",998,91.6,-0.2659732926889418,0.1,0.2222222222222222,0.21052631578947367,0.4,0.1111111111111111,0.2631578947368421,0.07407407407407407,0.13636363636363635,0.3333333333333333,0.4318181818181818,0.06451612903225806,0.037037037037037035,0.12903225806451613,0.3817204301075269
2025,"barlow, scott",1286,91.6,-0.2659321340618899,0.0,0.0,0.17142857142857143,0.2727272727272727,0.4,0.5142857142857142,0.1388888888888889,0.2037037037037037,0.4166666666666667,0.4444444444444444,0.11627906976744186,0.027777777777777776,0.13953488372093023,0.35294117647058826
2025,"burke, sean",2380,91.4,-0.27247684077726764,0.1,0.18604651162790697,0.10344827586206896,0.3,0.4186046511627907,0.3333333333333333,0.09090909090909091,0.0872093023255814,0.4090909090909091,0.5174418604651163,0.10606060606060606,0.056818181818181816,0.13636363636363635,0.3440366972477064
2025,"cavalli, cade",790,91.4,-0.27140820811540844,0.16666666666666666,0.18181818181818182,0.2413793103448276,0.3333333333333333,0.45454545454545453,0.41379310344827586,0.12,0.08771929824561403,0.34,0.38596491228070173,0.0,0.06,0.0,0.3884297520661157
2025,"waldrep, hurston",887,91.4,-0.27209667491338735,0.16666666666666666,0.1,0.03125,0.5,0.6,0.53125,0.029411764705882353,0.08196721311475409,0.4411764705882353,0.5081967213114754,0.08333333333333333,0.029411764705882353,0.125,0.417910447761194
2025,"severino, luis",2735,91.2,-0.27840574579545985,0.16129032258064516,0.14893617021276595,0.12,0.45161290322580644,0.425531914893617,0.38,0.06206896551724138,0.06930693069306931,0.36551724137931035,0.38613861386138615,0.125,0.0896551724137931,0.09375,0.37174721189591076
2025,"holmes, clay",2766,91.0,-0.28310795784503384,0.12121212121212122,0.11538461538461539,0.1348314606741573,0.3333333333333333,0.4423076923076923,0.3707865168539326,0.06722689075630252,0.1111111111111111,0.4117647058823529,0.4583333333333333,0.0945945945945946,0.07563025210084033,0.12162162162162163,0.38913043478260867
2025,"rogers, taylor",899,90.8,-0.2889327439782021,0.23076923076923078,0.07142857142857142,0.16,0.5384615384615384,0.42857142857142855,0.36,0.07692307692307693,0.09302325581395349,0.34615384615384615,0.37209302325581395,0.05,0.038461538461538464,0.1,0.30434782608695654
2025,"mlodzinski, carmen",1648,90.7,-0.29501786184309065,0.17647058823529413,0.14814814814814814,0.11290322580645161,0.47058823529411764,0.5555555555555556,0.43548387096774194,0.08928571428571429,0.06956521739130435,0.42857142857142855,0.3130434782608696,0.10344827586206896,0.05357142857142857,0.06896551724137931,0.41114982578397213
2025,"kerkering, orion",1083,90.7,-0.2945866699497117,0.18181818181818182,0.1111111111111111,0.10344827586206896,0.36363636363636365,0.2222222222222222,0.3448275862068966,0.1111111111111111,0.17307692307692307,0.4166666666666667,0.40384615384615385,0.037037037037037035,0.08333333333333333,0.1111111111111111,0.34444444444444444
2025,"quintana, jose",2177,90.2,-0.30956763829689216,0.10810810810810811,0.1111111111111111,0.10975609756097561,0.40540540540540543,0.4444444444444444,0.4268292682926829,0.10476190476190476,0.07100591715976332,0.38095238095238093,0.4437869822485207,0.05555555555555555,0.09523809523809523,0.16666666666666666,0.4224137931034483
2025,"orze, eric",685,90.1,-0.3120604820424218,0.16666666666666666,0.125,0.0,0.3333333333333333,0.375,0.3125,0.2608695652173913,0.13953488372093023,0.4782608695652174,0.46511627906976744,0.05263157894736842,0.043478260869565216,0.10526315789473684,0.49242424242424243
2025,"kershaw, clayton",1772,89.9,-0.3196744113055286,0.21428571428571427,0.1388888888888889,0.12727272727272726,0.42857142857142855,0.3333333333333333,0.32727272727272727,0.06097560975609756,0.072992700729927,0.32926829268292684,0.35766423357664234,0.08108108108108109,0.10975609756097561,0.13513513513513514,0.375
2025,"bergert, ryan",1316,89.9,-0.3175250324814783,0.13333333333333333,0.21428571428571427,0.13043478260869565,0.6,0.35714285714285715,0.391304347826087,0.14285714285714285,0.0989010989010989,0.22857142857142856,0.37362637362637363,0.0,0.02857142857142857,0.13333333333333333,0.3705179282868526
2025,"cortés, néstor",599,89.9,-0.31878684616432185,0.07142857142857142,0.07692307692307693,0.09090909090909091,0.21428571428571427,0.46153846153846156,0.5909090909090909,0.15384615384615385,0.10869565217391304,0.46153846153846156,0.41304347826086957,0.05555555555555555,0.07692307692307693,0.16666666666666666,0.3764705882352941
2025,"soriano, josé",2784,89.9,-0.31885269270722166,0.0625,0.10666666666666667,0.11842105263157894,0.46875,0.4666666666666667,0.5263157894736842,0.12,0.10552763819095477,0.42,0.45226130653266333,0.10843373493975904,0.1,0.07228915662650602,0.3783132530120482
2025,"leiter, mark",832,89.3,-0.3374297455560344,0.0,0.16666666666666666,0.13636363636363635,0.4,0.3333333333333333,0.45454545454545453,0.2,0.13953488372093023,0.44,0.4186046511627907,0.05555555555555555,0.08,0.1111111111111111,0.42857142857142855
2025,"wilson, justin",832,89.3,-0.33695374184669186,0.2857142857142857,0.16666666666666666,0.1,0.2857142857142857,0.5,0.4,0.09523809523809523,0.1111111111111111,0.38095238095238093,0.4074074074074074,0.0,0.047619047619047616,0.058823529411764705,0.3841059602649007
2025,"hoglund, gunnar",548,89.2,-0.3410611856732674,0.0625,0.05555555555555555,0.10526315789473684,0.375,0.3888888888888889,0.3684210526315789,0.0,0.07894736842105263,0.42105263157894735,0.5,0.0,0.21052631578947367,0.3,0.34831460674157305
2025,"little, brendon",1252,89.1,-0.34444405880173,0.1111111111111111,0.14285714285714285,0.058823529411764705,0.4444444444444444,0.2857142857142857,0.5882352941176471,0.09090909090909091,0.2127659574468085,0.3939393939393939,0.3617021276595745,0.10256410256410256,0.030303030303030304,0.10256410256410256,0.5
2025,"buttó, josé",1106,89.0,-0.3456517398824397,0.125,0.13636363636363635,0.0,0.4375,0.5,0.5862068965517241,0.1935483870967742,0.21666666666666667,0.3225806451612903,0.38333333333333336,0.0,0.06451612903225806,0.07142857142857142,0.4147727272727273
2025,"murphy, chris",573,89.0,-0.34755690869400974,0.0,0.0,0.09090909090909091,0.3333333333333333,0.4,0.36363636363636365,0.16666666666666666,0.1951219512195122,0.3888888888888889,0.4146341463414634,0.045454545454545456,0.1111111111111111,0.2727272727272727,0.43333333333333335
2025,"glasnow, tyler",1484,88.8,-0.35497610125612333,0.11764705882352941,0.06666666666666667,0.11428571428571428,0.5294117647058824,0.4666666666666667,0.5142857142857142,0.16326530612244897,0.14285714285714285,0.40816326530612246,0.4387755102040816,0.022727272727272728,0.02040816326530612,0.11363636363636363,0.36752136752136755
2025,"montero, rafael",1096,88.6,-0.35993150775230287,0.0,0.3,0.1875,0.375,0.1,0.1875,0.2,0.16666666666666666,0.3,0.4074074074074074,0.125,0.05,0.125,0.4
2025,"garcía, luis",914,88.5,-0.3620890251876028,0.14285714285714285,0.11764705882352941,0.13333333333333333,0.2857142857142857,0.6470588235294118,0.5333333333333333,0.08333333333333333,0.09523809523809523,0.4583333333333333,0.3333333333333333,0.2,0.041666666666666664,0.05,0.3764705882352941
2025,"waddell, brandon",513,88.4,-0.36492070057325254,0.1,0.0,0.0,0.5,0.375,0.4166666666666667,0.10526315789473684,0.1,0.3684210526315789,0.35,0.0,0.21052631578947367,0.3333333333333333,0.375
2025,"adams, travis",664,88.3,-0.3692256919996287,0.15384615384615385,0.125,0.10714285714285714,0.23076923076923078,0.125,0.35714285714285715,0.037037037037037035,0.06666666666666667,0.48148148148148145,0.43333333333333335,0.0,0.1111111111111111,0.3333333333333333,0.4672131147540984
2025,"dana, caden",563,88.2,-0.3715940185175213,0.125,0.0,0.25,0.375,0.25,0.4,0.20833333333333334,0.11428571428571428,0.4166666666666667,0.42857142857142855,0.05555555555555555,0.125,0.05555555555555555,0.3950617283950617
2025,"herrin, tim",756,88.2,-0.37364824605282715,0.0,0.0,0.058823529411764705,0.25,0.6666666666666666,0.4117647058823529,0.2,0.3076923076923077,0.5,0.46153846153846156,0.06451612903225806,0.05,0.12903225806451613,0.3867924528301887
2025,"alexander, jason",1252,88.2,-0.37355335986199567,0.25,0.2,0.125,0.3,0.4857142857142857,0.4375,0.0392156862745098,0.1111111111111111,0.3333333333333333,0.3333333333333333,0.14814814814814814,0.09803921568627451,0.0,0.5116279069767442
2025,"morton, charlie",2559,87.9,-0.38275921598895984,0.15151515151515152,0.14285714285714285,0.14772727272727273,0.3939393939393939,0.23809523809523808,0.3522727272727273,0.125,0.11949685534591195,0.4625,0.39622641509433965,0.05063291139240506,0.0625,0.1518987341772152,0.32265446224256294
2025,"morales, luis",821,87.9,-0.38261889091138296,0.0,0.0625,0.16,0.6666666666666666,0.5625,0.6,0.0,0.05263157894736842,0.42424242424242425,0.47368421052631576,0.05555555555555555,0.18181818181818182,0.16666666666666666,0.39568345323741005
2025,"neris, héctor",551,87.9,-0.38221542725345786,0.1,0.125,0.06666666666666667,0.5,0.625,0.6666666666666666,0.07692307692307693,0.13636363636363635,0.23076923076923078,0.3181818181818182,0.15384615384615385,0.0,0.15384615384615385,0.3611111111111111
2025,"cano, yennier",992,87.8,-0.38529494904253275,0.16666666666666666,0.18181818181818182,0.10714285714285714,0.6666666666666666,0.5454545454545454,0.39285714285714285,0.08823529411764706,0.1111111111111111,0.4117647058823529,0.5370370370370371,0.0,0.058823529411764705,0.041666666666666664,0.3532934131736527
2025,"hamilton, ian",642,87.7,-0.38881532024902354,0.0,0.125,0.13333333333333333,0.375,0.375,0.3333333333333333,0.3125,0.22580645161290322,0.375,0.3870967741935484,0.10526315789473684,0.0,0.10526315789473684,0.373015873015873
2025,"king, mike",1219,87.6,-0.39132606801865805,0.19047619047619047,0.08333333333333333,0.16666666666666666,0.38095238095238093,0.3333333333333333,0.4444444444444444,0.08620689655172414,0.06172839506172839,0.3103448275862069,0.35802469135802467,0.07407407407407407,0.13793103448275862,0.14814814814814814,0.4336734693877551
2025,"smith-shawver, aj",711,87.5,-0.3930118211129152,0.2,0.15384615384615385,0.0967741935483871,0.3333333333333333,0.3076923076923077,0.3548387096774194,0.05,0.10256410256410256,0.35,0.3333333333333333,0.14285714285714285,0.15,0.14285714285714285,0.35135135135135137
2025,"dollander, chase",1778,87.3,-0.4011815475064896,0.09375,0.16666666666666666,0.1568627450980392,0.40625,0.4666666666666667,0.47058823529411764,0.041666666666666664,0.0851063829787234,0.4166666666666667,0.48226950354609927,0.09433962264150944,0.08333333333333333,0.1320754716981132,0.3590504451038576
2025,"gore, mackenzie",2819,86.6,-0.4237463857753475,0.1951219512195122,0.14634146341463414,0.09574468085106383,0.34146341463414637,0.3170731707317073,0.3617021276595745,0.12222222222222222,0.10759493670886076,0.5,0.43037974683544306,0.07692307692307693,0.13333333333333333,0.09230769230769231,0.3905109489051095
2025,"kochanowicz, jack",1875,86.2,-0.4349653082270879,0.11764705882352941,0.17391304347826086,0.15384615384615385,0.5,0.391304347826087,0.358974358974359,0.13432835820895522,0.13333333333333333,0.3582089552238806,0.38,0.07407407407407407,0.07462686567164178,0.1111111111111111,0.3611111111111111
2025,"blewett, scott",711,86.2,-0.4346685070222556,0.21428571428571427,0.08333333333333333,0.0625,0.21428571428571427,0.16666666666666666,0.5,0.13636363636363635,0.16,0.36363636363636365,0.34,0.17647058823529413,0.045454545454545456,0.17647058823529413,0.4485981308411215
2025,"santillan, tony",1230,86.0,-0.4419337986180829,0.08333333333333333,0.17391304347826086,0.13157894736842105,0.6666666666666666,0.5652173913043478,0.5,0.13043478260869565,0.07407407407407407,0.30434782608695654,0.37037037037037035,0.09375,0.13043478260869565,0.0625,0.4103585657370518
2025,"ort, kaleb",793,85.7,-0.4508293715862743,0.1111111111111111,0.1111111111111111,0.1111111111111111,0.4444444444444444,0.6666666666666666,0.5,0.15,0.11363636363636363,0.35,0.4318181818181818,0.045454545454545456,0.05,0.13636363636363635,0.4316546762589928
2025,"alvarado, elvis",767,85.7,-0.4518036016280563,0.25,0.0,0.1,0.5,0.4444444444444444,0.4,0.18181818181818182,0.15789473684210525,0.5,0.39473684210526316,0.043478260869565216,0.045454545454545456,0.08695652173913043,0.35658914728682173
2025,"ray, robbie",3072,85.6,-0.45563267133407687,0.13333333333333333,0.18604651162790697,0.14102564102564102,0.4222222222222222,0.4883720930232558,0.41025641025641024,0.13253012048192772,0.1111111111111111,0.4457831325301205,0.4398148148148148,0.02631578947368421,0.08433734939759036,0.09210526315789473,0.3716216216216216
2025,"houck, tanner",749,85.6,-0.45533087153994145,0.16666666666666666,0.09090909090909091,0.1875,0.4166666666666667,0.36363636363636365,0.34375,0.14285714285714285,0.11666666666666667,0.42857142857142855,0.4166666666666667,0.1,0.07142857142857142,0.1,0.4107142857142857
2025,"o'brien, riley",767,85.5,-0.45885452576819935,0.0,0.16666666666666666,0.3157894736842105,0.25,0.5,0.47368421052631576,0.16666666666666666,0.15384615384615385,0.3,0.41025641025641024,0.0,0.03333333333333333,0.12,0.3435114503816794
2025,"jobe, jackson",877,85.4,-0.46020051630524633,0.15384615384615385,0.18181818181818182,0.21739130434782608,0.3076923076923077,0.45454545454545453,0.43478260869565216,0.16129032258064516,0.08196721311475409,0.2903225806451613,0.26229508196721313,0.03571428571428571,0.0967741935483871,0.10714285714285714,0.5144927536231884
2025,"gil, luis",970,85.3,-0.46404943646063584,0.14285714285714285,0.10526315789473684,0.1,0.5,0.2631578947368421,0.43333333333333335,0.2413793103448276,0.1282051282051282,0.3793103448275862,0.48717948717948717,0.030303030303030304,0.06896551724137931,0.12121212121212122,0.4233128834355828
2025,"francis, bowden",1143,84.7,-0.48293113339810384,0.2,0.13043478260869565,0.08163265306122448,0.4,0.4782608695652174,0.40816326530612246,0.11428571428571428,0.1095890410958904,0.3142857142857143,0.3972602739726027,0.0967741935483871,0.08571428571428572,0.16129032258064516,0.37681159420289856
2025,"morillo, juan",618,84.1,-0.5006616266008159,0.25,0.2,0.0,0.25,0.3,0.38461538461538464,0.21739130434782608,0.1,0.5652173913043478,0.3,0.0,0.043478260869565216,0.2222222222222222,0.384
2025,"domínguez, seranthony",1109,83.6,-0.5178342947458735,0.2,0.1111111111111111,0.10526315789473684,0.6,0.5555555555555556,0.47368421052631576,0.15625,0.1320754716981132,0.40625,0.4716981132075472,0.0,0.03125,0.09090909090909091,0.40437158469945356
2025,"ureña, josé",938,83.0,-0.5357130969013217,0.22727272727272727,0.125,0.1,0.4090909090909091,0.4166666666666667,0.4,0.08695652173913043,0.10606060606060606,0.4782608695652174,0.42424242424242425,0.04,0.10869565217391304,0.16,0.3620689655172414
2025,"leiter, jack",2585,82.8,-0.5419134059884081,0.15555555555555556,0.125,0.15492957746478872,0.4666666666666667,0.5208333333333334,0.4647887323943662,0.12359550561797752,0.12903225806451613,0.42696629213483145,0.3924731182795699,0.09090909090909091,0.056179775280898875,0.10606060606060606,0.3831041257367387
2025,"nicolas, kyle",652,82.7,-0.5446383412064392,0.16666666666666666,0.08333333333333333,0.2,0.6666666666666666,0.3333333333333333,0.4666666666666667,0.1,0.13953488372093023,0.35,0.4418604651162791,0.16666666666666666,0.05,0.05555555555555555,0.37735849056603776
2025,"buehler, walker",2191,82.7,-0.5463006964005873,0.18421052631578946,0.14634146341463414,0.16455696202531644,0.2631578947368421,0.34146341463414637,0.31645569620253167,0.1346153846153846,0.11920529801324503,0.3942307692307692,0.36423841059602646,0.11764705882352941,0.07692307692307693,0.17647058823529413,0.4067357512953368
2025,"koenig, jared",1047,82.2,-0.5620506799968423,0.14285714285714285,0.125,0.09523809523809523,0.5714285714285714,0.875,0.42857142857142855,0.0967741935483871,0.1044776119402985,0.5483870967741935,0.44776119402985076,0.05263157894736842,0.06451612903225806,0.10526315789473684,0.3942857142857143
2025,"peralta, freddy",3089,82.1,-0.5647269339945089,0.24324324324324326,0.15789473684210525,0.15,0.5405405405405406,0.5263157894736842,0.4875,0.061946902654867256,0.09047619047619047,0.3185840707964602,0.3047619047619048,0.06944444444444445,0.07079646017699115,0.125,0.4092526690391459
2025,"rodríguez, randy",808,82.1,-0.5649735369919686,0.14285714285714285,0.18181818181818182,0.17391304347826086,0.7142857142857143,0.45454545454545453,0.5217391304347826,0.2,0.1,0.52,0.475,0.06666666666666667,0.0,0.0,0.310126582278481
2025,"schlittler, cam",1253,82.1,-0.5637586180543699,0.23076923076923078,0.2,0.13157894736842105,0.3076923076923077,0.4,0.2894736842105263,0.15,0.10666666666666667,0.35,0.38666666666666666,0.08823529411764706,0.075,0.14705882352941177,0.32142857142857145
2025,"ortiz, luis",1502,81.9,-0.5709465108332389,0.13043478260869565,0.21621621621621623,0.15789473684210525,0.4782608695652174,0.5135135135135135,0.45614035087719296,0.08888888888888889,0.12903225806451613,0.4666666666666667,0.3118279569892473,0.13953488372093023,0.08888888888888889,0.06976744186046512,0.3745019920318725
2025,"hurter, brant",1064,81.9,-0.5716346857889036,0.16666666666666666,0.25,0.20833333333333334,0.3333333333333333,0.25,0.3333333333333333,0.1111111111111111,0.11475409836065574,0.3055555555555556,0.3442622950819672,0.06896551724137931,0.027777777777777776,0.20689655172413793,0.40350877192982454
2025,"banda, anthony",1091,81.8,-0.5743797852601215,0.21428571428571427,0.2,0.17391304347826086,0.5714285714285714,0.5,0.391304347826087,0.14285714285714285,0.11666666666666667,0.42857142857142855,0.38333333333333336,0.08,0.07142857142857142,0.0,0.3979591836734694
2025,"akin, keegan",1066,81.7,-0.5779081091173122,0.15384615384615385,0.25,0.2222222222222222,0.15384615384615385,0.3333333333333333,0.37037037037037035,0.16666666666666666,0.1111111111111111,0.3888888888888889,0.3333333333333333,0.0,0.16666666666666666,0.10344827586206896,0.35135135135135137
2025,"fluharty, mason",875,81.5,-0.5827343123864437,0.25,0.14285714285714285,0.125,0.25,0.42857142857142855,0.375,0.1935483870967742,0.1836734693877551,0.45161290322580644,0.4489795918367347,0.0,0.0967741935483871,0.05263157894736842,0.3602941176470588
2025,"ramírez, yohan",608,81.4,-0.5858610028861846,0.16666666666666666,0.16666666666666666,0.14285714285714285,0.5833333333333334,0.5,0.3333333333333333,0.16666666666666666,0.21875,0.3888888888888889,0.34375,0.058823529411764705,0.05555555555555555,0.058823529411764705,0.2900763358778626
2025,"williams, gavin",2925,81.1,-0.5975193890216756,0.1282051282051282,0.14634146341463414,0.175,0.5384615384615384,0.6097560975609756,0.5125,0.10975609756097561,0.12435233160621761,0.4878048780487805,0.5025906735751295,0.024390243902439025,0.036585365853658534,0.0975609756097561,0.39080459770114945
2025,"burnes, corbin",1010,81.0,-0.5988761795462785,0.2857142857142857,0.30434782608695654,0.24,0.42857142857142855,0.391304347826087,0.36,0.045454545454545456,0.0821917808219178,0.2727272727272727,0.2876712328767123,0.07142857142857142,0.045454545454545456,0.07142857142857142,0.37572254335260113
2025,"vesia, alex",1036,80.8,-0.6054454321579782,0.14285714285714285,0.0,0.15789473684210525,0.5,0.6666666666666666,0.47368421052631576,0.25,0.17073170731707318,0.5,0.43902439024390244,0.0,0.0,0.13043478260869565,0.32882882882882886
2025,"blubaugh, aj",508,80.6,-0.6112193947590434,0.25,0.2,0.1,0.5,0.6,0.2,0.15789473684210525,0.07894736842105263,0.3684210526315789,0.39473684210526316,0.0,0.10526315789473684,0.16666666666666666,0.3516483516483517
2025,"lopez, jacob",1666,80.3,-0.6222252600763922,0.25,0.38461538461538464,0.14893617021276595,0.4375,0.5384615384615384,0.40425531914893614,0.09090909090909091,0.10810810810810811,0.2878787878787879,0.26126126126126126,0.022727272727272728,0.015151515151515152,0.09090909090909091,0.43097643097643096
2025,"shugart, chase",701,80.3,-0.621816967110062,0.2,0.2,0.17647058823529413,0.6,0.9,0.6470588235294118,0.03225806451612903,0.023809523809523808,0.3548387096774194,0.35714285714285715,0.125,0.0967741935483871,0.0,0.42105263157894735
2025,"trivino, lou",843,80.0,-0.629986234320269,0.2,0.25,0.18181818181818182,0.6,0.625,0.5454545454545454,0.02857142857142857,0.0625,0.37142857142857144,0.4166666666666667,0.19047619047619047,0.05714285714285714,0.0,0.375
2025,"pressly, ryan",661,79.3,-0.6530612413317155,0.0,0.14285714285714285,0.07142857142857142,0.625,0.5,0.2857142857142857,0.22727272727272727,0.20512820512820512,0.36363636363636365,0.48717948717948717,0.2631578947368421,0.045454545454545456,0.15789473684210525,0.3565217391304348
2025,"treinen, blake",526,79.2,-0.656212137323527,0.2,0.4,0.14285714285714285,0.4,0.6,0.42857142857142855,0.0625,0.047619047619047616,0.3125,0.3333333333333333,0.0,0.0,0.21428571428571427,0.3238095238095238
2025,"adam, jason",1097,79.1,-0.6588799103584659,0.3,0.09090909090909091,0.16,0.4,0.36363636363636365,0.52,0.14285714285714285,0.11290322580645161,0.42857142857142855,0.41935483870967744,0.041666666666666664,0.03571428571428571,0.125,0.31666666666666665
2025,"stanek, ryne",1063,79.0,-0.6615269923492577,0.16666666666666666,0.36363636363636365,0.16129032258064516,0.5,0.36363636363636365,0.2903225806451613,0.13043478260869565,0.125,0.4782608695652174,0.4791666666666667,0.0,0.08695652173913043,0.06666666666666667,0.3644067796610169
2025,"uribe, abner",1174,78.9,-0.6668472619890222,0.3333333333333333,0.09090909090909091,0.13636363636363635,0.3333333333333333,0.45454545454545453,0.3181818181818182,0.0625,0.08196721311475409,0.5416666666666666,0.4918032786885246,0.06666666666666667,0.041666666666666664,0.2,0.31351351351351353
2025,"cruz, fernando",793,78.4,-0.6833245815023891,0.25,0.1111111111111111,0.18181818181818182,0.375,0.2222222222222222,0.5454545454545454,0.12,0.16129032258064516,0.36,0.3548387096774194,0.0,0.04,0.20833333333333334,0.3291139240506329
2025,"castillo, josé",549,77.8,-0.7011987573847922,0.3333333333333333,0.4,0.07142857142857142,0.5,0.6,0.35714285714285715,0.09523809523809523,0.10344827586206896,0.19047619047619047,0.2413793103448276,0.0,0.047619047619047616,0.125,0.3870967741935484
2025,"halvorsen, seth",640,77.8,-0.7002779405779884,0.125,0.2,0.2,0.25,0.4,0.4,0.14285714285714285,0.13333333333333333,0.5714285714285714,0.5333333333333333,0.05263157894736842,0.19047619047619047,0.05263157894736842,0.3939393939393939
2025,"vasil, mike",1669,77.5,-0.7112732409440117,0.15789473684210525,0.16129032258064516,0.10526315789473684,0.3157894736842105,0.45161290322580644,0.5263157894736842,0.1016949152542373,0.13274336283185842,0.4915254237288136,0.4778761061946903,0.09615384615384616,0.13559322033898305,0.15384615384615385,0.4112903225806452
2025,"henry, cole",969,77.4,-0.7133797908800027,0.0,0.2,0.19047619047619047,0.375,0.26666666666666666,0.38095238095238093,0.2,0.2,0.44,0.54,0.1111111111111111,0.04,0.19444444444444445,0.5
2025,"hodge, porter",628,77.2,-0.7209495785001845,0.25,0.16666666666666666,0.17647058823529413,0.375,0.5,0.47058823529411764,0.3333333333333333,0.1111111111111111,0.3333333333333333,0.3333333333333333,0.06666666666666667,0.06666666666666667,0.0,0.39166666666666666
2025,"gonsolin, tony",609,76.7,-0.7360161634663197,0.2727272727272727,0.16666666666666666,0.09090909090909091,0.45454545454545453,0.4166666666666667,0.5,0.19047619047619047,0.12195121951219512,0.5714285714285714,0.34146341463414637,0.0,0.047619047619047616,0.14285714285714285,0.45348837209302323
2025,"hall, dl",589,76.3,-0.74946285185025,0.16666666666666666,0.5,0.13333333333333333,0.5,0.5,0.13333333333333333,0.07692307692307693,0.14583333333333334,0.5,0.5,0.07142857142857142,0.038461538461538464,0.07142857142857142,0.3402061855670103
2025,"boyle, joe",936,75.8,-0.7630467760319148,0.15384615384615385,0.16666666666666666,0.3157894736842105,0.07692307692307693,0.5,0.42105263157894735,0.125,0.09803921568627451,0.625,0.5098039215686274,0.0,0.16666666666666666,0.07142857142857142,0.44805194805194803
2025,"perkins, jack",637,75.5,-0.7747067299701006,0.2,0.2857142857142857,0.13333333333333333,0.7,0.7142857142857143,0.4666666666666667,0.10714285714285714,0.06666666666666667,0.39285714285714285,0.4666666666666667,0.05,0.03571428571428571,0.1,0.3592233009708738
2025,"mccullers, lance",1147,75.2,-0.7842462884858847,0.125,0.11764705882352941,0.12,0.5625,0.5294117647058824,0.36,0.22857142857142856,0.14705882352941177,0.5142857142857142,0.4264705882352941,0.044444444444444446,0.05714285714285714,0.2222222222222222,0.3409090909090909
2025,"bummer, aaron",946,75.1,-0.7871210984131656,0.25,0.14285714285714285,0.1111111111111111,0.5,0.8571428571428571,0.4444444444444444,0.1724137931034483,0.1509433962264151,0.4482758620689655,0.39622641509433965,0.045454545454545456,0.034482758620689655,0.09090909090909091,0.25675675675675674
2025,"ogasawara, shinnosuke",674,74.2,-0.8159537918854032,0.1,0.2727272727272727,0.21052631578947367,0.3,0.2727272727272727,0.2631578947368421,0.23529411764705882,0.11627906976744186,0.6470588235294118,0.46511627906976744,0.05,0.058823529411764705,0.2,0.23853211009174313
2025,"palencia, daniel",845,74.2,-0.8146844422312507,0.25,0.5,0.18181818181818182,0.25,0.6666666666666666,0.2727272727272727,0.125,0.06666666666666667,0.2916666666666667,0.3333333333333333,0.11764705882352941,0.041666666666666664,0.058823529411764705,0.4114285714285714
2025,"birdsong, hayden",1195,74.1,-0.8174025042757418,0.1111111111111111,0.2,0.16666666666666666,0.3333333333333333,0.6,0.5277777777777778,0.15789473684210525,0.14473684210526316,0.47368421052631576,0.4868421052631579,0.02702702702702703,0.05263157894736842,0.1891891891891892,0.3567567567567568
2025,"olson, reese",1167,72.7,-0.8611409142046674,0.3333333333333333,0.13043478260869565,0.14285714285714285,0.5,0.6086956521739131,0.45714285714285713,0.08108108108108109,0.08235294117647059,0.4594594594594595,0.35294117647058826,0.23076923076923078,0.08108108108108109,0.07692307692307693,0.4
2025,"strider, spencer",2111,72.4,-0.8721895045039263,0.2,0.275,0.18292682926829268,0.6,0.475,0.47560975609756095,0.07692307692307693,0.12686567164179105,0.5538461538461539,0.35074626865671643,0.03571428571428571,0.1076923076923077,0.10714285714285714,0.3953488372093023
2025,"arrighetti, spencer",619,72.3,-0.8757414866501202,0.3333333333333333,0.3,0.10526315789473684,0.2222222222222222,0.3,0.3157894736842105,0.11538461538461539,0.175,0.46153846153846156,0.425,0.0,0.07692307692307693,0.18181818181818182,0.40425531914893614
2025,"simpson, josh",619,72.2,-0.8781218457789781,0.2,0.14285714285714285,0.0625,0.4,0.42857142857142855,0.5,0.06666666666666667,0.045454545454545456,0.7333333333333333,0.6363636363636364,0.047619047619047616,0.13333333333333333,0.2857142857142857,0.38461538461538464
2025,"soroka, michael",1528,71.0,-0.9145094914512996,0.21428571428571427,0.22727272727272727,0.15789473684210525,0.5714285714285714,0.5454545454545454,0.5789473684210527,0.14,0.14953271028037382,0.42,0.37383177570093457,0.11904761904761904,0.1,0.047619047619047616,0.3310344827586207
2025,"booser, cam",572,69.5,-0.9625506158778634,0.2727272727272727,0.18181818181818182,0.07142857142857142,0.5454545454545454,0.36363636363636365,0.42857142857142855,0.21052631578947367,0.2857142857142857,0.631578947368421,0.42857142857142855,0.05555555555555555,0.05263157894736842,0.05555555555555555,0.38613861386138615
2025,"keller, brad",1114,68.3,-0.9997349616906095,0.2857142857142857,0.2857142857142857,0.2222222222222222,0.42857142857142855,0.5714285714285714,0.3888888888888889,0.12195121951219512,0.09836065573770492,0.43902439024390244,0.3114754098360656,0.0,0.0975609756097561,0.15384615384615385,0.484375
2025,"gage, matt",536,67.7,-1.0199287133583785,0.3333333333333333,0.375,0.07142857142857142,0.6666666666666666,0.375,0.2857142857142857,0.19047619047619047,0.10344827586206896,0.47619047619047616,0.4482758620689655,0.07692307692307693,0.09523809523809523,0.07692307692307693,0.4583333333333333
2025,"brown, mccade",502,66.8,-1.0490209600394418,0.14285714285714285,0.16666666666666666,0.17647058823529413,0.2857142857142857,0.3333333333333333,0.23529411764705882,0.42857142857142855,0.25,0.5714285714285714,0.40625,0.05,0.07142857142857142,0.15,0.39325842696629215
2025,"ferguson, caleb",1054,66.3,-1.0629442520159775,0.5,0.21428571428571427,0.2,0.5,0.5714285714285714,0.4,0.09803921568627451,0.09836065573770492,0.35294117647058826,0.29508196721311475,0.045454545454545456,0.058823529411764705,0.09090909090909091,0.33163265306122447
2025,"ribalta, orlando",502,66.0,-1.074074566782459,0.2222222222222222,0.5,0.25,0.2222222222222222,0.25,0.4375,0.09523809523809523,0.20833333333333334,0.38095238095238093,0.4166666666666667,0.0,0.047619047619047616,0.125,0.35294117647058826
2025,"palmquist, carson",705,65.7,-1.0813365114133708,0.11764705882352941,0.25,0.12,0.5294117647058824,0.5,0.52,0.1,0.17647058823529413,0.6,0.47058823529411764,0.08695652173913043,0.06666666666666667,0.2608695652173913,0.4132231404958678
2025,"dubin, shawn",551,64.9,-1.1092636711816188,0.5,0.4,0.07692307692307693,0.5,0.6,0.38461538461538464,0.045454545454545456,0.11428571428571428,0.5454545454545454,0.4857142857142857,0.09090909090909091,0.045454545454545456,0.0,0.4111111111111111
2025,"megill, tylor",1234,64.4,-1.1224165509917992,0.2727272727272727,0.11764705882352941,0.2,0.8181818181818182,0.5294117647058824,0.4857142857142857,0.20588235294117646,0.08955223880597014,0.38235294117647056,0.29850746268656714,0.05714285714285714,0.058823529411764705,0.22857142857142856,0.3864734299516908
2025,"zeferjahn, ryan",1039,63.8,-1.1436310988860767,0.23076923076923078,0.2,0.21739130434782608,0.6153846153846154,0.7,0.6521739130434783,0.24242424242424243,0.10416666666666667,0.30303030303030304,0.2708333333333333,0.03125,0.06060606060606061,0.15625,0.40804597701149425
2025,"agnos, zach",527,62.0,-1.1991204621015696,0.18181818181818182,0.3,0.2,0.5454545454545454,0.6,0.7333333333333333,0.26666666666666666,0.0967741935483871,0.3333333333333333,0.2903225806451613,0.08333333333333333,0.13333333333333333,0.08333333333333333,0.37662337662337664
2025,"teng, kai-wei",573,60.2,-1.2554527775772006,0.5,0.25,0.3076923076923077,0.0,0.375,0.3076923076923077,0.1875,0.06451612903225806,0.3125,0.3225806451612903,0.043478260869565216,0.0625,0.21739130434782608,0.4423076923076923
2025,"fermin, josé",655,59.9,-1.2672983933109543,0.2,0.3333333333333333,0.4166666666666667,0.1,0.16666666666666666,0.4166666666666667,0.1875,0.11764705882352941,0.5625,0.5294117647058824,0.11764705882352941,0.0,0.17647058823529413,0.34579439252336447
2025,"kahnle, tommy",1037,58.7,-1.3050044750185048,0.2857142857142857,0.3333333333333333,0.21428571428571427,0.5,0.5,0.39285714285714285,0.2,0.14516129032258066,0.42857142857142855,0.4032258064516129,0.08,0.0,0.2,0.44
2025,"richardson, lyon",684,57.6,-1.339627104250183,0.16666666666666666,0.25,0.2631578947368421,0.5,0.6666666666666666,0.631578947368421,0.25,0.08823529411764706,0.55,0.4117647058823529,0.11764705882352941,0.1,0.11764705882352941,0.41304347826086957
2025,"hernández, daysbel",723,54.0,-1.4512796629321603,0.14285714285714285,0.0,0.5714285714285714,0.7142857142857143,0.6666666666666666,0.42857142857142855,0.13333333333333333,0.16129032258064516,0.5333333333333333,0.5161290322580645,0.06896551724137931,0.0,0.20689655172413793,0.4745762711864407
2025,"oviedo, johan",667,52.1,-1.510487859475333,0.2857142857142857,0.3076923076923077,0.30434782608695654,0.5714285714285714,0.6153846153846154,0.5217391304347826,0.17391304347826086,0.18518518518518517,0.5652173913043478,0.4444444444444444,0.12,0.0,0.08,0.47368421052631576
2025,"bautista, félix",629,46.8,-1.6777310632825642,0.4,0.3333333333333333,0.3,0.4,0.5,0.6,0.11764705882352941,0.1724137931034483,0.5294117647058824,0.3793103448275862,0.043478260869565216,0.11764705882352941,0.13043478260869565,0.36607142857142855
2025,"pilkington, konnor",500,44.3,-1.756732978784981,0.3,0.3333333333333333,0.2222222222222222,0.4,0.5555555555555556,0.5,0.3333333333333333,0.3157894736842105,0.4444444444444444,0.47368421052631576,0.058823529411764705,0.1111111111111111,0.058823529411764705,0.38636363636363635
2025,"sabrowski, erik",503,28.6,-2.25293676785857,0.5,0.25,0.5,1.0,0.5,0.3333333333333333,0.1111111111111111,0.23529411764705882,0.3333333333333333,0.5294117647058824,0.0,0.0,0.25,0.36363636363636365
