pitcher_id,season,pitcher_name,pitch_count,composure_plus,adversity_composure_plus,momentum_composure_plus,composure_score,adversity_score,momentum_score,walk_after_barrel,walk_after_hard_hit,walk_after_high_xba,first_ball_after_barrel,first_ball_after_hard_hit,first_ball_after_high_xba,walk_after_walk,hard_hit_after_walk,walk_after_soft_hit,walk_after_low_xba,first_ball_after_soft_hit,first_ball_after_low_xba,hard_hit_after_soft,ball_after_foul
543135,2021,"eovaldi, nathan",2935,172.4,181.1,144.4,1.4913939536508725,1.7529448323597927,1.2298430749419522,0.05517791433284391,0.03975167236151884,0.023988964843608053,0.3569162724092302,0.34672333137129324,0.32048524454819377,0.0767736619972524,0.14693271012130377,0.046061791561789675,0.052584301228307546,0.30425349128640783,0.3386533482693342,0.15964295878531354,0.31459534727340066
542881,2021,"anderson, tyler",2607,160.5,144.3,155.5,1.2899540577248185,0.9997766563226809,1.5801314591269564,0.08436136484916973,0.07419784130345274,0.07917763209972466,0.32123238220799194,0.3304266415701037,0.301859546655203,0.06548762631717914,0.15085091572453854,0.032820006733870595,0.039915136747468806,0.3059075363193482,0.3026932490613539,0.15547878244231847,0.3076320913254064
628711,2021,"urías, julio",2798,157.2,165.6,133.8,1.1976727720004452,1.4412740507264092,0.9540714932744812,0.08966108966108965,0.07118433727620652,0.055527262955102505,0.29304629304629304,0.30804456054176177,0.2638504525537413,0.04770209724132238,0.11358315462610231,0.0661212571547375,0.06487987927670284,0.3071696144821646,0.30192400454950935,0.11608906348782051,0.3566335122298418
501381,2021,"pineda, michael",1711,153.8,155.3,136.9,1.3179772493810735,1.4208710454986184,1.2150834532635288,0.05596617025188453,0.04774635105497996,0.058918240845490445,0.3477293620150763,0.28986740275782097,0.3104978084348858,0.09852619956314058,0.10523031132233984,0.052828741842374564,0.047133860132221685,0.29823630585458977,0.32561925603979125,0.19094500201156175,0.31626470744289464
664353,2021,"urquidy, josé",1631,153.7,150.4,140.6,1.3391357792558571,1.3229558904031753,1.355315668108539,0.07339749130793906,0.053627256110350886,0.0539461278373514,0.3931500797172439,0.30737204137825413,0.31769068778273624,0.0641241307178432,0.16907899474328508,0.030009146477647256,0.048492192938213136,0.360677115307125,0.36865843782632907,0.13388937182103772,0.3047555998358739
621111,2021,"buehler, walker",3160,153.3,155.0,136.4,1.08557888268358,1.1747500009297216,0.9964077644374382,0.07685236256664828,0.07318143251847394,0.053974052802512225,0.3291046148189005,0.2985029889458557,0.31241407625853174,0.08327970498724668,0.11909282820358305,0.04419442163360902,0.07043080312480196,0.3369639353333553,0.34822771947988324,0.1306484244201432,0.3795926674540192
543101,2021,"desclafani, anthony",2562,153.2,173.3,121.8,1.1439105986156557,1.6459873023597136,0.6418338948715978,0.05154778838989365,0.059482802381487634,0.05592963442579166,0.3465928334349387,0.3601468245622941,0.3092406732244205,0.048291012022079444,0.1767138108560542,0.07000634755552569,0.07166827069395641,0.37052455543172064,0.34247014216246396,0.14209808864082948,0.40881231163345894
642232,2021,"yarbrough, ryan",2496,151.8,157.7,132.0,1.1219921882469408,1.3106380115053442,0.9333463649885372,0.07586707586707586,0.06457553905627894,0.05588647147922595,0.31206481206481207,0.35782719652180617,0.3697129032369874,0.05358317772312925,0.14128518738822451,0.055244646410644804,0.06631259652891928,0.36322397457601946,0.33489002864255163,0.10801580088508718,0.3607499388606517
645261,2021,"alcántara, sandy",3098,149.0,138.7,142.8,1.0040232111974334,0.8382327655700204,1.1698136568248467,0.08106345092646462,0.07927805717310746,0.0719348291997265,0.27864459371308686,0.33488397741309334,0.3333906906373828,0.09380602077672037,0.16119809136147778,0.03814355672147707,0.0467629332968879,0.4017575482424453,0.3788834722992581,0.16884826935615496,0.33271197965542343
621244,2021,"berríos, josé",3043,147.5,177.6,109.8,0.9783086383556848,1.6638918867489723,0.2927253899623974,0.046638475209903774,0.047435118195661694,0.06351823235790359,0.277869706441135,0.2998854097907095,0.3442824372873859,0.0799148684221054,0.14458402706404433,0.08665547217866601,0.07840410159176067,0.37528862703095295,0.37255538583609643,0.19074201144985461,0.34570403255480886
640455,2021,"manaea, sean",2980,147.5,157.7,125.6,0.984434049157315,1.2490141033483004,0.7198539949663296,0.07586707586707586,0.07038848884154936,0.04677751242884393,0.3248853248853249,0.30470744810900563,0.31318310851496994,0.07854059061123221,0.16265703044704988,0.06756976001663251,0.07166827069395641,0.34878746027503044,0.34628693605559374,0.1250246888829487,0.3710446823358268
663978,2021,"paddack, chris",1870,147.0,160.6,122.6,1.1196166177162508,1.5055016121024394,0.7337316233300619,0.07339749130793906,0.03903740956414328,0.03774631640607399,0.2886724677769454,0.31317863655079115,0.3574017032397603,0.08051757334079401,0.1854724373662359,0.05772170849712883,0.06691526660123055,0.3881863868136006,0.4018589616282134,0.14410127306162537,0.32073058971260693
605540,2021,"woodruff, brandon",2810,145.3,151.8,126.9,0.9534216884748796,1.1418321382395307,0.7650112387102287,0.060271260271260264,0.05734693393803876,0.06892403936708687,0.3283239283239283,0.3476226595977234,0.35230647450333363,0.09093760889411995,0.15303239861310794,0.06888912373330791,0.06601291599086434,0.3479348541581622,0.34613881693123666,0.1395532568431246,0.3383006269294385
608379,2021,"wacha, michael",1974,144.3,153.1,124.4,1.0369602995668656,1.2998190514675676,0.7741015476661636,0.05154778838989365,0.06633211744998078,0.06941635393399463,0.3465928334349387,0.3601468245622941,0.3119658064640717,0.06637259424038426,0.23397052269378904,0.06338965181770648,0.07560406462613359,0.3295395226187401,0.3001608121098554,0.17269028936166758,0.3440738503091904
605400,2021,"nola, aaron",2975,143.8,129.7,142.1,0.9100334431869443,0.6560643856177962,1.1640025007560926,0.0845375988233131,0.07686682840069924,0.062273496791137486,0.3905865048722192,0.3998664488208269,0.35482294932121455,0.08532804905911648,0.13967677381901716,0.06039755085285587,0.04145033431467914,0.33411169633522275,0.33356606633294444,0.156446649280848,0.345177425157385
477132,2021,"kershaw, clayton",1806,142.5,132.4,138.0,1.0264648104108585,0.8280530862656955,1.2248765345560213,0.07931664383277286,0.07685388626280702,0.06459893798806969,0.4087266990492797,0.4033755432397782,0.38149243177855807,0.0611183120904443,0.1299034168646936,0.04092367325817748,0.0482257523176735,0.3437041805915836,0.361138336519591,0.16904190296670277,0.36703041065161895
547943,2021,"ryu, hyun jin",2689,142.3,148.5,125.1,0.9030586871901014,1.0827692405856593,0.7233481337945437,0.07305718416829528,0.07348735313017103,0.06611081327047108,0.325198214087103,0.3495687823024839,0.3719402238433336,0.06378664901023942,0.17290673609532975,0.06350086883151183,0.06785147680082664,0.3645483529247574,0.38445487498689146,0.1290534958132892,0.37530842886589566
425794,2021,"wainwright, adam",3080,141.8,153.8,120.1,0.8614369825149079,1.1560851945869284,0.5667887704428873,0.0508783365926223,0.06595363671418021,0.07145298506560517,0.3680656537799395,0.355440965346265,0.35777568844493923,0.08327970498724668,0.14014545978253043,0.0721509081659279,0.0723491259861016,0.389725294609463,0.3678643762344371,0.13306416403979313,0.34953871661679103
521230,2021,"hendriks, liam",1135,141.5,121.0,145.6,1.2161583395265538,0.6628857014728071,1.7694309775803005,0.09278550787984749,0.06692127353853135,0.0683810079820181,0.36492557247274227,0.3797348055156419,0.34311902760826135,0.08503417334322685,0.15899605824653024,0.03551297260120004,0.023079050932682827,0.29031360086284064,0.29515814605929297,0.156940200417094,0.35136485818331237
554430,2021,"wheeler, zack",3209,141.3,120.8,145.4,0.8439854112867103,0.45832028135924086,1.2296505412141798,0.0780576494862209,0.07392739807402439,0.053599232991383666,0.4022389736675451,0.3784842472220987,0.3935778673956253,0.1226019322897577,0.1495934683071954,0.0589968716517209,0.05648850815426457,0.2865895285224062,0.254973660762847,0.11568638142265594,0.36176101938381655
552640,2021,"kittredge, andrew",1000,141.0,133.7,134.7,1.2768936885880213,1.1088919434542845,1.444895433721758,0.07533907533907533,0.04912652196929592,0.06938661104057718,0.33348183348183347,0.3144191518145991,0.39228254272014756,0.07380324478846104,0.1946003524403847,0.0401594514665886,0.03975880970333239,0.35437133777149815,0.3023913394375322,0.14291357458959705,0.3098207519513811
608337,2021,"giolito, lucas",2974,139.4,132.4,133.4,0.821014249904876,0.7127322202355099,0.9292962795742423,0.0845375988233131,0.09737074289747662,0.06139640528703696,0.31915793344364773,0.32151196988412445,0.4061634711617608,0.08036711597428413,0.15481184510860918,0.05450645334811778,0.05360734210823571,0.4044777424666937,0.40360769356640297,0.10557750122928775,0.35787670975744296
502179,2021,"espino, paolo",1743,138.2,138.6,126.7,0.9384559185312389,0.995443414552233,0.8814684225102447,0.07586707586707586,0.05617217771174113,0.0665369788858556,0.388987888987889,0.39984400324449526,0.3765104560773279,0.0611183120904443,0.1767784168646936,0.046489292821289614,0.05132799369483378,0.438447949152039,0.4253051300968746,0.18403160177017436,0.3566473434045756
593958,2021,"rodríguez, eduardo",2721,137.8,127.6,134.9,0.8080572219897725,0.6245657287354638,0.9915487152440812,0.10025553503814373,0.06512278938726436,0.06272150755941905,0.35276891798630927,0.40323251174656727,0.3861526108271226,0.08131261145633453,0.12133904328635753,0.062493471232493665,0.05165389000796745,0.36490728606831646,0.3321367423094981,0.13660463522571606,0.38595267480405016
457918,2021,"happ, j. a.",2674,134.7,147.5,114.5,0.7470118287234838,1.061964810314938,0.43205884713202963,0.08162507131579295,0.060707324702824965,0.07812193033839498,0.37465005506242616,0.3726217976482667,0.35783475269980025,0.04395024689649927,0.16082942336337516,0.07279069092421137,0.07139392338078948,0.3568522366136641,0.4045268162512673,0.2557042626208625,0.36978788143003216
433589,2021,"petit, yusmeiro",1086,134.5,131.0,127.2,1.0383001481594567,0.9807462340664488,1.0958540622524648,0.06873038451985819,0.05712791643533163,0.05361692671317328,0.37440447966763757,0.409529712025548,0.4054001466473868,0.07669748968212618,0.20223173881059586,0.050643806343802125,0.03821669537453262,0.4190104594105776,0.3818174179725245,0.15793631811865047,0.41763437128034314
489334,2021,"stammen, craig",1312,133.7,132.3,125.0,0.9319659658422883,0.9368877451872851,0.9270441864972914,0.07681631211042975,0.06083752139866486,0.06425044439055336,0.34002069296186943,0.3192394335856485,0.3896091337637083,0.09267116931676293,0.13799657885547906,0.05811161602661202,0.07078295904690789,0.34805993644004873,0.28812239714972226,0.12003950221271793,0.37455098285434485
656876,2021,"rasmussen, drew",1207,133.6,122.9,132.1,0.9626199010866604,0.7000759636631233,1.2251638385101975,0.07835263835263834,0.07608405096729895,0.09412548232633229,0.3668211068211068,0.40179639986232607,0.3375025964020736,0.06208844402838786,0.19545743935460935,0.055234226125524664,0.04593352809439017,0.28704338614499814,0.2762228581400535,0.24643406117785208,0.3675602204406362
621107,2021,"eflin, zach",1623,133.1,119.5,134.2,0.8401675307632586,0.5315461906795478,1.1487888708469693,0.09701035930544126,0.06861151024729638,0.06770429430490568,0.431820579361563,0.37126282487584766,0.38311590267517576,0.06984949953193634,0.20203247641679267,0.06478795296074413,0.04601826580956555,0.3294558356176829,0.3001608121098554,0.13973492809758672,0.2925447793020115
641927,2021,"ober, bailey",1476,132.9,111.7,140.0,0.8662350624855841,0.34271141513019654,1.3897587098409716,0.1080879987129987,0.07249518063865278,0.066517718324349,0.4115789897039897,0.3639758149631598,0.2938139891581192,0.09852619956314058,0.18856364465567316,0.027030400025588482,0.050955540765538175,0.3154422465769699,0.33629456576365085,0.19234567520453646,0.4103935591816748
425844,2021,"greinke, zack",2577,132.5,123.9,129.8,0.7087592677757683,0.5523423564607729,0.8651761790907636,0.08106345092646462,0.08570600775471077,0.07233512068369906,0.34713774439801837,0.41609078639253333,0.36836551175907434,0.08976067498426539,0.14693271012130377,0.06975334142758183,0.058003996036090355,0.3525555234545701,0.3114969751711969,0.15658560717814038,0.39230042153258027
501985,2021,"minor, mike",2621,132.4,140.5,116.4,0.7021585344667114,0.9156272450851963,0.48868982384822635,0.08334496286303515,0.04843832715722605,0.07418541641800953,0.3294103053139198,0.344793017290543,0.31813139622114534,0.09307731733868747,0.18016257269812222,0.07425355700355485,0.06764954403958298,0.4236881378709939,0.3940611985748611,0.15055887215737526,0.36489895275688633
668676,2021,"plesac, zach",2206,132.2,117.1,134.7,0.7353145310431434,0.42193077125194933,1.0486982908343374,0.09774854219298663,0.07587330615387788,0.08714056545332723,0.325198214087103,0.3349443921174996,0.3306927878452849,0.10143040992036455,0.17068998306846653,0.057589291520661445,0.03974425577974219,0.36474505649676386,0.36880966360392503,0.20917614523707054,0.41005640268759436
458708,2021,"tomlin, josh",808,132.0,130.7,123.6,1.1233660792419633,1.1334596552897278,1.1132725031941988,0.07122967122967122,0.047237040355092234,0.05361692671317328,0.3516555516555517,0.4048902100781402,0.32585469210193224,0.086923821639743,0.16252930398534202,0.04134061180384121,0.04341479220478825,0.40891167123536576,0.38766870398351216,0.20594044443046755,0.3273818603495932
476595,2021,"luetge, lucas",1245,131.6,120.4,131.2,0.8955030870636362,0.617148644538843,1.1738575295884295,0.0816173316173316,0.07895123816246102,0.06376066960485471,0.40293865293865294,0.3830755053624297,0.37398936358067614,0.09095503655163768,0.11692256813593316,0.04647758052025856,0.0381523931496624,0.36348772736591306,0.4416886590562178,0.12199939294233894,0.3928133251575657
573186,2021,"stroman, marcus",2749,130.5,116.5,132.7,0.6549668787358437,0.38180039161728535,0.928133365854402,0.09476208106345092,0.0900888904766699,0.06566411858621114,0.40193226494596357,0.40847506985334314,0.37618387097952727,0.08131261145633453,0.15663316093341634,0.06940282212392564,0.05532966635267702,0.3507838876583159,0.32018946685367694,0.1256479910616673,0.36169651953467435
656756,2021,"montgomery, jordan",2570,129.3,130.2,120.0,0.6416139512123928,0.692293226333185,0.5909346760916007,0.05596617025188453,0.07068970180800872,0.06656362705999486,0.4048722191579334,0.340010484570036,0.34709049934910985,0.1254203675148096,0.18751515723379758,0.07920407274150375,0.07831315824588801,0.3091229606631276,0.32038404073376897,0.14975374449877962,0.3483003521445012
456501,2021,"cueto, johnny",1882,129.1,136.7,114.6,0.70303654101768,0.922287809067351,0.483785272968009,0.09544567609083737,0.05167717406997449,0.07042238804898006,0.39259766679121516,0.31437669441904487,0.3454725572823915,0.06917707005335824,0.1311805447794421,0.07207441068440801,0.07650950252584778,0.33203995762669913,0.3875878877039854,0.21335966814181195,0.3760471683523034
607644,2021,"means, john",2328,129.1,122.0,126.2,0.6555962067227858,0.5258657235054436,0.785326689940128,0.11948954117628816,0.06339043173501602,0.07533557791286238,0.3414584980850041,0.340010484570036,0.3230636659300003,0.07441775717861265,0.18657301029303622,0.06850888557572836,0.06348887982403953,0.33051333499467844,0.3397565771731132,0.17114411883033046,0.40831324279447984
621219,2021,"mills, alec",1941,129.1,126.2,122.9,0.6958609776925304,0.6590814216791752,0.7326405337058856,0.06754537789020547,0.09054651820082368,0.08308751589735852,0.41967336794923005,0.4117070880177537,0.37732723182147315,0.06378664901023942,0.15991972310831676,0.060350421936035625,0.07736694723464177,0.3479862578356498,0.36506375521762074,0.10276678233747803,0.3505028067694439
571927,2021,"matz, steven",2557,128.7,139.1,112.1,0.6294976239107631,0.8900521259057284,0.36894312191579787,0.07127002779176692,0.09054651820082368,0.09283423029751277,0.3092906571167441,0.3100121727635164,0.3479942547808032,0.06794910314699351,0.16452665148667114,0.08833051174671061,0.06800468500783008,0.42349717119555796,0.4169274881317481,0.08940754313559661,0.320392654134064
458681,2021,"lynn, lance",2613,128.7,136.6,114.0,0.6259732795602759,0.8303633359803095,0.4215832231402424,0.061212998712998706,0.07118433727620652,0.09743899591599317,0.3647039897039897,0.37361833103356507,0.4334110264088185,0.07122375872034259,0.10016649011253481,0.07580568995657516,0.0746936425286411,0.39530173753849035,0.40641671112002337,0.13020088888326506,0.41537938145785036
669060,2021,"wilson, bryse",1146,128.1,134.6,114.7,0.8306525904485442,1.0652438710569212,0.5960613098401674,0.0768379987129987,0.05684489147697194,0.05956551615374217,0.3490789897039897,0.37581436386094935,0.38203346776010455,0.06519286622980726,0.20523031132233982,0.03629677716820193,0.09192148864616242,0.42672374899052257,0.36494372119831336,0.22860904972639803,0.29506127693959466
643338,2021,"green, chad",1316,128.0,109.2,134.7,0.7788653867271425,0.2884514168113898,1.269279356642895,0.10958577625244291,0.09156834448900265,0.08193036037511278,0.3396491729825063,0.32303337515198544,0.36189284030451263,0.09267116931676293,0.11912865432717717,0.038509063050153454,0.030185727411049756,0.4083012827945873,0.43181714398440824,0.16443767426399716,0.3538891735025177
542914,2021,"bass, anthony",976,127.9,126.0,121.2,0.891732108975623,0.8733225829136503,0.9101416350375958,0.07254873921540587,0.06330390740131343,0.07524065198367431,0.35816769150102484,0.38623562683912077,0.35098964348644784,0.08468227541014543,0.14334170136793775,0.044621612740654,0.07132206076316762,0.3937459308572202,0.3299651511921674,0.14291984478209196,0.4004681717862506
543037,2021,"cole, gerrit",2969,127.3,117.8,126.7,0.5768022289068261,0.4032054433423274,0.7503990144713248,0.10744134840520382,0.08286871735955458,0.07252454888626304,0.3535066908560885,0.3658257899723045,0.38563591720126894,0.08428746309498092,0.1013880326748828,0.07535977413330118,0.06235057772918387,0.3694470214353227,0.3321821824749602,0.11178794247806938,0.3620352224730645
643511,2021,"rogers, tyler",1129,127.2,111.8,131.4,0.8107145906505968,0.38714362111214173,1.234285560189052,0.09110771901469575,0.07017887836663203,0.09528752531801542,0.3567687288617521,0.36520291834685104,0.42808904820950666,0.08468227541014543,0.16058308067828259,0.05811161602661202,0.040483787473021844,0.34805993644004873,0.29429811225903013,0.17003950221271794,0.3059917526106813
527048,2021,"pérez, martín",1867,127.2,132.6,115.0,0.6615464110505367,0.823728606526866,0.49936421557420746,0.0544115544115544,0.08070407623080995,0.07712928214888293,0.35195910195910196,0.36317863655079113,0.37043819765849234,0.10014648068086626,0.15587112252329607,0.07020234806922858,0.07872621098180901,0.36237658210392776,0.39272672712323176,0.14937630013812853,0.34672666029717325
519151,2021,"pressly, ryan",960,126.9,109.7,132.6,0.8697742950743378,0.35299403730373463,1.386554552844941,0.08516591125286777,0.1164316537529878,0.07372327423061326,0.3769794639359857,0.41790055130446874,0.3699252016401568,0.0752225379574699,0.14065035921808444,0.0329302109574764,0.050361158957554365,0.2873817026182704,0.3430290299542075,0.18189000402312352,0.34905866920977324
605452,2021,"ross, joe",1716,126.9,124.1,121.3,0.6744472219101617,0.6351663492610955,0.7137280945592279,0.0768379987129987,0.06366180140663995,0.08224801462980423,0.3490789897039897,0.3864898703437613,0.3365586123110381,0.10409963123405835,0.16202392999132093,0.07507751112959167,0.06414932691557487,0.3389305114167005,0.337661769324795,0.1666940987588319,0.3524708912704014
642092,2021,"smith, riley",1078,126.8,132.4,114.5,0.8170875532462278,1.027383016835132,0.6067920896573238,0.06754537789020547,0.05684489147697194,0.0542332132271178,0.3679492300181955,0.42581436386094934,0.4100599184479315,0.06984949953193634,0.20203247641679267,0.0631648000289261,0.07579137148695021,0.3457173222174443,0.36222618020593456,0.20656467631817166,0.41477870741455575
491624,2021,"valdez, césar",765,126.5,117.4,125.9,0.9679262386396121,0.6794807743781444,1.25637170290108,0.07835263835263834,0.07479590983812097,0.058250488280978376,0.3668211068211068,0.3892294261328281,0.3787063321601239,0.09445330718823913,0.17911189767962288,0.03354002967891115,0.05637443166890414,0.3112221045186087,0.3690623469636651,0.18525833743095912,0.2418264742815173
607074,2021,"rodón, carlos",2223,126.5,136.0,111.3,0.6083520529327572,0.8557155165627378,0.3609885893027766,0.08334969351918503,0.06366180140663995,0.066517718324349,0.3617128023907685,0.3960136798675708,0.3730219099501984,0.07209234114376141,0.15016852047976084,0.07867108573804645,0.07653937178786988,0.3911249432500435,0.4429287624809198,0.10717812697564101,0.33464217918583533
608344,2021,"irvin, cole",2682,126.4,142.9,105.6,0.5733212808465644,0.9604639793426285,0.1861785823505003,0.08436136484916973,0.07417829910934032,0.09629505190630026,0.2846470163543334,0.3016458268192686,0.29714789622266324,0.06873920899753995,0.15481184510860918,0.0877397123283803,0.07964016406229574,0.4128374071133245,0.40813698337959986,0.17243325232153592,0.3063625845095744
676477,2021,"whitlock, garrett",1158,126.3,105.5,134.9,0.7757211303993662,0.1972788013270062,1.3541634594717262,0.10690504168765037,0.08355611434621493,0.07727418311836823,0.3769794639359857,0.4197679548261867,0.37398936358067614,0.08930130861433519,0.13297852144255257,0.04886104618796413,0.03667074681375318,0.318025559538524,0.33715706064626755,0.16671731052912556,0.3399750873645768
628452,2021,"iglesias, raisel",1059,126.2,125.1,119.4,0.8078526635541912,0.8115598790926496,0.8041454480157327,0.07254873921540587,0.07206906381072606,0.0828737616052065,0.35816769150102484,0.39356055978607596,0.3721045348546382,0.07380324478846104,0.13799657885547906,0.05863325542555695,0.0636944922908877,0.35086144067699804,0.38302902995420746,0.1846761572503353,0.3094645007183212
518774,2021,"harvey, matt",2236,125.9,135.0,111.3,0.5954824773297349,0.830425582951087,0.3605393717083828,0.06645448537340429,0.061592121614873714,0.08137701076916144,0.35596020731155864,0.33745699564606335,0.3727445340622919,0.10014648068086626,0.1432128946751948,0.08473105277706258,0.0762178112165052,0.3914478137669011,0.35616993838920563,0.1718033755906245,0.34458763358138406
677651,2021,"garcía, luis",2506,125.8,116.5,125.6,0.5720541254402782,0.3924116609298503,0.7516965899507061,0.08832286444226742,0.08547591318157756,0.10392643599060036,0.3782247065829155,0.38865149108875946,0.3914788856437124,0.06717695424759586,0.13992975771977714,0.06359506825094824,0.05304994108926386,0.4282705508470875,0.40417647408362867,0.15296441306630468,0.36169589344947173
656685,2021,"martin, brett",932,125.4,125.2,118.2,0.8368052093160403,0.8673010046213122,0.8063094140107685,0.08516591125286777,0.05189421334784781,0.04892486250999011,0.3987185943707683,0.40255544205767513,0.40362122243381626,0.08149108278725907,0.1315378891529248,0.06836660709013179,0.059557597132129665,0.3859528664000573,0.33739357986150065,0.14122294377966815,0.32232070129533474
669302,2021,"gilbert, logan",2129,125.3,134.5,110.6,0.5897545987576863,0.8318296141990913,0.3476795833162814,0.08702399878870466,0.06403740956414329,0.08306230385264315,0.3873684608978727,0.36317863655079113,0.3732924179911969,0.05587959962554907,0.14734026684771986,0.0759582896781138,0.0839607211466851,0.3603964969310765,0.41890441617366797,0.1293443984592396,0.3992973515996284
571578,2021,"corbin, patrick",2756,124.6,110.7,128.4,0.5333954735022539,0.2559777811546317,0.8108131658498761,0.08997308997308996,0.08343459743009769,0.09300763047786538,0.287966537966538,0.3271672521937212,0.34127344914183455,0.1317507344264126,0.14605937427898358,0.07224956879346928,0.05360734210823571,0.35027313972685303,0.34524193481153914,0.18538512303059412,0.3962065299829178
622694,2021,"hernández, elieser",826,124.6,114.4,125.4,0.8629671452778677,0.5465465574185266,1.1793877331372087,0.08627424416898101,0.08681154737269084,0.06291052734345665,0.30422904107114634,0.3192394335856485,0.3156695053996005,0.12799207358867473,0.13544108665445168,0.07289638791910913,0.029861149696952447,0.3000908127879526,0.3411524435114576,0.18187803365563324,0.3184370007772
622608,2021,"senzatela, antonio",2408,124.4,117.2,122.9,0.5486193949899498,0.41236566389875323,0.6848731260811465,0.0845375988233131,0.08478102241998484,0.06892403936708687,0.4191579334436477,0.3761158723572699,0.42322846031893646,0.087488252832765,0.15587112252329607,0.0707255185788096,0.06021788901456709,0.3880598421796699,0.3386533482693342,0.21559251629504067,0.3517529567608416
606424,2021,"garcía, jarlín",1011,124.3,133.1,110.3,0.7693872417280901,1.0822820541389202,0.45649242931726003,0.07681631211042975,0.04785050841165187,0.052370275362806314,0.41845206551088904,0.3452134595596745,0.4038762380981695,0.07243651803311917,0.13544108665445168,0.06682168892585003,0.08453355349800627,0.3723054672778454,0.37746931789745175,0.180610419739886,0.29636985571113794
543272,2021,"hand, brad",1088,124.2,112.4,126.5,0.7395376673310896,0.41219196174181294,1.0668833729203662,0.07391758335154561,0.07895123816246102,0.08957719401012332,0.4026614215293461,0.3830755053624297,0.4223361720662671,0.0895692723301278,0.17142149514152105,0.06330475792975265,0.05971358652270722,0.24744728478953779,0.3340897155820695,0.13163092396410256,0.3537511458146507
548384,2021,"raley, brooks",865,124.0,99.6,136.2,0.8231380977168691,0.026666660654538158,1.6196095347791999,0.1003598350537126,0.10931709899417681,0.09330957709387845,0.3743072518582723,0.3957968535787488,0.3566001792356949,0.08930130861433519,0.15116033962437073,0.027441842464563663,0.04024763654806634,0.3152423279394677,0.3438721340081965,0.07581742759502716,0.40620792567761616
453286,2021,"scherzer, max",2821,123.8,124.7,116.1,0.5128952905856352,0.5572134913955568,0.4685770897757138,0.08106345092646462,0.07686102498172376,0.058471890536054914,0.37453500467199097,0.39350346338170583,0.3914788856437124,0.1036229299277725,0.143183938131865,0.055118885408208994,0.09266845498645353,0.39216850361800487,0.3903284138151726,0.14047163045658312,0.3621290980483904
623167,2021,"flexen, chris",2811,123.7,121.7,118.4,0.5128334794794531,0.4930416277221178,0.5326253312367885,0.09476208106345092,0.07829931572652589,0.0718913469371733,0.4567267854939087,0.3677866443586107,0.4090503859200616,0.059897219192541894,0.17455876438219986,0.07714146668052708,0.07187157399939464,0.3531562168958587,0.3852382087345398,0.14064557406912392,0.3658635859129853
605538,2021,"wisler, matt",788,123.4,117.9,120.9,0.8469174673927494,0.6867329298849059,1.007102004900593,0.08516591125286777,0.08076705427064128,0.06095556640588932,0.3769794639359857,0.3548523514843954,0.38811824434377107,0.0782314394757687,0.1862763735868078,0.05019931433323575,0.054740390171254746,0.35367845792865843,0.40184314850095015,0.12507053966556772,0.4111664480471787
593334,2021,"germán, domingo",1579,123.3,111.1,126.1,0.6063770706153611,0.3169967694903532,0.895757371740369,0.09701035930544126,0.1123508571893961,0.08896213827305355,0.3006730383779564,0.34212919602014363,0.33342053984663306,0.08823241751923037,0.15393759222896103,0.06306631113575187,0.05774399290668801,0.36857401522226735,0.3271524818852997,0.16670324278955362,0.340118780217579
518516,2021,"bumgarner, madison",2302,123.0,112.9,124.2,0.5256286004733963,0.32058449205345396,0.7306727088933386,0.09476208106345092,0.10775188305273381,0.09869273058100178,0.31974048412404577,0.3431609164259444,0.3645698770141729,0.07944335602055673,0.1300438928659815,0.07290840495469877,0.060069459031774707,0.35682712125928934,0.376939744904738,0.1358268532177271,0.35664609042247825
593144,2021,"rodríguez, richard",948,122.8,128.0,112.1,0.7483567331408039,0.9519856831582316,0.544727783123376,0.09278550787984749,0.059297330983508784,0.04957719401012331,0.3460576479444404,0.3491321061531005,0.35566950539960046,0.07669748968212618,0.18262389567334097,0.09252233851271542,0.06986687548264511,0.26549987776932443,0.3167750231604697,0.21161442733214988,0.36364206945975963
669373,2021,"skubal, tarik",2547,122.6,134.5,106.6,0.5027283172671205,0.7888891074533576,0.2165675270808834,0.0713157929652775,0.04629210329938069,0.06435953344873674,0.37465005506242616,0.38302070112105385,0.39520008546337776,0.1065760427289079,0.17541740515419774,0.09395348029021225,0.0781856450889766,0.372829888734727,0.384799879611458,0.17009489946443396,0.3688593487964903
543294,2021,"hendricks, kyle",2819,122.5,120.8,117.3,0.4873718387969647,0.47176583330982047,0.502977844284109,0.0795130105474933,0.0671980449540704,0.07185474322462852,0.3717362682879924,0.3118329332458801,0.36539668307892675,0.1323507997087604,0.14793131865933767,0.08486833308428483,0.071852009217087,0.36111281573542753,0.3398333667084087,0.14009319152245833,0.3801838965601323
548389,2021,"stripling, ross",1686,122.4,118.3,119.1,0.569956456882531,0.49134603750680805,0.6485668762582539,0.10025553503814373,0.09372358901488767,0.07647622412946709,0.35276891798630927,0.3472055823341661,0.3568001132014916,0.07016531391126336,0.17591169541914842,0.06509301335551002,0.06693842808581725,0.3567166137000406,0.4020321568109661,0.17503291851059827,0.39960117450072025
663465,2021,"allard, kolby",2054,122.1,110.6,124.8,0.5265575181487441,0.2773471249320487,0.7757679113654394,0.08647039897039896,0.07686682840069924,0.0935168349320533,0.4042631917631917,0.4214491826337765,0.41672950665419145,0.07988610775389778,0.17991646863973498,0.04830611065717164,0.07138689334210907,0.38869499038301325,0.3851554456355824,0.17733298029270775,0.3173189789100657
571945,2021,"mikolas, miles",709,121.8,126.9,111.4,0.8403216240792275,1.0757264215999172,0.604916826558538,0.07681631211042975,0.07807481912828657,0.05902046905967061,0.32041284982461454,0.32635727310158225,0.3440509984915879,0.07380324478846104,0.15686450338378094,0.06590632332412606,0.08939180369904112,0.33980813210965577,0.2842204281214432,0.16443767426399716,0.3391041174369791
669330,2021,"wells, tyler",894,121.6,128.4,110.0,0.7340193742535168,0.9941630969458615,0.4738756515611721,0.07254873921540587,0.04848012036443677,0.07727418311836823,0.3952047285380619,0.3497557419223018,0.3469623365536491,0.07380324478846104,0.1946003524403847,0.06686248425721407,0.0868857297668792,0.32992971305271707,0.38111765700725075,0.1930517582679262,0.28439810239923713
593423,2021,"montas, frankie",3032,121.4,139.5,100.9,0.4563090912738822,0.8597638642214276,0.05285431832633681,0.07305718416829528,0.10222248062252712,0.10998874704446875,0.36223525112414007,0.3386210195728031,0.3202316638484871,0.03872843538404391,0.11201800672614247,0.09895089779256223,0.09147424466593004,0.376699964688916,0.36436617368098617,0.15557750122928773,0.3441133524780543
676051,2021,"heuer, codi",1061,120.8,104.7,127.5,0.6497774441910087,0.17989353719106138,1.119661351190956,0.07995167178840647,0.08006322743235485,0.0920313637090308,0.4355317416541906,0.4448089631844357,0.4750029165064389,0.08324698260658364,0.14091218100576933,0.06168155900847695,0.05894986654914875,0.3052050467180112,0.27272629843434243,0.11543525924707428,0.35537785235515595
625643,2021,"lópez, reynaldo",938,120.7,116.3,118.2,0.6873990953085951,0.5718288219067,0.8029693687104902,0.07533907533907533,0.0968766543144521,0.06645478240505984,0.4296356796356796,0.3997309621173179,0.37570722401366247,0.07380324478846104,0.15686450338378094,0.07517440004158128,0.04976132210225601,0.35634365068757606,0.37215809631839125,0.17193672220737177,0.32831265944183696
661403,2021,"clase, emmanuel",1063,120.5,120.4,114.6,0.6382100850407146,0.6636531762802875,0.6127669938011419,0.09327695041980755,0.05668444842611068,0.0683810079820181,0.36526322240607956,0.3320220982476144,0.29964076673869616,0.11368407641900836,0.1214195899873152,0.078529210846773,0.05249546067930305,0.44332423843249824,0.4255733763358852,0.09464797596313233,0.3071870828412218
572193,2021,"tepera, ryan",951,120.3,111.4,121.3,0.6688270662218156,0.41022969701849243,0.927424435425139,0.07835263835263834,0.09022998647138404,0.0842551705492723,0.3668211068211068,0.4378005775570625,0.42277165901732205,0.08051757334079401,0.13629210949738343,0.06147034843001939,0.062040089893721784,0.33558054264523984,0.3600932109943579,0.08070887453664181,0.43905665421720225
489119,2021,"miley, wade",2592,120.3,122.9,112.3,0.4511271261008677,0.5287523541178883,0.3735018980838471,0.07025188453759881,0.10212305334102384,0.07823569015152736,0.3905865048722192,0.3774734058663801,0.4355854956567156,0.07595134037130148,0.13531668878396033,0.07012268347504409,0.07723824134504305,0.4441180852126176,0.41162519422515076,0.1338738197687866,0.4099394677726223
605447,2021,"romano, jordan",1031,120.2,106.7,125.0,0.6407831718165528,0.24559757662804707,1.0359687670050584,0.09278550787984749,0.06991774847309246,0.07372327423061326,0.38379349700104415,0.3668871102402229,0.4011752016401568,0.12171649190443747,0.12790490275908292,0.048468303494158656,0.07406521694636638,0.3242412697242219,0.2785535544431482,0.1379991417460654,0.32279282441509954
573124,2021,"rogers, taylor",650,120.2,115.0,118.5,0.8253483601945477,0.6498741885220903,1.000822531867005,0.08516591125286777,0.07319514293276866,0.07863815917932081,0.3769794639359857,0.39970994353273337,0.2945868817495006,0.08503417334322685,0.15899605824653024,0.05512081573845494,0.05445268474150152,0.3295292871373504,0.36719955385422665,0.1765480435543489,0.3655522457498433
518886,2021,"kimbrel, craig",1012,120.2,90.3,137.9,0.6464220958949196,-0.2712982795220998,1.564142471311939,0.10463046633259399,0.1114081524616199,0.09374245165179096,0.3689586242777732,0.44302393976824894,0.38811824434377107,0.10633187651982208,0.1432895181436983,0.04895031358543789,0.029132572488796356,0.2650268552433749,0.30700290568140265,0.16226892489923764,0.3545527714248682
518876,2021,"kelly, merrill",2437,120.2,106.3,125.2,0.4570898170647923,0.16581725637851683,0.7483623777510677,0.0988233131090274,0.0691749224835514,0.08737764045069585,0.4477293620150763,0.4112959741863924,0.44379116499980914,0.07483002498466373,0.19384580606759988,0.07279069092421137,0.06131571336853352,0.3682158729773004,0.3391169180355417,0.1534315353481352,0.3195559722892836
542947,2021,"bleier, richard",697,120.1,121.6,113.0,0.7858839082349807,0.8819375566733273,0.6898302597966339,0.08516591125286777,0.04785050841165187,0.0704222321008843,0.3769794639359857,0.3322264465726615,0.32351064037268706,0.09096679008810314,0.17008880649628816,0.06972697974871307,0.05825715758312899,0.388492661507317,0.3991119176410434,0.15947753943872162,0.32658580345367894
656731,2021,"megill, tylor",1554,119.6,124.9,109.6,0.518057770773537,0.6806999806847033,0.3554155608623707,0.0768379987129987,0.058602980904094784,0.07464766167510276,0.4272039897039897,0.3977467668669581,0.42972458783300044,0.07222899961453581,0.18108556881382926,0.07403436524631742,0.10191094428839019,0.3348477570000529,0.3153598430797625,0.13047771979643255,0.38315873865361055
543475,2021,"lyles, jordan",2964,119.3,121.3,112.1,0.4159587551821542,0.4763674382981434,0.35555007206616496,0.05588218088218088,0.0647544796830133,0.08830499747617555,0.43569381069381063,0.4095844629460299,0.4925573758706182,0.09911571973788436,0.1431381867934039,0.07715732738916872,0.07833484504250568,0.4067373946592451,0.38031358721786174,0.16761983363838992,0.3854032617720582
459429,2021,"mcgee, jake",882,119.1,114.7,117.1,0.6588928726629686,0.5366799291501904,0.7811058161757468,0.07995167178840647,0.08569857881663069,0.0704222321008843,0.3743072518582723,0.39206969725762736,0.36828675977567216,0.09630533281938108,0.12380036626157628,0.0680564571903786,0.04550707134718768,0.4251070293572298,0.41839972586223567,0.16078482537985345,0.2919281718813848
621295,2021,"wittgren, nick",1033,119.0,111.0,119.7,0.6037954107413809,0.3808867736038915,0.8267040478788702,0.06640054097681215,0.07683320859422062,0.08504163988302846,0.4464585651026329,0.3630050159321257,0.3629773785439245,0.11153909384506482,0.1946003524403847,0.05737064495226943,0.044791724545428666,0.4246121151837729,0.41495447171879934,0.2245704126790162,0.3824019637154899
543521,2021,"mchugh, collin",980,118.9,95.1,132.1,0.615461297315999,-0.11985180028464114,1.350774394916639,0.11176436176436176,0.08612862344995749,0.10335830078091152,0.39411489411489414,0.40274903615295354,0.37961866007646206,0.09445330718823913,0.14065035921808444,0.03904391114807225,0.03192053933122503,0.4000832450556232,0.3991629568570754,0.12505486418433046,0.3274805035482188
676596,2021,"fleming, josh",1649,118.8,121.0,111.6,0.4877065715014274,0.5655229602317379,0.4098901827711169,0.09393066535923678,0.06922963196123598,0.08450686565877608,0.3228738943024657,0.34758050798283724,0.36239315569539166,0.0909472611352067,0.1586741335283137,0.0762010425978142,0.07656521721148486,0.3858451202839024,0.39236879402365576,0.16131580787917285,0.3627745115626273
592791,2021,"taillon, jameson",2376,118.2,122.1,109.8,0.41836333018024563,0.524150560302405,0.31257610005808617,0.08106345092646462,0.06403740956414329,0.0930022980218988,0.41563089508294987,0.39651196988412446,0.38631121353150827,0.08228061873557661,0.1227835557064332,0.08910426840426582,0.07889532320091,0.3729418944774508,0.3643999043973343,0.15486419497594706,0.3468728916848926
453178,2021,"kennedy, ian",911,117.7,115.3,114.4,0.6007873039162468,0.5477431380467092,0.6538314697857843,0.07533907533907533,0.10111169931180519,0.048289474685185046,0.3911741411741412,0.376071531395986,0.35941834941519524,0.10556378524622205,0.1484610478453641,0.08285133918828701,0.0572285897244936,0.387086818347932,0.3140481400994781,0.19573804828851724,0.31654941955958377
596133,2021,"weaver, luke",1119,117.7,110.6,118.1,0.5424878003504796,0.3533399997957844,0.7316356009051748,0.0847867572005503,0.08053601382767704,0.07811964593906102,0.4024319886388852,0.3684510407963245,0.3799443361043028,0.1037117890138322,0.14585646805860333,0.06776283947410144,0.07336874454543942,0.3493801921690827,0.3181809174204298,0.14090070734185625,0.33310413568427644
669145,2021,"zimmermann, bruce",1105,117.4,115.2,114.1,0.5385313118109237,0.49499563508095873,0.5820669885408887,0.06640054097681215,0.058602980904094784,0.10018855206968297,0.39561110747551426,0.46991171532056636,0.512115596958454,0.0641241307178432,0.2018658799891867,0.05727573336501431,0.07979169928924161,0.4024523052857723,0.3884288840596869,0.14290416930085467,0.35525113406270553
542882,2021,"andriese, matt",855,117.3,111.5,116.8,0.6103646243802382,0.43659579959713696,0.7841334491633395,0.09835263835263834,0.08252455737897771,0.07997963750903866,0.34682110682110684,0.36520291834685104,0.34137158220202424,0.08616792936470939,0.18094418735684895,0.06351936004435337,0.061244704125853554,0.3634332274000812,0.3939381698277636,0.1333991703545299,0.3696372040781736
605507,2021,"thompson, zach",1198,117.2,122.0,108.3,0.5120489564354035,0.6756594600112433,0.34843845285956365,0.07254873921540587,0.047237040355092234,0.09078769663188173,0.41372324705658037,0.39206969725762736,0.5091244987158113,0.07016531391126336,0.13305455256200557,0.07970573063940002,0.08356484548561177,0.41638769024494765,0.365189549115945,0.10208112470685504,0.3615944646046288
656629,2021,"kopech, michael",1158,117.2,108.4,119.1,0.5221302318712262,0.2838359128775473,0.7604245508649052,0.09106725773392439,0.09168530883382571,0.0828737616052065,0.35816769150102484,0.3964747804208861,0.3721045348546382,0.09852619956314058,0.1218969779890065,0.06247805906001971,0.06564871502064293,0.35747530563942415,0.3946270141655177,0.13121229870937368,0.3405087997420875
677960,2021,"weathers, ryan",1621,117.2,114.1,114.5,0.45111221145539315,0.3921803420831453,0.510044080827641,0.0924629987129987,0.08724764997925401,0.0622063847292523,0.4115789897039897,0.4286615890639183,0.4414371565275004,0.06821627741372827,0.18491414832417208,0.07300151030524488,0.06474892001203031,0.40940180975705487,0.4087892532885136,0.17760701141375507,0.349270874652347
543507,2021,"may, trevor",1133,116.8,113.2,114.8,0.516035158382916,0.43016170642825463,0.6019086103375774,0.07533907533907533,0.08006322743235485,0.0828737616052065,0.4296356796356796,0.4166399490999287,0.4155827957242034,0.08324698260658364,0.14091218100576933,0.09526494430592135,0.05825715758312899,0.32468842039352247,0.3747216737386044,0.09842541346347201,0.3262303339186321
592346,2021,"gonzález, chi chi",1635,116.7,138.4,94.8,0.43922889068085047,1.0119703507600821,-0.13351256939838121,0.07025188453759881,0.0424215608037104,0.060773933470545265,0.3763007905865049,0.39986146556787266,0.3753953772044885,0.08098043799710185,0.22347696821014232,0.11048929282128961,0.09172724954544521,0.350447949152039,0.3705068444567765,0.24003160177017432,0.3383561598194612
605397,2021,"musgrove, joe",2946,115.9,135.9,95.5,0.3478698480458044,0.7880032806374677,-0.09226358454585895,0.09348151240043132,0.08347257146638433,0.07917763209972466,0.34244669379804515,0.3404799717663667,0.3694271142227705,0.05524833620363023,0.1337740063489756,0.09423895027863069,0.10498765644837534,0.4063809187513485,0.38443719172273544,0.1217140223347714,0.3490573685984705
606303,2021,"payamps, joel",834,115.6,109.3,116.0,0.5604196359705481,0.36417941283955707,0.7566598591015392,0.08903708903708903,0.07679490406060974,0.09859119915102152,0.3713876213876214,0.40297436698516287,0.42543470525810406,0.07669748968212618,0.12380036626157628,0.05774487276759397,0.05777086921816577,0.4213029340000738,0.4272717724656556,0.13642348820108777,0.3442357929338629
592314,2021,"foltynewicz, mike",2236,115.2,119.8,107.2,0.3615285086838034,0.4812785600579268,0.2417784573096799,0.0875649609826825,0.08290515782808623,0.07881095257911212,0.4346969030513334,0.395957100562712,0.4093765654777209,0.0584710949260528,0.19421212713500463,0.08656190272068379,0.08163950835572426,0.3703107678648978,0.3509877271589807,0.2297564204139986,0.408885254913366
547942,2021,"kim, kwang hyun",1789,115.1,121.1,105.9,0.3852287385405577,0.5517548167887754,0.21870266029234006,0.07931664383277286,0.07249518063865278,0.08382970721883892,0.4409847635654087,0.3922777017556126,0.4103385856247119,0.0629688714588261,0.209151521530005,0.10008088117870435,0.09068695633414367,0.27395647568119474,0.34987663376521927,0.13770978421211444,0.4299796322372554
595014,2021,"treinen, blake",1099,115.1,104.1,119.4,0.47408592309221187,0.15927783017240202,0.7888940160120217,0.08903708903708903,0.08218402013503849,0.09879837574645954,0.39411489411489414,0.3786216909841217,0.30404724860250054,0.1180831637878871,0.12408684596030432,0.07174273583532348,0.06877484430734021,0.29390115609882556,0.3538949672210186,0.11115987927496042,0.3739725961010345
650644,2021,"civale, aaron",1909,115.0,96.7,125.0,0.3750145920082657,-0.053250026493660674,0.803279210510192,0.1311416458475282,0.08830156320410905,0.09239904785137283,0.3873684608978727,0.34364823459582594,0.3678897664221555,0.07988610775389778,0.15288944161270795,0.05579401144758001,0.06760363450696602,0.38432852602860623,0.34776284257442086,0.15002821586622708,0.4332616284909851
669622,2021,"bender, anthony",985,115.0,109.4,115.0,0.49587282017389567,0.3384646628210652,0.6532809775267262,0.0816173316173316,0.1164316537529878,0.08409249339351836,0.36127198627198626,0.37244600584992327,0.40698842507308874,0.08051757334079401,0.11989866687443264,0.08018602671102003,0.07406521694636638,0.2967665607334145,0.3041945800841738,0.16673250368786321,0.35361359408432824
445213,2021,"kintzler, brandon",518,114.9,112.0,112.7,0.715273966435205,0.6141370919505761,0.8164108409198338,0.08705848705848705,0.06692127353853135,0.07372327423061326,0.38535678535678536,0.4083062340870705,0.3543002016401568,0.0832249356125199,0.15561316339022108,0.06111220875350439,0.050492489487574135,0.387086818347932,0.3768577681193738,0.23921630915808248,0.3799431239832792
669212,2021,"morgan, eli",1414,114.6,133.4,95.6,0.41116567471152626,0.9362518138468943,-0.11392046442384175,0.07025188453759881,0.06189341803423328,0.08464358787144902,0.333443647729362,0.30167996653791607,0.3560700282035926,0.0909472611352067,0.1586741335283137,0.10437405960277873,0.09911573325047897,0.3915531238723923,0.3361667427810472,0.19153138533267866,0.35662406423566306
643256,2021,"cimber, adam",1034,114.5,118.7,106.9,0.46836279446680407,0.6189873015141524,0.3177382874194557,0.09110771901469575,0.05576772794877612,0.05468072868763601,0.3567687288617521,0.32835043316779683,0.39228254272014756,0.11714528769132941,0.1578613335481422,0.07646265266659476,0.07366398828061498,0.41849991636848516,0.42094757876701694,0.19742039764831307,0.3435764465866108
657612,2021,"hill, tim",974,114.3,102.0,119.8,0.47801516257691384,0.10275691922053296,0.8532734059332947,0.09278550787984749,0.06597872039010133,0.08797368539629613,0.38379349700104415,0.36030192093091457,0.3488494293072313,0.14373503183529734,0.10183578515065146,0.10195020355545968,0.03752820164616997,0.32992971305271707,0.26658347630494,0.1579640389696806,0.3794724932449134
571760,2021,"heaney, andrew",2330,113.7,125.0,100.8,0.32331794707804373,0.5932013141674385,0.05343457998864896,0.08218933218933218,0.060768083160883585,0.08377835819620041,0.39362576862576865,0.3780130580554085,0.3678897664221555,0.09307731733868747,0.13310374916871046,0.10874930395796222,0.09320603845453655,0.3134330208189359,0.3373732069253642,0.1496374033171007,0.38911671155462335
657093,2021,"watkins, spenser",960,113.5,92.9,125.8,0.4556757475858266,-0.1947542398784864,1.1061057350501395,0.08196053196053195,0.08832746146778384,0.06215532120390487,0.42235092235092236,0.4779475446677579,0.5073392707061961,0.13185953289647392,0.18856364465567316,0.03698896845606845,0.04227510550280157,0.43165781110532725,0.4400635154563324,0.14478881870094465,0.41359324803421754
592866,2021,"williams, trevor",1537,113.2,95.3,123.5,0.3623188580246135,-0.09380310399835971,0.8184408200475867,0.11529386529386529,0.09782312270401206,0.08834808682508408,0.3556842556842557,0.3695094584454034,0.33341102640881853,0.10988294408039494,0.1571363705463943,0.0759582896781138,0.06181047128039843,0.34315511762073164,0.31498012145468707,0.10348232949372235,0.3804421489842495
598264,2021,"barnes, matt",925,113.2,99.9,119.8,0.4550940240276298,0.033769929465996745,0.8764181185892628,0.10245066495066495,0.07807481912828657,0.07997100933490252,0.42377198627198626,0.49302393976824893,0.40127479499949215,0.08468227541014543,0.17782445998862742,0.0624702578369156,0.0712998048032325,0.2845776365334416,0.35413697382933673,0.11119889380603984,0.36269094838862614
668678,2021,"gallen, zac",2106,113.0,121.7,102.3,0.3189668663846613,0.5363425702750021,0.1015911624943205,0.08966108966108965,0.05075436739015352,0.06338009010150235,0.4294099294099294,0.4248342534472762,0.41203031042424565,0.08694035136031247,0.17927273274000427,0.08108398018728265,0.110453452481274,0.3455040797025196,0.36898339556803267,0.10747066298571731,0.40322524339804455
528748,2021,"castellanos, humberto",726,113.0,111.2,110.6,0.5131308966913889,0.46650739735761265,0.5597543960251652,0.09642415524768465,0.06692127353853135,0.06740413643941784,0.39884422237363415,0.4225919483727848,0.45250304149957193,0.06862406971558659,0.18094418735684895,0.07748215470214936,0.07366398828061498,0.3574132485867316,0.35573018746266916,0.13338600295029054,0.33982049063605235
502171,2021,"cobb, alex",1579,112.7,84.9,131.0,0.3469053672132083,-0.3633468880417527,1.0571576224681694,0.11835263835263835,0.08514205046761955,0.08299236076085213,0.40682110682110684,0.40766114104014645,0.41586250435451655,0.11725752597090046,0.20149761420184722,0.04626116925635771,0.050955540765538175,0.4115960927308161,0.35133215974861326,0.16349952135838264,0.3692201124268144
607536,2021,"freeland, kyle",1888,112.6,90.3,126.4,0.3203488108983069,-0.20710828551994023,0.847805907316554,0.10172988114164584,0.12789242194109526,0.09450233508676813,0.3873684608978727,0.38861155501023303,0.3683484911691132,0.10143040992036455,0.10658741896590243,0.04821704693000742,0.062024693795226106,0.41238267681484486,0.4210057147891532,0.11730833469920861,0.3692692605022526
621345,2021,"minter, a. j.",876,112.6,98.5,120.1,0.45064541277229436,-0.012339367899745202,0.9136301934443339,0.08705848705848705,0.11524981289133093,0.07610144436708464,0.36313456313456316,0.3376109721740506,0.34960020814467796,0.1340944402337023,0.17481048609051508,0.060494628613669874,0.05319840734952926,0.36199989911118846,0.40460813023331776,0.1270468289090761,0.32323959732296836
664948,2021,"misiewicz, anthony",902,112.5,111.2,109.8,0.43861351611086785,0.41420251768578986,0.46302451453594584,0.09835263835263834,0.07479590983812097,0.0920313637090308,0.3668211068211068,0.3497557419223018,0.39281113568452103,0.07669748968212618,0.16301605253608606,0.07329156928194619,0.07132206076316762,0.38088449315393985,0.4410762623032785,0.13469135040907293,0.36550754431911586
640470,2021,"alzolay, adbert",1961,112.5,105.1,114.7,0.3142703725432806,0.149093385307312,0.4794473597792492,0.10556842556842556,0.08547591318157756,0.07837330282870361,0.36454740454740453,0.38865149108875946,0.3683484911691132,0.09467906813408815,0.20977833807315602,0.0902194479060648,0.06760363450696602,0.3789154481972174,0.35834485315643155,0.10566162127656192,0.3633900306105154
660896,2021,"alcalá, jorge",873,112.4,99.0,119.3,0.44369541523993206,0.0052864809122607735,0.8821043495676033,0.09456984456984456,0.10128013860147264,0.09879837574645954,0.3911741411741412,0.40274903615295354,0.3775766603672064,0.09095503655163768,0.1724781236914887,0.07075237650972356,0.06455522867319699,0.3059704947647775,0.32063753035899406,0.13241103266576168,0.2736335205060772
594577,2021,"mayers, mike",1236,112.3,103.7,115.5,0.3731777596541147,0.140104527870768,0.6062509914374614,0.09278550787984749,0.11956159441601474,0.08839854672051643,0.4026614215293461,0.41458563439623375,0.40362122243381626,0.06208844402838786,0.1637114076085776,0.08804790307062427,0.05028512549280608,0.4213029340000738,0.38660186575332167,0.10612045789805746,0.3385760129309778
641154,2021,"lópez, pablo",1673,112.1,106.3,113.1,0.3229766076769245,0.18990474463908175,0.45604847071476723,0.08334969351918503,0.11802514290603226,0.11650314729086139,0.37866195493314136,0.3897114786474236,0.38777405331489173,0.05509256301110472,0.1875185729484562,0.07105775486017098,0.08518057947877718,0.37746769067745867,0.35151451497710373,0.15325766307477254,0.32606392304594023
605488,2021,"springs, jeffrey",754,111.8,89.0,126.2,0.45946095846582413,-0.3634509266517039,1.2823728435833521,0.11835263835263835,0.10725451222070177,0.11197149251265413,0.40682110682110684,0.4449327620017912,0.3945868817495006,0.07669748968212618,0.1434082093988312,0.03853535324811068,0.04959083788958174,0.29374454561712493,0.40584245083152787,0.12774362172918707,0.3643041387117942
592767,2021,"smyly, drew",2149,111.7,98.8,118.4,0.2872009755527541,-0.001974040540933178,0.5763759916464414,0.10417936733726207,0.09832937323796274,0.07592413711530663,0.386066517645465,0.38435222004724756,0.3646501008200784,0.11425092274087738,0.11940793178641525,0.07159709670636558,0.0803102550098727,0.33646353406625745,0.3246042241661172,0.17883410742564101,0.3434372840241787
592332,2021,"gausman, kevin",3004,111.6,111.9,107.9,0.25950788458381846,0.27728515624908406,0.2417306129185528,0.09223509223509223,0.07122992765131461,0.08966202320757678,0.36454740454740453,0.3305429092406329,0.3573543327122225,0.11732873090095092,0.16466471698215474,0.08735448399260332,0.08540034086986893,0.3635690256574855,0.3989301068492767,0.1326185095097889,0.3393555444778424
608716,2021,"steckenrider, drew",1013,111.5,118.1,103.0,0.3859870396589294,0.6076836174244444,0.16429046189341434,0.07995167178840647,0.06506234927357214,0.07942068820498956,0.3947154151235784,0.3691866164735408,0.4121557347912505,0.08324698260658364,0.17481048609051508,0.0968526933776867,0.08453355349800627,0.43009989406674787,0.3122519265931039,0.15006583702119655,0.34466943974881564
608717,2021,"stratton, chris",1382,111.3,108.1,110.5,0.3281792499114701,0.2519147951294606,0.40444370469347957,0.11165343240814939,0.10245985530262926,0.07059616729332406,0.36492557247274227,0.35441915181459915,0.3787063321601239,0.08445102819697764,0.09019740970486272,0.06330475792975265,0.0886574436547129,0.37902623215795883,0.40128461865217735,0.15794671343778677,0.3876355804543777
605177,2021,"chafin, andrew",951,111.0,113.7,105.7,0.3823715457238988,0.48464397525492126,0.28009911619287636,0.07995167178840647,0.07435697059836816,0.06938661104057718,0.3743072518582723,0.4219275616840466,0.3775766603672064,0.10192365472049027,0.16058308067828259,0.08184734651635496,0.09239038865070082,0.4198027273803503,0.35502291838490063,0.07047817213058863,0.2940104847990829
605513,2021,"turnbull, spencer",775,110.9,103.4,113.6,0.4221692013011041,0.16639316696187453,0.6779452356403336,0.10463046633259399,0.08745367919534144,0.07734900902884013,0.3902352200224541,0.39356055978607596,0.4045116869667219,0.0877066423890792,0.1484610478453641,0.0401594514665886,0.09585379335114291,0.36865705205721244,0.3600703651624075,0.12862786030388276,0.40275564617574183
472610,2021,"garcía, luis",505,110.6,104.1,112.6,0.5358237275560394,0.24753551648155642,0.8241119386305223,0.08705848705848705,0.07435697059836816,0.10589425093998608,0.38535678535678536,0.3108164505729355,0.38287431305500064,0.10450153135720075,0.1768897591349019,0.04895031358543789,0.07126579097767127,0.373134963351483,0.33447504238802944,0.21632297895329172,0.3397260120234484
607200,2021,"fedde, erick",2433,110.6,114.7,104.3,0.2548370057221708,0.3558995669119669,0.15377444453237465,0.09102147260041997,0.07173695664960884,0.07965811107179711,0.386066517645465,0.3746773065636662,0.3907804336472954,0.09532014426251127,0.19655203228120952,0.10540774401774135,0.07065172780418758,0.36537329096003246,0.3678316781875157,0.2266930014751453,0.384187148726547
554340,2021,"garcía, yimi",963,110.5,106.9,110.2,0.36244508755966653,0.259934040643582,0.46495613447575107,0.09835263835263834,0.08882014293276866,0.08168985072513212,0.3668211068211068,0.39970994353273337,0.45250304149957193,0.07243651803311917,0.1724781236914887,0.06147034843001939,0.08252981316880825,0.43235473619362697,0.3818168178080794,0.16135403582696442,0.2979615844125722
660623,2021,"ynoa, huascar",1486,110.5,132.8,89.8,0.29891570202839024,0.9036391669537996,-0.30580776289701916,0.06529386529386529,0.07115267729349253,0.06998218282040884,0.3723509223509224,0.4313095961675457,0.42370013442677124,0.05838167125057366,0.19871371163194612,0.11624904949098065,0.08990142688409601,0.4602795015484395,0.4101311240195844,0.1505801099061483,0.35997791627189596
605242,2021,"fulmer, michael",1190,110.5,121.6,98.8,0.32963983962486093,0.6648991139629221,-0.005619434713200287,0.07681631211042975,0.07579318863596259,0.05684686205734034,0.45766775178539887,0.36775248514793246,0.441870034999639,0.07796145990140373,0.13196537586254586,0.0652939505916989,0.10263892306491978,0.4584943106067963,0.46406835472919583,0.17981966540754823,0.3592749831538323
471911,2021,"carrasco, carlos",889,110.4,97.8,117.3,0.37659887804669717,-0.034836571376009616,0.7880343274694039,0.09106725773392439,0.08681154737269084,0.087250513646224,0.41372324705658037,0.41014852449473943,0.37240536240220823,0.121255648662955,0.14585646805860333,0.06682168892585003,0.0482534032506725,0.4000832450556232,0.3810825984501572,0.2083881975176638,0.37374428412348665
622072,2021,"wood, alex",2199,110.3,114.6,103.8,0.25469957811312144,0.3651181550948767,0.14428100113136616,0.08334969351918503,0.07566007146638433,0.075157668541028,0.37866195493314136,0.3639174717663667,0.38513114573250035,0.11990738432734546,0.11333866680593835,0.07161431826760001,0.11054358843561715,0.37084666893434215,0.3691734885612465,0.1387149651187722,0.36246504171118243
592662,2021,"ray, robbie",3141,110.2,115.8,102.8,0.2292072410148512,0.354723508935236,0.10369097309446638,0.09655648680038924,0.06554901317605641,0.07391923828109827,0.4065982358665285,0.3839351925527297,0.4046566407239313,0.09282887472696287,0.16993561124312906,0.09494334360680257,0.08277723873233697,0.4026025233590056,0.4052875587512572,0.1538714757773833,0.33017480236537977
448179,2021,"hill, rich",2496,110.1,110.5,106.8,0.24109826727718847,0.25874456217111463,0.22345197238326228,0.10556842556842556,0.09987786730470231,0.09216151848376267,0.31121407121407124,0.35103493217397586,0.3527189340939858,0.08328571938120033,0.1618113895265457,0.0686695442015186,0.09593430362033735,0.4058488002558423,0.399679194918791,0.16862761756553368,0.34421579546746167
543056,2021,"coulombe, danny",533,109.8,112.5,104.9,0.48504236236135423,0.6226518959078166,0.34743282881489196,0.08335387058791313,0.05942724431769668,0.07734900902884013,0.3689586242777732,0.3964747804208861,0.4045116869667219,0.08889936304064626,0.14349587907591796,0.09074194292050482,0.07582677653677107,0.376333182000116,0.3766218610565962,0.11914167193504269,0.3303356575742564
660813,2021,"graterol, brusdar",546,109.8,103.9,111.5,0.4735293160253433,0.22539275508492135,0.7216658769657653,0.09110771901469575,0.08218402013503849,0.07997100933490252,0.3800245428152405,0.4137094102823673,0.40127479499949215,0.0982314394757687,0.1662763735868078,0.053040784955871736,0.0868561258512105,0.335962144226507,0.32231231357391926,0.16988585323154326,0.32025735713808784
669203,2021,"burnes, corbin",2594,109.6,95.4,118.0,0.2289933800396851,-0.07625256425569446,0.5342393243350647,0.11835263835263835,0.0826289155666365,0.09924342176628934,0.40682110682110684,0.38259609017306384,0.39514086023120404,0.087488252832765,0.11789643897899227,0.0955179636514841,0.060161951623653176,0.37957950934093676,0.38308811024701117,0.04547698989358973,0.3517999328889014
543339,2021,"hudson, daniel",869,109.6,109.5,106.8,0.3539576557486991,0.364408863849845,0.34350644764755317,0.09106725773392439,0.08238390069126368,0.05633772046604922,0.41372324705658037,0.42871646936369473,0.38901837734803085,0.09267116931676293,0.17573242791208282,0.0624702578369156,0.09470634298059963,0.41791096986677495,0.3889701187961567,0.13342111602826207,0.3313399550366882
572971,2021,"keuchel, dallas",2730,109.6,120.6,98.1,0.2251871274075765,0.4713194745884736,-0.020945219773320662,0.07686257686257686,0.055657983607455136,0.08268701994808565,0.3482339482339482,0.4056404390005456,0.3858158028369103,0.11793635617612312,0.17142394732020189,0.09046192512630685,0.09597522194199491,0.4100730303379218,0.3789504560808801,0.19179885945786207,0.37567149789761667
656529,2021,"hentges, sam",1260,109.3,137.1,84.7,0.2884011785186968,1.091514649268281,-0.5147122922308874,0.06754537789020547,0.03919669306060845,0.039556271816587746,0.4024319886388852,0.4104408126180312,0.42207673303159615,0.08326157709561176,0.20160307999070973,0.09577349568110001,0.10920587112663742,0.5087608004783138,0.5019416858680817,0.15221685023121515,0.35010200486054294
664141,2021,"brubaker, jt",1946,109.3,120.2,98.1,0.24380179793548037,0.5127392569514992,-0.0251356610805385,0.11151594250185799,0.06947591318157756,0.08439598071463975,0.3710007794514837,0.33265149108875947,0.367521361456457,0.05778319969162865,0.21545669034518106,0.11922809647277448,0.07528462798806873,0.40287938754613384,0.37555834560964785,0.14187198738490633,0.36335615981946123
656457,2021,"gilbert, tyler",600,109.2,109.4,106.4,0.425521049780279,0.4485681030393551,0.40247399652120286,0.0816173316173316,0.07939812114741007,0.07610144436708464,0.40293865293865294,0.48443112518804976,0.4302453694350006,0.07243651803311917,0.11692256813593316,0.06570968280450348,0.09258436811686402,0.41044816627594605,0.3538949672210186,0.12075776243572056,0.3636439947375926
519293,2021,"smith, will",1087,109.2,110.8,105.2,0.30479041427011827,0.3649269932919477,0.2446538352482888,0.07533907533907533,0.1082322415168619,0.08409249339351836,0.35271260271260274,0.3743864279731681,0.3628707780142652,0.09734608413786529,0.15934955886394914,0.0775993806880839,0.0868857297668792,0.3678386071613689,0.3939381698277636,0.20974113260115795,0.3782611615187316
606149,2021,"gallegos, giovanny",1244,109.1,116.8,100.4,0.28367269466662326,0.5143949299599374,0.0529504593733091,0.07122967122967122,0.06506234927357214,0.10155644145735854,0.3334737334737335,0.3691866164735408,0.377305432960132,0.11147696731916831,0.13409384966678048,0.12070084387207125,0.05192485784583236,0.5041916937534914,0.39920844833223434,0.13704041399002456,0.36997529156650655
608648,2021,"duffey, tyler",1054,109.0,103.9,110.4,0.30454181947750136,0.15599112148458585,0.45309251747041684,0.0816173316173316,0.09976849474174916,0.08409249339351836,0.40293865293865294,0.42658860277753635,0.46581195448485346,0.0895692723301278,0.11081543453546046,0.054060800051176965,0.10448913002162592,0.34242295469240136,0.36579972912578046,0.13469135040907293,0.37997073370013396
608371,2021,"sims, lucas",827,109.0,99.6,113.7,0.34362964693928005,0.02660215252597405,0.660657141352586,0.09110771901469575,0.07085556053263835,0.11786472896068857,0.40328035676872886,0.3957968535787488,0.3802668930696497,0.10192365472049027,0.16058308067828259,0.09433650201296474,0.06295144869694295,0.29031360086284064,0.295452954109426,0.156940200417094,0.35280775590879204
455119,2021,"martin, chris",664,109.0,103.0,111.1,0.3890592818131202,0.16303265334081438,0.615085910285426,0.11176436176436176,0.08882014293276866,0.09076650080570235,0.3713876213876214,0.35283494353273337,0.35992401436460375,0.08149108278725907,0.17320455581959146,0.05622323205322404,0.0813674214340363,0.35611987288009744,0.34827010206430364,0.24007900442543587,0.2986301281347127
502706,2021,"holland, derek",839,108.9,121.2,96.5,0.3368220105852572,0.7793440346198378,-0.10570001344932349,0.07995167178840647,0.09284012705134992,0.08168985072513212,0.33349092532766,0.3136310609179852,0.3096458986424291,0.08324698260658364,0.12396302846339645,0.12204940004158128,0.10448913002162592,0.2938436506875761,0.306275919601971,0.10943672220737176,0.3834786129831975
608331,2021,"fried, max",2558,108.9,98.4,114.6,0.21441366136011533,-0.01003694405396314,0.4388642667741938,0.1311416458475282,0.09832937323796274,0.09374631640607399,0.416780225603755,0.3610964060937592,0.3894017032397603,0.05581331788395949,0.11720248499250442,0.09479024690268517,0.07277940667370768,0.3292152805933247,0.3555316947541301,0.11006674747019997,0.3699468798820971
506433,2021,"darvish, yu",2773,108.9,96.9,115.7,0.2089962314853263,-0.041627632240010974,0.4596200952106636,0.11733726207410418,0.08570344378493092,0.09930753856575635,0.3992244123823071,0.3502781981070348,0.3701289229234749,0.09093760889411995,0.1415381457395447,0.09139399770324393,0.07345903686701066,0.3514797320462709,0.32118668283704777,0.14453150416920113,0.33814385819599185
664192,2021,"lucchesi, joey",646,108.6,113.1,102.5,0.379932844273825,0.5753793747091288,0.1844863138385212,0.07995167178840647,0.05757014293276866,0.06302185679252964,0.3743072518582723,0.36845994353273337,0.40127479499949215,0.11591317595663599,0.16301605253608606,0.07190870948417362,0.11271140466400836,0.3170942196982051,0.3148866267618197,0.22648962681644894,0.3643041387117942
664199,2021,"clarke, taylor",762,108.5,104.0,109.6,0.34330192021373535,0.18862723861123976,0.49797660181623093,0.09835263835263834,0.08795380457496309,0.06938661104057718,0.3668211068211068,0.376071531395986,0.4511060721319123,0.10023616273037622,0.1492616057008243,0.07777880821757555,0.06824409888309396,0.3225712988572423,0.4246739606652223,0.18375408614840394,0.4106475633081113
501925,2021,"smith, joe",658,108.5,114.4,101.4,0.37524373678882283,0.6214272331944037,0.1290602403832419,0.08516591125286777,0.07319514293276866,0.08934827423061326,0.35524033350120304,0.35283494353273337,0.3386752016401568,0.086923821639743,0.1403070817631198,0.10377074290466433,0.0823635676175272,0.407249886500087,0.35736512494078554,0.10721339680842487,0.31515980761485063
545333,2021,"bauer, trevor",1791,108.4,80.0,128.4,0.2289736952789293,-0.46771364059483056,0.9256610311526892,0.14802435697958086,0.09882131783364484,0.08124515316588682,0.3782247065829155,0.3834840447560708,0.38605487268389516,0.10143040992036455,0.1450489574274409,0.05345735114068002,0.06110679326135361,0.35339992937783193,0.38579485779103473,0.1222661135696866,0.4075656609854055
519242,2021,"sale, chris",740,108.4,109.4,105.1,0.34455153418165574,0.39416915916464385,0.29493390919866763,0.08903708903708903,0.07435697059836816,0.0973665152283949,0.41684216684216685,0.32668946644595137,0.35761178123144977,0.09267116931676293,0.11912865432717717,0.05863325542555695,0.11252675540790484,0.33547682529238265,0.35547663136622515,0.1692915418657199,0.4004538106885128
670280,2021,"bednar, david",940,108.2,118.1,98.0,0.296840481785578,0.6296808158610139,-0.03599985228985788,0.08335387058791313,0.06244896860503719,0.05720445462706536,0.4115118157671349,0.3657870573914396,0.37961866007646206,0.10556378524622205,0.13060390498822125,0.09252233851271542,0.09412620724745246,0.4193460316154783,0.3989885728689661,0.17315288887061142,0.3284514799180995
598287,2021,"ramirez, noé",579,108.1,95.5,115.6,0.3866563850483268,-0.1440986212111794,0.9174113913078329,0.08705848705848705,0.1172717394332841,0.08902433114640092,0.40757900757900756,0.4137094102823673,0.39009835669754783,0.1094735550701562,0.15395960517297017,0.06111220875350439,0.058109029566408885,0.387086818347932,0.33426426533177783,0.1305206569841694,0.3189497595185633
570666,2021,"cessa, luis",953,108.1,97.7,113.9,0.2920776208227657,-0.03658037541805445,0.6207356170635859,0.10245066495066495,0.0835954286426058,0.10291052734345664,0.36127198627198626,0.3761975939131608,0.4090028387329338,0.10019613514895653,0.19175963863288795,0.07263952003326503,0.05249546067930305,0.4350749205500609,0.4365623873248963,0.13754937776589743,0.34149981501427945
669211,2021,"akin, keegan",1772,108.1,80.7,127.3,0.22203376374637104,-0.45229457064873263,0.8963620981414747,0.11474828866133213,0.11126744866401048,0.12140079248459512,0.42523268610225134,0.3998371612815345,0.4130549814599118,0.07578938427933891,0.1963310087094922,0.06248772112533213,0.0552018045397269,0.3468439783853658,0.36306400784003495,0.18352247909423663,0.31714929403095593
605130,2021,"barlow, scott",1231,107.9,76.8,130.2,0.25294027894671245,-0.6362290483937336,1.1421096062871585,0.11165343240814939,0.11735796145536749,0.14291052734345663,0.3083217988878366,0.3321815727850667,0.35566950539960046,0.13300853692221545,0.13901221909463268,0.038509063050153454,0.05249546067930305,0.36720539238362837,0.4035953543578633,0.13704041399002456,0.3414922393006477
622491,2021,"castillo, luis",3180,107.9,115.0,99.9,0.1822222356098894,0.3378745104234362,0.02656996079634261,0.0924629987129987,0.09372937772395339,0.0979877825054232,0.2865789897039897,0.33959887935681465,0.34053723503550026,0.10268596529127962,0.1492570575805206,0.08481505525076763,0.0891262119489805,0.4609809221143089,0.43067329944807753,0.13811404867272284,0.36594580565520746
642121,2021,"sulser, cole",1070,107.8,96.6,114.4,0.26697321046632994,-0.07090168981744895,0.6048481107501088,0.09642415524768465,0.0968766543144521,0.07148923561756437,0.4380599086481439,0.4142237157405063,0.46477595310560654,0.10192365472049027,0.14334170136793775,0.07289638791910913,0.05428507865700656,0.4516059643031041,0.3946270141655177,0.16672651850411807,0.35010200486054294
621112,2021,"blackburn, paul",681,107.8,111.3,102.7,0.3401000314681195,0.48885600592354406,0.1913440570126949,0.07533907533907533,0.059297330983508784,0.06376066960485471,0.4104049104049104,0.39976501754550553,0.4550704446617573,0.0982314394757687,0.2462763735868078,0.0815451119095119,0.07406521694636638,0.4204405702373707,0.41957919546878925,0.2373550884961321,0.4538223479211903
667463,2021,"king, john",700,107.8,108.2,105.3,0.3360454024414994,0.3601045795897242,0.3119862252932746,0.08705848705848705,0.09022998647138404,0.07489348493268648,0.40757900757900756,0.39018152993801486,0.3757970302376196,0.08930130861433519,0.15116033962437073,0.10165912839792839,0.06960345688935636,0.3702387111045503,0.35815876200681396,0.1343873167353999,0.37338550815876853
608032,2021,"estévez, carlos",1007,107.7,99.9,111.6,0.27182308034784824,0.03158387290226398,0.5120622877934325,0.09642415524768465,0.07895123816246102,0.11781472365890876,0.34002069296186943,0.3136310609179852,0.3875028770941897,0.11330445858669566,0.16907899474328508,0.060494628613669874,0.0836677397755133,0.4413649784762678,0.3423108302045131,0.14291984478209196,0.3709666878778559
595928,2021,"curtiss, john",703,107.6,99.2,112.0,0.32698142119579926,0.013487729820782909,0.6404751125708156,0.08516591125286777,0.05339839344488687,0.1263520224747717,0.3987185943707683,0.3997309621173179,0.4155827957242034,0.11153909384506482,0.17573242791208282,0.09074194292050482,0.0572285897244936,0.3287141343810684,0.35950268555402365,0.1429511957445665,0.3005136884876916
663559,2021,"falter, bailey",552,107.6,97.5,113.4,0.3793696145313351,-0.061318439460334,0.8200576685230042,0.10690504168765037,0.08218402013503849,0.07997100933490252,0.3987185943707683,0.3961655506332445,0.418223947541865,0.10450153135720075,0.19816635487958276,0.03622323205322404,0.07582677653677107,0.41611987288009744,0.39249487692961205,0.16007900442543588,0.3328659145057291
614179,2021,"ruiz, josé",1041,107.3,115.7,98.6,0.2555718077011586,0.5250831192030772,-0.013939503800759924,0.07254873921540587,0.05712791643533163,0.07524065198367431,0.37668621001954333,0.4217248339767675,0.377305432960132,0.11330445858669566,0.1854724373662359,0.11175310774348465,0.08067960621210211,0.36165372392317063,0.4134187767448281,0.15392211963984218,0.3512453233737618
605135,2021,"bassitt, chris",2383,107.3,90.2,118.7,0.18528721473291862,-0.19539848241850027,0.5659729118843375,0.1218097218097218,0.09054651820082368,0.09930753856575635,0.37447777447777447,0.3947579354753808,0.42945095682177997,0.09199502295102832,0.09667231022488826,0.07759079552056855,0.0618288155724543,0.4090224362022746,0.37961162027851697,0.1517075855127629,0.34565707943346724
657277,2021,"webb, logan",2214,107.2,74.7,130.7,0.1869186621236364,-0.5574696889428906,0.9313070131901634,0.13196053196053195,0.12253507146638433,0.10370167744034733,0.3723509223509224,0.3873549717663667,0.3511080788050446,0.09648258504620043,0.18675388633341938,0.05438988643618026,0.05859247224784367,0.3815184792839807,0.34192625495803763,0.1666910507485913,0.3789186866729064
429722,2021,"santana, ervin",1067,107.2,124.9,91.1,0.24807932002239244,0.8005952143340174,-0.3044365742892325,0.0847867572005503,0.07017887836663203,0.0723834120349272,0.3679492300181955,0.36520291834685104,0.3629773785439245,0.0641241307178432,0.21825932261213754,0.11158802289516002,0.1088594638567331,0.38294276634292673,0.35077956814712685,0.17148500316102563,0.39739589674370096
641941,2021,"pagán, emilio",1098,107.1,120.0,94.8,0.242110395337705,0.6409949808057238,-0.1567741901303138,0.06422347405953963,0.06163801510127887,0.05972518418682593,0.3826402514927105,0.4287031103433544,0.4009520620882283,0.11519286622980725,0.1718969779890065,0.10019244142519314,0.08578591040274149,0.4449309248966357,0.4395845221084248,0.2069646589874447,0.3330930005758202
676840,2021,"peacock, matt",1340,107.0,118.4,96.0,0.21966483860367184,0.5427915835346618,-0.10346190632731818,0.08627424416898101,0.07422640297177087,0.0803988494870755,0.3919483393167604,0.43231996911192255,0.4028668010934379,0.06208844402838786,0.19545743935460935,0.11356886156405001,0.08504374643096653,0.3731345542692776,0.3933776373244787,0.17311490597376725,0.4097369537193784
663423,2021,"thornton, trent",914,106.9,94.9,114.3,0.2600234563364243,-0.1318278607178483,0.6518747733906969,0.11380061380061379,0.1082322415168619,0.0920313637090308,0.31425106425106425,0.318048399804154,0.3380166151365758,0.121255648662955,0.16340032770772614,0.06686248425721407,0.06543954687419969,0.3474735727018399,0.40722160611733643,0.1755078986188034,0.3984018193246451
663556,2021,"mcclanahan, shane",1954,106.9,111.5,101.3,0.18802313523330494,0.3033618439233825,0.0726844265432274,0.1189017589017589,0.08003074758696709,0.10513063964828034,0.31121407121407124,0.3190509341513352,0.39053723503550025,0.0629688714588261,0.17068998306846653,0.1001033481727889,0.0745385248216239,0.4056110522593044,0.40333656485168073,0.21299953908584993,0.36784384723187163
608718,2021,"suter, brent",1233,106.9,112.6,100.4,0.2238875904849519,0.39482219924919093,0.05295298172071289,0.09278550787984749,0.08795380457496309,0.0723834120349272,0.36492557247274227,0.4155452156065123,0.4136102899363296,0.07921890280303928,0.15022288192484498,0.08723922378872477,0.09777086921816577,0.3941187489505433,0.3972717724656556,0.11885099228981974,0.4242470829296914
596112,2021,"stephenson, robert",767,106.8,105.1,106.1,0.28087833778036564,0.22939659291220363,0.3323600826485277,0.07995167178840647,0.07319514293276866,0.08934827423061326,0.35389908859296615,0.38408494353273337,0.4168002016401568,0.121255648662955,0.16340032770772614,0.1263296000578522,0.044080744790739326,0.387086818347932,0.3131297975645327,0.19573804828851724,0.3178965880143716
664074,2021,"ponce, cody",716,106.7,90.6,117.4,0.2886371950108769,-0.3149616697784849,0.8922360598002388,0.12810429477096144,0.10128013860147264,0.0973665152283949,0.3952047285380619,0.41790055130446874,0.401090042101015,0.07669748968212618,0.18262389567334097,0.048468303494158656,0.04969851212916549,0.4794136835173254,0.43062075324428367,0.12075776243572056,0.28741596982750056
656322,2021,"coonrod, sam",716,106.6,100.7,109.3,0.28575544208150955,0.07069809186150651,0.5008127923015125,0.08335387058791313,0.09168530883382571,0.09859119915102152,0.3689586242777732,0.3803457481628215,0.42543470525810406,0.1094735550701562,0.15395960517297017,0.08018602671102003,0.08495716061494966,0.33009989406674783,0.31951731244949355,0.1333991703545299,0.30285524784474455
649144,2021,"wells, alex",754,106.6,108.8,102.9,0.2767148072060105,0.3672935953114005,0.18613601910062044,0.07391758335154561,0.10463239936984571,0.09299144037059336,0.36492557247274227,0.40459561910957753,0.3454844928309643,0.08324698260658364,0.20870879117526084,0.08421973337190147,0.08067960621210211,0.4174781687536938,0.4015140148400662,0.20295580030828686,0.29908674740744634
657024,2021,"swanson, erik",568,106.6,106.9,104.3,0.32830697337232295,0.3536971845870046,0.3029167621576413,0.08516591125286777,0.068231280512911,0.06885721390294905,0.3769794639359857,0.43669326640916545,0.47546690564759325,0.10023616273037622,0.12885344243551816,0.10023253338877504,0.0770497890615577,0.3501248675834348,0.3343093104284768,0.145915629609829,0.33291528973399714
641360,2021,"bickford, phil",803,106.5,86.6,120.3,0.2648657795000716,-0.43734510531625326,0.9670766643163965,0.10245066495066495,0.10610300234439991,0.08664075076907952,0.40293865293865294,0.40605454581103073,0.41932140765106113,0.1329148456497776,0.15988112844885366,0.05622323205322404,0.05637443166890414,0.3361198728800974,0.35413697382933673,0.20007900442543586,0.29924982822754514
571510,2021,"boyd, matt",1273,106.5,113.8,98.8,0.21057908057847846,0.42370057124596405,-0.0025424100890071365,0.10381810381810382,0.07683320859422062,0.08770783580408237,0.35686062001851476,0.3170280044378728,0.34858196482920495,0.08567495614186138,0.16396838665710708,0.10296344383486858,0.11491155425901767,0.30291422518099875,0.25840532360661345,0.15241857353592184,0.38091029083235695
608638,2021,"chargois, j. t.",888,106.4,97.0,111.9,0.24734598120751572,-0.06136217417692449,0.5560541365919559,0.1003598350537126,0.09474148579495324,0.0813498198406767,0.35389908859296615,0.39302393976824895,0.42543470525810406,0.11916503403083509,0.12610032205759295,0.03773253338877504,0.09681552745452253,0.3709582009167682,0.46753110352236515,0.10424896294316234,0.3866320180587793
594798,2021,"degrom, jacob",1226,106.3,86.9,119.7,0.20869544305266008,-0.3444228649247565,0.7618137510300766,0.11603199838493955,0.10111169931180519,0.08934827423061326,0.41845206551088904,0.45501889981703864,0.4324252016401568,0.09445330718823913,0.1214195899873152,0.06776283947410144,0.06160988110742343,0.33529568512682917,0.3702470658778687,0.19723873551087032,0.2890958845689104
542888,2021,"armstrong, shawn",685,106.2,106.7,104.0,0.27950603285098385,0.3049273864511403,0.25408467925082745,0.09106725773392439,0.07939812114741007,0.08797368539629613,0.3211306544639878,0.31493959976432095,0.3488494293072313,0.12342092810336491,0.16631819070250695,0.08661730915139096,0.06512218830718237,0.4728634919092016,0.4263306421821648,0.1591806868470862,0.3667160212312675
641302,2021,"alexander, tyler",1640,106.2,103.9,106.2,0.18209191171459105,0.12878001076391707,0.23540381266526506,0.10324823757659578,0.09372358901488767,0.09177146895536051,0.3782247065829155,0.3822933016324117,0.3650022411049478,0.08445102819697764,0.17591169541914842,0.10430395494831832,0.08009934256870103,0.3155351665070766,0.33562312352654394,0.17608415648782952,0.35167827819364794
650828,2021,"santana, edgar",612,105.7,100.8,108.0,0.28087361820999623,0.08037212976616856,0.4813751066538239,0.10245066495066495,0.09284012705134992,0.08534760523521266,0.40293865293865294,0.3552977275846519,0.36828675977567216,0.0982314394757687,0.1662763735868078,0.06686248425721407,0.08622517793756086,0.3474735727018399,0.3839877200979934,0.1579640389696806,0.3149461709127464
659275,2021,"lamet, dinelson",832,105.6,93.9,113.1,0.22875247284362304,-0.17355584000320134,0.6310607856904474,0.09278550787984749,0.09168530883382571,0.09076650080570235,0.42152934605764797,0.47711994171120864,0.42341607785666724,0.10970749164743548,0.11609235998953,0.048468303494158656,0.10509576921373753,0.27251713179318743,0.32063753035899406,0.1897232796770999,0.32706491800134674
641835,2021,"mayza, tim",841,105.3,120.3,92.0,0.2195186693860547,0.7445386718420061,-0.3055013330698967,0.08903708903708903,0.05757014293276866,0.059972412109020136,0.3713876213876214,0.41533494353273337,0.34960020814467796,0.0877066423890792,0.1484610478453641,0.12017171696401849,0.10115055107188922,0.33547682529238265,0.39891309323232177,0.1692915418657199,0.372898030791782
545343,2021,"head, louis",546,105.2,107.1,102.2,0.2792566299660051,0.37085410308584743,0.1876591568461627,0.07995167178840647,0.08076705427064128,0.0842551705492723,0.3947154151235784,0.3893351101050851,0.4049145161601792,0.09445330718823913,0.15988112844885366,0.05981194899279153,0.09317882131962221,0.5065105030639334,0.43108350397686385,0.12774362172918707,0.41075891344691673
517008,2021,"colomé, alex",1106,105.1,104.7,103.9,0.18455658101809475,0.17761116051523906,0.19150200152095043,0.08941148941148941,0.08053601382767704,0.09299144037059336,0.36983736983736987,0.3925474263384932,0.405725456686386,0.10633187651982208,0.12790490275908292,0.07075237650972356,0.08777086921816578,0.4383234359412481,0.4172717724656556,0.20594044443046755,0.31050227604940867
672715,2021,"patiño, luis",1371,105.1,117.0,94.3,0.1686870421474327,0.4995483429235623,-0.16217425862869692,0.06640054097681215,0.07265749073583906,0.11909210611954721,0.41256026001788715,0.4193634389792928,0.37416903227744486,0.07222899961453581,0.13696792175500572,0.12426622531794485,0.07638349157669201,0.38857463958626287,0.43536857223879344,0.13797643932496315,0.3778721122754875
622251,2021,"staumont, josh",1097,104.9,110.1,99.3,0.17983530149348909,0.3426697801702288,0.017000822816749347,0.11380061380061379,0.07579318863596259,0.06740413643941784,0.4104049104049104,0.4210858184812658,0.42393161292814335,0.05838167125057366,0.15393759222896103,0.08108854473747239,0.10574803520260936,0.42140412008521005,0.35815876200681396,0.14902021747386793,0.42084863971818337
592222,2021,"claudio, alex",591,104.7,99.8,107.2,0.2438401918973232,0.0398018531376222,0.4478785306570242,0.08516591125286777,0.08674979903142953,0.0813498198406767,0.4204577248055509,0.41817474789064696,0.42543470525810406,0.11591317595663599,0.12380036626157628,0.058565866722108374,0.09013371550597316,0.4334582009167682,0.3722108914446332,0.12508229627649567,0.3458232464924274
453265,2021,"watson, tony",870,104.6,110.9,98.4,0.19383952684427555,0.4110439541196448,-0.023364900431093658,0.0816173316173316,0.0755562765757612,0.07489348493268648,0.3821053196053196,0.4126038126789506,0.4392890937296831,0.09267116931676293,0.15686450338378094,0.10811367623271749,0.09721358652270722,0.3461268832381726,0.3465897155820695,0.14291984478209196,0.312260690324395
685503,2021,"arihara, kohei",696,104.5,93.1,112.2,0.214600758957907,-0.2249129373195336,0.6541144552353476,0.0847867572005503,0.09979856035970382,0.09330957709387845,0.45415612656991966,0.4231355374817524,0.4121557347912505,0.1094735550701562,0.22803367924704426,0.06459595936713902,0.06717542932344857,0.3695931126102521,0.42706020054146,0.1356601732418948,0.3146403995486531
642207,2021,"williams, devin",993,104.3,100.5,106.1,0.17159818504447727,0.05261734653596467,0.29057902355298987,0.10928070928070927,0.0918527283862195,0.10497327423061326,0.38535678535678536,0.38394973306068503,0.3543002016401568,0.08567495614186138,0.09150461854116508,0.11175310774348465,0.0599537606637552,0.4193460316154783,0.3607488451835803,0.09622981194753447,0.3195027233654774
650895,2021,"castillo, diego",944,104.2,99.1,107.1,0.17254304439713822,0.006649927576136501,0.3384361612181399,0.1003598350537126,0.09022998647138404,0.10396890092289543,0.3743072518582723,0.3584354981919831,0.39409478009036425,0.09852619956314058,0.15523031132233983,0.08295106211484832,0.0875316200275239,0.3242412697242219,0.3746542007055388,0.15524052105641023,0.32405360829154617
523260,2021,"kelly, joe",716,104.1,107.7,100.0,0.19598150911550535,0.3381294772391031,0.053833540991907604,0.08516591125286777,0.09022998647138404,0.06095556640588932,0.3769794639359857,0.374308514064999,0.38811824434377107,0.1094735550701562,0.19099664221000723,0.08108854473747239,0.10115055107188922,0.42140412008521005,0.39891309323232177,0.12774362172918707,0.31631381109279005
446321,2021,"detwiler, ross",890,103.5,93.5,110.3,0.15426119000351285,-0.1794210004874678,0.48794338049449354,0.08781485567199852,0.08120698782424562,0.08409249339351836,0.4703759882331311,0.4368776626584991,0.4364001897789711,0.12171649190443747,0.1586741335283137,0.08440634390633688,0.07601430160284971,0.32992971305271707,0.37798917429691525,0.12287631967143496,0.2732281040338456
572143,2021,"smith, burch",678,103.4,99.6,105.4,0.17732470757587185,0.030773691253263673,0.32387572389848,0.10245066495066495,0.1157931886359626,0.1057299938460171,0.36127198627198626,0.3810858184812658,0.3380166151365758,0.07669748968212618,0.16301605253608606,0.09622323205322404,0.04969851212916549,0.4561198728800974,0.43062075324428367,0.18007900442543587,0.3704809860317864
594987,2021,"sadler, casey",581,103.3,104.8,101.1,0.19021531319908133,0.25787793311360174,0.12255269328456092,0.09555199799102237,0.07519365607545295,0.08902433114640092,0.3985623253915937,0.4404374772672436,0.4089662812258497,0.0782314394757687,0.1462763735868078,0.08108854473747239,0.07961811536360962,0.46395731157457176,0.445452954109426,0.1702968132185488,0.34684009363216467
446372,2021,"kluber, corey",1338,103.1,107.4,98.8,0.11737294717728833,0.2380896313458829,-0.0033437369913062584,0.09278550787984749,0.09040575467879051,0.06353655056399164,0.36492557247274227,0.39507572218935216,0.3519468100552226,0.11882095965051247,0.15085091572453854,0.08312416606284154,0.11110553969206917,0.35666031739627235,0.38489659069810933,0.15098066246482825,0.3585300045872594
543606,2021,"odorizzi, jake",1848,103.1,88.1,113.9,0.10205865412450008,-0.2630870850275664,0.46720439327656654,0.10980368123225265,0.08884852429079995,0.1061216787203886,0.4022389736675451,0.4273526273953664,0.4324278505442578,0.09339962126741129,0.15288944161270795,0.0716354601842374,0.07743689043525198,0.3967966962927225,0.37410410452463977,0.14637357903473,0.40699263051636886
519076,2021,"nelson, jimmy",523,103.0,104.9,100.6,0.1893708395645863,0.27886087700228557,0.09988080212688705,0.09327695041980755,0.0818775366154932,0.08853070358950592,0.36526322240607956,0.41292080857988744,0.3970288786897627,0.08930130861433519,0.13297852144255257,0.050310044518366716,0.10857015731401312,0.4668331567779131,0.49379948287649,0.11122083947977202,0.37273971142227597
641582,2021,"foster, matt",729,102.9,104.1,101.0,0.15070732418281108,0.19892106747488134,0.10249358089074084,0.08335387058791313,0.08882014293276866,0.10179226592059468,0.3902352200224541,0.43095994353273337,0.44962443795409146,0.071119490432517,0.18752397598800707,0.07777880821757555,0.07582677653677107,0.5062447682449974,0.45598694042167554,0.20416224941371008,0.29638133608224043
502239,2021,"cahill, trevor",665,102.8,91.4,111.0,0.1561736553439695,-0.298057328486072,0.610404639174011,0.10245066495066495,0.08612862344995749,0.10497327423061326,0.3821053196053196,0.41790055130446874,0.3855502016401568,0.12566494497797154,0.15116033962437073,0.08018602671102003,0.05637443166890414,0.3800998940667479,0.39891309323232177,0.15006583702119655,0.36725373922402854
663765,2021,"woodford, jake",1156,102.7,113.5,93.4,0.11431529314698186,0.4352225115729477,-0.206591925278984,0.07533907533907533,0.07345592469996917,0.09580537967867306,0.3911741411741412,0.3690267734735707,0.3920353066480224,0.09734608413786529,0.14526505182169563,0.078529210846773,0.10904710112793127,0.47035126545952527,0.43265904857931076,0.18924257055772695,0.3697319193408019
642083,2021,"slegers, aaron",570,102.6,104.0,100.8,0.16409839597640863,0.22338826696011546,0.10480852499270177,0.08335387058791313,0.08745367919534144,0.07258907001168075,0.3689586242777732,0.40894517517069134,0.4257725062303082,0.1094735550701562,0.1724781236914887,0.07622323205322404,0.11436892532083202,0.3361198728800974,0.3489290771553759,0.16007900442543588,0.3762954012367617
595345,2021,"okert, steven",609,102.5,98.5,105.0,0.15335897524966557,-0.016173648985060997,0.32289159948439217,0.08705848705848705,0.12612243674900367,0.0758834602195765,0.40757900757900756,0.4449327620017912,0.4423512837748987,0.0877066423890792,0.1127467621310784,0.08661730915139096,0.07554173843633155,0.42740894645465616,0.3545435449313112,0.1591806868470862,0.2930893368822955
601713,2021,"pivetta, nick",2753,102.4,105.6,99.1,0.0758049377161893,0.14640995870596912,0.005199916726409481,0.09607822107822107,0.08479753291823171,0.08166629874587604,0.40751465751465754,0.3855669554451979,0.40903540256277343,0.09439592355988986,0.17441732075562275,0.09617637404325455,0.10248744362851973,0.38185710158444724,0.32641024675243774,0.14937630013812853,0.37188902712979427
573204,2021,"thielbar, caleb",1108,102.0,100.6,102.5,0.09671501674416767,0.053788187129812204,0.13964184635852314,0.12136196346722662,0.0968766543144521,0.09462379648956688,0.32177290072026915,0.3417599476245643,0.3334537028869019,0.0953479350611038,0.11796481740871598,0.07180838212927165,0.09258436811686402,0.4448655767761921,0.42532353864959,0.1642380630040566,0.3357242958355417
669456,2021,"bieber, shane",1559,101.9,82.5,116.7,0.08056484932475988,-0.42731466307243204,0.5884443617219518,0.11340380192839208,0.1090253994662979,0.12335041632378156,0.3662468088697597,0.3834840447560708,0.37552855689442144,0.10409963123405835,0.13570814051763672,0.0517329204587226,0.09059297632166598,0.3635053080000524,0.390209055742812,0.11832204539001928,0.3871581897383305
642528,2021,"loáisiga, jonathan",1085,101.8,106.7,97.4,0.09036148239175784,0.23849280701394068,-0.057769842230425,0.10690504168765037,0.09168530883382571,0.08664075076907952,0.3987185943707683,0.3964747804208861,0.38901837734803085,0.06862406971558659,0.11076874876035774,0.10437405960277873,0.09211185403262032,0.4128297196170731,0.4079245918509877,0.0851484066092744,0.33728559303456973
579328,2021,"kikuchi, yusei",2562,101.6,108.7,95.6,0.06232553994901061,0.21670244655797183,-0.0920513666599506,0.06880967346083625,0.08049699498645409,0.10692713980108333,0.36443087605878305,0.35047903756526433,0.3719402238433336,0.12535506770668384,0.18751280271204263,0.10463001214137274,0.10448205010007605,0.3394393457879157,0.34737237269066773,0.1591208350096348,0.3753136234573213
621242,2021,"díaz, edwin",1003,101.5,104.8,98.5,0.08645657709460691,0.18817742694329603,-0.0152642727540822,0.08705848705848705,0.08218402013503849,0.08664075076907952,0.36313456313456316,0.3961655506332445,0.404169892499546,0.1114305911801188,0.14526505182169563,0.06929384732111277,0.1202340674221449,0.41465442989099766,0.40722160611733643,0.09098091311403259,0.36540762690401746
606930,2021,"barnes, jacob",570,101.5,109.6,94.6,0.11715148219515757,0.47133879068923923,-0.23703582629892408,0.08705848705848705,0.08674979903142953,0.11583257846136635,0.3409123409123409,0.30706363677953585,0.3392278087063799,0.07669748968212618,0.16301605253608606,0.09772209237592826,0.10503794403302869,0.4565639395898685,0.4132214044830102,0.10266539028902032,0.39441516263251997
660761,2021,"suarez, josé",1654,101.4,83.9,114.8,0.06555161028459333,-0.3827691112471894,0.513872331816376,0.10381810381810382,0.10413429191072252,0.09374504893289515,0.427036058615006,0.41485415468919284,0.3836044398383875,0.11725752597090046,0.17518182472816302,0.07797488143947966,0.07536424420850754,0.3522654304779192,0.3617285122137452,0.15047743558647605,0.346295957704696
572955,2021,"johnson, pierce",1054,101.2,92.2,107.9,0.07312203873748563,-0.20566959820563907,0.3519136756806103,0.10245066495066495,0.09474148579495324,0.08053928944731335,0.40293865293865294,0.44302393976824894,0.43204525218267653,0.10970749164743548,0.1637114076085776,0.09077663401247552,0.0712998048032325,0.39256591781141265,0.41383846636665017,0.07554623059003382,0.3896794715642116
676684,2021,"vest, will",607,101.1,105.6,97.3,0.0986921533418202,0.2850605959563912,-0.08767628927275081,0.08705848705848705,0.09318834668356056,0.10835950888321369,0.36313456313456316,0.37018748173926125,0.34960020814467796,0.08185953289647392,0.1718969779890065,0.10023253338877504,0.10316226646101032,0.3084582009167682,0.387985307974385,0.1875822962764957,0.4338937207744515
465657,2021,"soria, joakim",605,101.0,102.0,100.0,0.0949795696655788,0.13325399936328608,0.05670513996787151,0.10245066495066495,0.0755562765757612,0.08934827423061326,0.42377198627198626,0.3803457481628215,0.3699252016401568,0.09630533281938108,0.1434082093988312,0.0890955852344667,0.08530512360386745,0.42233321562971987,0.4236995936886707,0.1667398189124406,0.3849217811505503
641482,2021,"cortés, néstor",1524,101.0,110.3,93.4,0.0582337938717684,0.30064155817720495,-0.18417397043366815,0.08627424416898101,0.09543394667799114,0.08210946330594945,0.3919483393167604,0.4019938064406037,0.42207673303159615,0.07556264575059131,0.18944336429754446,0.10704120398674456,0.08751429398504505,0.4733266697426225,0.40909025511346275,0.13865297248783953,0.36908374593481313
571901,2021,"loup, aaron",833,100.8,92.9,106.7,0.06936731470154703,-0.20792511633928457,0.3466597457423786,0.09110771901469575,0.12197601821741579,0.12059827423061326,0.3567687288617521,0.39018152993801486,0.3699252016401568,0.10019613514895653,0.14091218100576933,0.1096445585407774,0.0572285897244936,0.37369799328311076,0.35950268555402365,0.15101792870324138,0.3642123196389225
656212,2021,"barnes, charlie",655,100.8,115.7,88.8,0.08033343044432162,0.6752043692559729,-0.5145375083673297,0.07995167178840647,0.07681742091482695,0.05549685896655595,0.35389908859296615,0.37272211332560723,0.3533613866413438,0.09852619956314058,0.22189697798900648,0.10195020355545968,0.10971358652270721,0.4702805902456995,0.4715897155820695,0.1579640389696806,0.4482613164786738
518633,2021,"duffy, danny",1011,100.7,107.5,95.1,0.06013806462457967,0.27167144024951195,-0.1513953110003526,0.09642415524768465,0.09605611434621493,0.06973523842389327,0.3596285360991243,0.3697679548261867,0.3862830842069516,0.09691101596374484,0.16907899474328508,0.09330358359809866,0.09048543218367605,0.4767944334795188,0.43017708501613977,0.19183493453796976,0.32972124946381887
676969,2021,"de geus, brett",914,100.7,98.4,102.4,0.06529902032745791,-0.01639699066442747,0.1469950313193433,0.07835263835263834,0.10111169931180519,0.100237526633237,0.34682110682110684,0.4023873208696702,0.35941834941519524,0.1273081710541205,0.17591169541914842,0.07517440004158128,0.08801411586774775,0.4344686506875761,0.4250282759294229,0.17193672220737177,0.4106475633081113
643230,2021,"brault, steven",506,100.7,108.9,94.1,0.09268134892964636,0.47609279934746357,-0.29073010148817086,0.0816173316173316,0.07319514293276866,0.07863815917932081,0.40293865293865294,0.38408494353273337,0.3779202150828339,0.09630533281938108,0.1434082093988312,0.09818697148288168,0.10930785357768673,0.40420395191846675,0.39882543946073484,0.20416224941371008,0.3558100960536862
641401,2021,"brogdon, connor",931,100.4,83.0,114.0,0.05399676935971909,-0.5213979528579893,0.6293914915774275,0.12590706207727484,0.10610300234439991,0.08664075076907952,0.4115118157671349,0.4219275616840466,0.404169892499546,0.1094735550701562,0.15395960517297017,0.08184734651635496,0.06640329795191469,0.33529568512682917,0.36468019823638576,0.1127316932573492,0.37007056132438176
641778,2021,"lauer, eric",1960,100.2,109.6,92.8,0.035986973448991474,0.2567650750108347,-0.18479112811285173,0.08966108966108965,0.09402416648249703,0.08547342696822792,0.3991068991068991,0.3939945280203392,0.3791687539702945,0.087488252832765,0.1432128946751948,0.10270575306661914,0.11110722989784595,0.34613907516525977,0.3692538047559863,0.15655608888062428,0.3595890374807614
501625,2021,"álvarez, josé",974,100.2,89.9,108.3,0.04763797920307458,-0.29014366717542583,0.385419625581575,0.08903708903708903,0.07097710829844234,0.1282101404523419,0.41684216684216685,0.37244600584992327,0.4511060721319123,0.12342092810336491,0.16631819070250695,0.09643409386001484,0.07550569827006386,0.3803209091852453,0.30803084705403455,0.11115987927496042,0.3744292154928113
670950,2021,"richards, trevor",1063,100.2,93.9,105.1,0.043929696842188753,-0.15375578275730617,0.24161517644168368,0.10567199852914137,0.09033093442834046,0.087250513646224,0.3810902739474168,0.4132626538661478,0.45032744032428623,0.10019613514895653,0.19175963863288795,0.07057706671594818,0.08917219633969181,0.4778887711852754,0.39114706903375734,0.11118426335688504,0.38136985571113796
605151,2021,"bradley, archie",925,99.9,126.3,79.1,0.03759698593833449,0.9070015039295245,-0.8318075320528555,0.0816173316173316,0.06506234927357214,0.08277700966244296,0.3196053196053196,0.3275199498068741,0.3100914544731585,0.07921890280303928,0.19860997869903854,0.13555633234863387,0.1286458805502181,0.3816306714462288,0.39114706903375734,0.15390692648110452,0.36822922542306236
519008,2021,"mcfarland, t. j.",516,99.6,95.3,103.2,0.042790638192400324,-0.1683759138283,0.25395719021310065,0.10690504168765037,0.10283829457995683,0.10032086931156577,0.3987185943707683,0.42432979055530673,0.39781075271877253,0.0832249356125199,0.1768897591349019,0.10023253338877504,0.061919457734697994,0.3709582009167682,0.42175700404205835,0.20841562960982904,0.32679253281286114
628317,2021,"maeda, kenta",1776,99.4,61.8,129.3,0.017461364835968274,-0.9219259056595527,0.9568486353314892,0.10381810381810382,0.09882131783364484,0.14152201491114663,0.4445799182641288,0.4957289427152545,0.4680308933170196,0.11425092274087738,0.17068998306846653,0.05962718780657406,0.05319446619282774,0.3343968980458387,0.37410410452463977,0.1679690856585633,0.3687654930036427
657097,2021,"webb, jacob",583,99.3,89.6,107.1,0.026436722566560822,-0.39803364209248404,0.4509070872256057,0.12864417212243298,0.1193658776374499,0.10835950888321369,0.3769794639359857,0.40323993546598097,0.3657292404027425,0.0782314394757687,0.1462763735868078,0.05981194899279153,0.09317882131962221,0.4001275243405292,0.39882543946073484,0.08519043023982538,0.3301917691378208
622098,2021,"smith, drew",626,99.3,101.0,98.1,0.023662195898289943,0.08846725817996984,-0.04114286638338995,0.1003598350537126,0.10781434109189023,0.10396890092289543,0.3947154151235784,0.3480876836466925,0.3759129619085461,0.07380324478846104,0.15686450338378094,0.09074194292050482,0.10930785357768673,0.4001427058096398,0.3181802781704123,0.1667607195540903,0.3476027289869676
593619,2021,"tapia, domingo",525,99.2,101.2,97.9,0.024069177732719646,0.10888530928234708,-0.060746953816907784,0.09110771901469575,0.10150873478030704,0.11583257846136635,0.3800245428152405,0.3853827926088381,0.3909519466374144,0.07669748968212618,0.12380036626157628,0.11188747913165586,0.06867430766939232,0.41409287544197376,0.4677668590284647,0.1861383772388789,0.32599970850734944
606160,2021,"montero, rafael",874,99.2,94.1,103.5,0.01801613260778971,-0.16188630143209812,0.19791856664767754,0.08335387058791313,0.1164316537529878,0.1225125325517341,0.3689586242777732,0.37244600584992327,0.31230496674555613,0.11519286622980725,0.1718969779890065,0.09204272436028652,0.06564871502064293,0.4027836978919577,0.4741724687109723,0.17572905704421343,0.37576395457552614
623149,2021,"sewald, paul",1122,99.1,107.6,92.6,0.011138249008254303,0.26327872341908193,-0.24100222540257332,0.08781485567199852,0.06991774847309246,0.0646341034350582,0.41680455966170255,0.38181248337455126,0.43390702609547993,0.11916503403083509,0.12610032205759295,0.09818697148288168,0.11271140466400836,0.445020278449079,0.38735039487776174,0.08171326982187332,0.3345041501804598
593833,2021,"suero, wander",765,98.9,94.5,102.7,0.008328063680944478,-0.15942054798464897,0.17607667534653793,0.11380061380061379,0.08882014293276866,0.09462379648956688,0.37194337194337196,0.36845994353273337,0.4038762380981695,0.10748312679615336,0.15116033962437073,0.09622323205322404,0.08846457262623292,0.3361198728800974,0.36531809715862146,0.14007900442543586,0.40990515468773725
571670,2021,"floro, dylan",1088,98.8,128.4,75.8,0.004658513857270563,0.9024648036011284,-0.8931477758865872,0.07995167178840647,0.05418366393672344,0.0920313637090308,0.3130827620623539,0.34678582920727846,0.3654138754105484,0.07921890280303928,0.13409384966678048,0.14414882136881602,0.12387456231973078,0.4640799152533983,0.36468019823638576,0.09338600295029056,0.3986358625197807
608678,2021,"leone, dominic",853,98.7,101.0,97.2,-0.00016573054209138155,0.0741179421658934,-0.07444940325007617,0.08516591125286777,0.09318834668356056,0.09374245165179096,0.3769794639359857,0.3865809243622121,0.38811824434377107,0.11330445858669566,0.15268555212033424,0.06686248425721407,0.11271140466400836,0.4527367305965767,0.45981416299370376,0.12287631967143496,0.3939475238054091
596001,2021,"junis, jakob",627,98.6,95.9,101.1,-0.0017960391072537885,-0.12096846394600265,0.11737638573149507,0.09106725773392439,0.09414773447460836,0.0973665152283949,0.4322417655750989,0.4307244561421822,0.4735538102169571,0.09445330718823913,0.1214195899873152,0.07622323205322404,0.08096757494604369,0.43611987288009746,0.4530030041790773,0.24007900442543587,0.34450851879147015
621249,2021,"underwood, duane",1181,98.4,116.9,84.3,-0.008060490214544025,0.528623921308403,-0.544744901737491,0.06995771281485566,0.0826289155666365,0.06353655056399164,0.3810902739474168,0.40410146651714984,0.5075023656107782,0.08693488196747699,0.16637968646088808,0.1115336911729266,0.12168654211253885,0.40260751448107435,0.3497826404434815,0.24055633191483283,0.368744750725651
660271,2021,"ohtani, shohei",2032,98.1,80.7,112.3,-0.013678300911843966,-0.43009393517079325,0.4027373333471053,0.10980368123225265,0.07551729693649734,0.07071883737641314,0.4339850054135768,0.39636031640082553,0.4386864516312636,0.156309797458297,0.1383575132510156,0.07834175074392175,0.0730119252675233,0.4551158959710498,0.3641552985518032,0.13770978421211444,0.32887331044503254
622088,2021,"antone, tejay",529,98.0,107.3,91.3,-0.028528340423010307,0.3871623259197199,-0.4442190067657405,0.08705848705848705,0.10526831754994805,0.08737573242146757,0.40757900757900756,0.3811377108536099,0.3458372760179636,0.071119490432517,0.13297852144255257,0.11734540494295614,0.12035597753784537,0.3367315522928018,0.30681619263678245,0.24399878588467788,0.40288390676029046
593974,2021,"peralta, wandy",811,98.0,97.3,99.0,-0.02371813343512558,-0.054018823768672286,0.006582556898421124,0.07681631211042975,0.10781434109189023,0.10663951667871822,0.37923637923637926,0.3803457481628215,0.3757970302376196,0.11714528769132941,0.17481048609051508,0.10319941822213942,0.08917219633969181,0.34554535824249805,0.36483127956007316,0.21218106395866354,0.4005360227697652
641793,2021,"littell, zack",996,97.9,109.9,89.1,-0.022399639420932316,0.3511273494223286,-0.3959266282641932,0.09456984456984456,0.09830131099554697,0.0828737616052065,0.3911741411741412,0.3761975939131608,0.3721045348546382,0.07556264575059131,0.12790490275908292,0.10195020355545968,0.13212279624076456,0.4001051516492083,0.32063753035899406,0.12287631967143496,0.38343987174323374
677976,2021,"dobnak, randy",765,97.9,88.2,106.2,-0.02503670716182993,-0.3914222797730793,0.34134886544941945,0.10202813651089512,0.08116344997847845,0.09907147216771874,0.45415612656991966,0.4820694989354667,0.4622183284655686,0.09267116931676293,0.27007205055359224,0.08071057781473892,0.06777086921816577,0.427861022833401,0.3972717724656556,0.2222770864065527,0.3224528995486531
641743,2021,"kay, anthony",649,97.7,92.2,102.7,-0.03648977021436779,-0.2685747898557209,0.19559524942698533,0.0816173316173316,0.08365159192316418,0.08797368539629613,0.42377198627198626,0.4746685068945524,0.5026955831533853,0.13185953289647392,0.1218969779890065,0.03417286042756985,0.12749322822650128,0.39256591781141265,0.40536356141910757,0.20762170228814705,0.38087562838057254
676604,2021,"zuber, tyler",510,97.7,90.3,104.3,-0.04198025081705378,-0.40349005941203897,0.3195295577779314,0.09835263835263834,0.08674979903142953,0.11197149251265413,0.3868211068211068,0.41817474789064696,0.3445868817495006,0.14384676315978973,0.15116033962437073,0.04644004109387697,0.06458341678643204,0.5334870165129454,0.5983064475945479,0.17958846721209726,0.42165686802121516
592390,2021,"hembree, heath",1094,97.5,109.7,88.5,-0.03491531573474019,0.3305598436959155,-0.4003904751653959,0.07533907533907533,0.07206906381072606,0.10179226592059468,0.37194337194337196,0.3627913290168452,0.38901837734803085,0.11147696731916831,0.15022288192484498,0.1346752000458828,0.09283680714817229,0.4276895455862909,0.37982434584336383,0.10351638312537573,0.3595244194046324
660365,2021,"yang, hyeon-jong",592,97.2,85.7,107.1,-0.05941160309841126,-0.5639663862370928,0.4451431800402703,0.12136196346722662,0.1164316537529878,0.11185926885158332,0.37440447966763757,0.40274903615295354,0.3721045348546382,0.10556378524622205,0.16631819070250695,0.07517440004158128,0.06923314379444315,0.4032186506875761,0.38735039487776174,0.20318672220737177,0.3669632930089605
608328,2021,"de jong, chase",783,97.2,114.8,84.1,-0.05065211056800367,0.5764111073869028,-0.6777153285229102,0.10202813651089512,0.07579318863596259,0.07942068820498956,0.3679492300181955,0.3810858184812658,0.31493351256902824,0.06744089609980061,0.17782445998862742,0.12162788576180718,0.12534726822841766,0.407249886500087,0.35547663136622515,0.19649911109413917,0.41378164328622785
502624,2021,"anderson, chase",856,97.1,95.7,99.1,-0.051592868326463,-0.11031106468590456,0.0071253280329785515,0.10958577625244291,0.09830131099554697,0.10291052734345664,0.37668621001954333,0.390903476266102,0.4090028387329338,0.08468227541014543,0.16058308067828259,0.10489478098406192,0.08359130401730074,0.4024523052857723,0.38787787853871963,0.14290416930085467,0.40292574779152834
624647,2021,"gonzález, victor",562,97.1,85.1,107.5,-0.06401160909255108,-0.6092538876486493,0.48123066946354714,0.13449163449163448,0.12378683606846656,0.13081846696202115,0.3486603486603487,0.41817474789064696,0.418223947541865,0.06744089609980061,0.14334170136793775,0.09622323205322404,0.07126579097767127,0.3361198728800974,0.33447504238802944,0.10007900442543585,0.33272135198172775
661269,2021,"gutiérrez, vladimir",1831,97.0,120.8,79.1,-0.03887142178810882,0.5383938785697534,-0.616136722145971,0.08576278141495532,0.08570344378493092,0.08377835819620041,0.41073993247906293,0.3679773131512826,0.3765104560773279,0.06794910314699351,0.15303239861310794,0.12455357764098741,0.1138854346090829,0.42521673876926486,0.3986358862328278,0.15387377777113143,0.3804421489842495
607192,2021,"glasnow, tyler",1339,97.0,99.6,95.9,-0.043374504992162125,0.020594668721127245,-0.1073436787054515,0.10381810381810382,0.10881448480558645,0.09895243013793908,0.35686062001851476,0.37731950995612284,0.367630934679103,0.07441775717861265,0.24717907089909683,0.10319941822213942,0.09290592173979809,0.436454449151589,0.35971704522901343,0.16672651850411807,0.37458079312127635
642152,2021,"trivino, lou",1183,97.0,97.8,97.3,-0.0456523543103841,-0.030173629969205838,-0.06113107865156236,0.09278550787984749,0.1157931886359626,0.11694378107210983,0.4026614215293461,0.3410858184812658,0.31326080159045505,0.09339962126741129,0.13937592809919447,0.11443067016443119,0.096451504635347,0.2831947226494139,0.35963931040181935,0.1688824704061272,0.4098868310531635
621368,2021,"hearn, taylor",1730,96.9,94.2,99.9,-0.041435243736752864,-0.11610325600122885,0.03323276852772313,0.09393066535923678,0.07249518063865278,0.09527734853685538,0.3863659577945292,0.3639758149631598,0.4183844402448043,0.13639464967235543,0.16642273349175488,0.11753359268496515,0.07983027349493761,0.3927155380183933,0.33131242404863376,0.1376509194612091,0.332128745835054
456034,2021,"price, david",1186,96.7,80.8,110.3,-0.05364636860266822,-0.5306348982677292,0.4233421610623928,0.11835263835263835,0.14605611434621493,0.11322453962024998,0.3268211068211068,0.3947679548261867,0.3983793883762342,0.0923683120904443,0.1142784168646936,0.08234730469776824,0.07821669537453262,0.3720186321869614,0.34181741797252446,0.15891542262870836,0.3577129180096852
642028,2021,"rogers, josh",533,96.6,112.7,84.9,-0.08930238593393108,0.6320732453163354,-0.8106780171841975,0.07681631211042975,0.07319514293276866,0.0828737616052065,0.41845206551088904,0.41533494353273337,0.3865972884778266,0.07243651803311917,0.11692256813593316,0.13239256953663053,0.1476313276961175,0.28484734989838767,0.32502982529541863,0.18650763086901345,0.3589040968889356
641386,2021,"bowden, ben",682,96.3,105.3,90.3,-0.08829289556343861,0.25302351021281744,-0.42960930133969466,0.11603199838493955,0.07939812114741007,0.05902046905967061,0.37923637923637926,0.3657870573914396,0.35992401436460375,0.10019613514895653,0.14091218100576933,0.12364173622683408,0.09791672748841657,0.4426807158298909,0.4360538516367044,0.08519043023982538,0.3731771866308677
656288,2021,"canning, griffin",1080,96.1,80.2,109.8,-0.0751238902764843,-0.5727181932060097,0.4224704126530411,0.10759330759330758,0.13029864814264872,0.1339786193844906,0.4062010062010062,0.3729443461718895,0.40844016131212546,0.08823241751923037,0.15393759222896103,0.07355900762862282,0.06943827608764801,0.4405821980253781,0.3904212254157639,0.1772651926743265,0.3954382814888059
607237,2021,"garrett, amir",842,96.1,107.4,88.4,-0.0838192782256765,0.2954527293413685,-0.4630912857927215,0.07835263835263834,0.09976849474174916,0.07863815917932081,0.3868211068211068,0.411663229643208,0.3945868817495006,0.0953479350611038,0.15022288192484498,0.09295516104051713,0.12321976221484686,0.3855120400976798,0.4677668590284647,0.19521829807979985,0.35279082941960893
607481,2021,"bummer, aaron",973,95.8,97.5,95.7,-0.08636800690791815,-0.042985999309479606,-0.1297500145063567,0.09327695041980755,0.0848431216074208,0.1221507191047136,0.36526322240607956,0.42658860277753635,0.4304584164540006,0.08823241751923037,0.13901221909463268,0.09077663401247552,0.12538695602595112,0.3170942196982051,0.3246739606652223,0.16988585323154326,0.3805836716908546
600921,2021,"machado, andrés",631,95.8,81.9,108.1,-0.11078996909119762,-0.6985271283711381,0.4769471901887428,0.12590706207727484,0.1259752319294622,0.10589425093998608,0.3476820285330924,0.3865809243622121,0.4013928315735192,0.121255648662955,0.12831260840948053,0.041162763696845496,0.0962847820302763,0.38195440100011074,0.395452954109426,0.25008977775617713,0.34560283314677553
680686,2021,"gray, josiah",1224,95.7,79.8,109.5,-0.0818563191511458,-0.5511435818037649,0.3874309435014733,0.09393066535923678,0.12141464940564993,0.11035809557923099,0.4022389736675451,0.43842541347835157,0.37563560639202576,0.12377183296928382,0.18491414832417208,0.07567957336290225,0.08356484548561177,0.3422888182667208,0.365189549115945,0.2111550024585755,0.3586126431584153
669952,2021,"white, mitch",763,95.6,88.1,102.8,-0.1074091302342964,-0.3953520841740244,0.1805338237054316,0.11835263835263835,0.10128013860147264,0.1135042580994007,0.40682110682110684,0.4330520664559839,0.46581195448485346,0.071119490432517,0.16934215780618891,0.08591360004752147,0.0780687421867105,0.4251070293572298,0.44225915198061566,0.1429276825227106,0.3291607536909632
595465,2021,"winkler, dan",788,95.6,85.3,105.0,-0.1048944735033174,-0.4875520296785871,0.27776308267195227,0.0816173316173316,0.1172717394332841,0.13081846696202115,0.3821053196053196,0.3786216909841217,0.3334781848300006,0.14947358868203336,0.11388792711425191,0.06570968280450348,0.10268313517903906,0.37596540765525643,0.4049572310085691,0.10351638312537573,0.35065593196945816
666129,2021,"garrett, braxton",604,95.5,96.9,95.8,-0.1254776553050689,-0.08265306806611743,-0.1683022425440204,0.08516591125286777,0.09318834668356056,0.1135042580994007,0.35524033350120304,0.33740059649335963,0.40698842507308874,0.12969790120964647,0.11989866687443264,0.1468526933776867,0.061919457734697994,0.4134332274000812,0.3725766761732059,0.11673250368786321,0.4168615540018504
445926,2021,"chavez, jesse",532,95.5,100.3,93.0,-0.13882076160617343,0.06730442538062792,-0.3449459485929748,0.08705848705848705,0.08517252995813081,0.11786472896068857,0.38535678535678536,0.4287533888380897,0.43289847201701814,0.0782314394757687,0.1662763735868078,0.11209298831356476,0.11554173843633155,0.3472351071766139,0.3345435449313112,0.2059985359197586,0.3861917691378208
664126,2021,"fairbanks, pete",776,95.4,69.5,117.2,-0.11327852221842283,-1.069876870041867,0.8433198256050214,0.1503833025572156,0.10335434813994898,0.11996945626355801,0.3987185943707683,0.4287533888380897,0.4942002304458935,0.10192365472049027,0.16058308067828259,0.053040784955871736,0.07349364495102427,0.37369799328311076,0.33426426533177783,0.1321500041749395,0.3224778059259597
642545,2021,"barría, jaime",917,95.2,90.0,100.8,-0.1082743467827767,-0.2951412045215327,0.07859251095597931,0.11603199838493955,0.09757852974940667,0.12319873046849711,0.37923637923637926,0.38855546501230265,0.4100599184479315,0.08185953289647392,0.15523031132233983,0.09299001907930002,0.08202884973660353,0.3905475433810104,0.4273567966968744,0.1786184550151404,0.39215367539779644
641540,2021,"dunning, dane",1909,95.2,114.2,81.7,-0.07933852693665416,0.37071032032319207,-0.5293873741965004,0.1048126048126048,0.08757777989915734,0.08235838602338347,0.3991068991068991,0.29984783923028635,0.3701289229234749,0.06642215700885883,0.2507170638128134,0.1265911248090701,0.11662786907960608,0.37441020208551173,0.3771874363140718,0.1282388907801008,0.3389911695108676
453281,2021,"leblanc, wade",804,95.0,105.1,88.5,-0.12336578580073909,0.22388265974252453,-0.4706142313440027,0.09278550787984749,0.0848431216074208,0.1089786193844906,0.38379349700104415,0.35196173710589457,0.3709401613121254,0.08468227541014543,0.16058308067828259,0.13626613337029447,0.107440515624358,0.3445276895000677,0.3816173323798413,0.09727708640655268,0.3865312667288643
615698,2021,"quantrill, cal",2357,95.0,83.7,105.3,-0.07965638088020381,-0.3432620131244988,0.18394925136409115,0.14802435697958086,0.10483048882394376,0.11153080935576624,0.31852321404560213,0.33538377178590856,0.3876033569509759,0.07431797821277887,0.1539120288101117,0.09192535815500698,0.09427310355764752,0.3477092653721213,0.33215228245266476,0.1453718036120453,0.4079495907144796
663753,2021,"knehr, reiss",515,94.7,89.0,100.7,-0.17758819060481396,-0.46191714904856673,0.10674076783893882,0.10463046633259399,0.12394337334995474,0.08578708274107724,0.3902352200224541,0.3964747804208861,0.39409478009036425,0.13185953289647392,0.1218969779890065,0.08863166517816749,0.0868561258512105,0.41409287544197376,0.3768577681193738,0.1861383772388789,0.38367772154430163
453284,2021,"parker, blake",713,94.7,114.1,81.0,-0.14290800619638433,0.5807287494533264,-0.8665447618460951,0.08335387058791313,0.07939812114741007,0.09879837574645954,0.3476820285330924,0.3657870573914396,0.39228254272014756,0.06984949953193634,0.1484610478453641,0.17723215742067544,0.0875316200275239,0.4394425187541782,0.3746542007055388,0.1639991839552753,0.31883078269174364
605525,2021,"wendelken, j. b.",759,94.4,79.0,108.3,-0.14757703239349573,-0.7320882000682976,0.4369341352813061,0.10245066495066495,0.1164316537529878,0.12108735487165623,0.4446053196053196,0.46335509675901415,0.4954890681245839,0.10192365472049027,0.12610032205759295,0.10195020355545968,0.0572285897244936,0.3474735727018399,0.3746542007055388,0.1579640389696806,0.3711717907148254
641871,2021,"middleton, keynan",534,94.4,90.8,98.9,-0.18388910917260773,-0.3685434911866805,0.0007652728414650346,0.08516591125286777,0.11368978295394389,0.13081846696202115,0.35524033350120304,0.3716287277218987,0.418223947541865,0.121255648662955,0.14585646805860333,0.09622323205322404,0.09026698315338402,0.43611987288009746,0.3707371444775869,0.16007900442543588,0.3274306596929073
489265,2021,"romo, sergio",1051,94.4,102.6,89.6,-0.12523022058191374,0.11599195371319249,-0.36645239487701997,0.09642415524768465,0.09168530883382571,0.07942068820498956,0.4380599086481439,0.4287328449370151,0.3982668459023616,0.08324698260658364,0.1578613335481422,0.10414882136881602,0.11714224915018019,0.3974132485867316,0.39920844833223434,0.13338600295029054,0.36142665330626583
607455,2021,"banda, anthony",614,94.3,109.5,84.0,-0.1718483668640155,0.4456559163967876,-0.7893526501248186,0.08705848705848705,0.06040146143765892,0.0813498198406767,0.3409123409123409,0.40297436698516287,0.3909519466374144,0.11153909384506482,0.11912865432717717,0.13622323205322404,0.11295144869694296,0.3961198728800974,0.47878628744275936,0.14007900442543586,0.3404057980618616
676979,2021,"crochet, garrett",921,94.2,96.6,94.0,-0.1406695160283924,-0.0755791612511715,-0.2057598708056133,0.08903708903708903,0.10958178930651138,0.10663951667871822,0.3713876213876214,0.3537940391163104,0.35992401436460375,0.11330445858669566,0.15268555212033424,0.10195020355545968,0.10268313517903906,0.4001051516492083,0.4352602613115994,0.10533246002231215,0.3715258447527607
607625,2021,"lugo, seth",738,94.0,82.5,104.8,-0.1670586563815844,-0.6120375604131787,0.2779202476500099,0.1003598350537126,0.12007014293276866,0.15533752972114853,0.3743072518582723,0.35283494353273337,0.401090042101015,0.1037117890138322,0.16340032770772614,0.06929384732111277,0.08530512360386745,0.43283624807281584,0.40584245083152787,0.18189000402312352,0.3476027289869676
676879,2021,"ashby, aaron",532,93.7,99.9,90.7,-0.21460239363201586,0.04842357751156106,-0.4776283647755928,0.09110771901469575,0.0997278797841613,0.08902433114640092,0.3800245428152405,0.4137094102823673,0.4089662812258497,0.09445330718823913,0.17911189767962288,0.10236514048215324,0.13100129734054594,0.42140412008521005,0.3690623469636651,0.12774362172918707,0.298833066131737
621114,2021,"burr, ryan",593,93.7,97.1,92.8,-0.2030748682377752,-0.07552013583402542,-0.33062960064152497,0.09110771901469575,0.07939812114741007,0.08578708274107724,0.3800245428152405,0.38273620993381247,0.39409478009036425,0.14373503183529734,0.13409384966678048,0.11734540494295614,0.08211058525688211,0.4830730157074359,0.47232994014272955,0.12204756637248275,0.38749156673957047
592351,2021,"gray, jon",2545,93.3,118.0,75.8,-0.1121657599007799,0.42475331692536217,-0.649084836726922,0.08832286444226742,0.09569572830557478,0.10015632094666024,0.3483739603142588,0.36770235235031423,0.3220103667091456,0.08156259766792201,0.1269465843230968,0.12079976586988538,0.13863552667484944,0.3646706929512492,0.33660890651606107,0.12807286720287678,0.3493625199589552
533167,2021,"shoemaker, matt",1068,93.3,119.3,74.7,-0.15690419208636808,0.63064335110084,-0.9444517352735762,0.08196053196053195,0.05323283122383175,0.08770783580408237,0.3723509223509224,0.42706177711471516,0.38267287392011406,0.07330704438490201,0.22856445790060284,0.14078199563363958,0.13484689676766304,0.36050542465939417,0.3737365576629535,0.18685659583815153,0.39565244667712485
663776,2021,"sandoval, patrick",1444,93.3,96.5,92.8,-0.13588699435278656,-0.06349645484433186,-0.20827753386124123,0.09106725773392439,0.08681154737269084,0.10378916131856249,0.3952047285380619,0.37118748553370046,0.4128001536305957,0.11573470095829136,0.13394569713429078,0.109497107715053,0.09192148864616242,0.425692253367563,0.43688616724147883,0.11114487368608371,0.3718705652682224
650633,2021,"king, mike",1012,93.2,81.2,104.7,-0.16350620718727488,-0.5595962361272191,0.23258382175266937,0.13052135693645125,0.13910106128210944,0.1089786193844906,0.38379349700104415,0.31644567126303497,0.32094016131212544,0.10164076432041816,0.13696792175500572,0.08545825886266474,0.07935802981445488,0.42361755358830694,0.39517527802617913,0.14711691501870283,0.3608019330324353
519326,2021,"strickland, hunter",981,93.1,111.8,80.4,-0.16914802133381307,0.41526840421594235,-0.7535644468835685,0.07835263835263834,0.07206906381072606,0.08534760523521266,0.3668211068211068,0.39356055978607596,0.44291362544731394,0.0938344757744196,0.17958442348159348,0.1276979942414667,0.11974541024240641,0.4464636760000706,0.40807974718406176,0.14498478581553323,0.37631716895301726
657031,2021,"taylor, josh",803,92.4,89.3,97.0,-0.21341764796416618,-0.33985449588120953,-0.08698080004712284,0.12328399828399828,0.11822290996457221,0.1282101404523419,0.34043865293865294,0.3474067136322298,0.40698842507308874,0.0641241307178432,0.21825932261213754,0.07472865887570984,0.10503794403302869,0.46678418909813474,0.4677668590284647,0.11772451414258417,0.34370303962727483
453343,2021,"melancon, mark",1069,92.4,75.8,107.6,-0.18415260292218621,-0.7087025502286798,0.34039734438430735,0.12076799831901872,0.12231674855911541,0.12459345577896472,0.3947154151235784,0.4307244561421822,0.38045144749961585,0.0953479350611038,0.18248094644097404,0.07960495346111236,0.07312768255464022,0.4356985430685599,0.38895161071601975,0.16443767426399716,0.37453442922685526
502202,2021,"boxberger, brad",1075,92.3,61.7,118.7,-0.18559101646461906,-1.1404132526905741,0.769231219761336,0.12590706207727484,0.1164316537529878,0.13622327423061326,0.4115118157671349,0.41790055130446874,0.4324252016401568,0.1273081710541205,0.17591169541914842,0.04608461643706889,0.08887826033563966,0.35747530563942415,0.33426426533177783,0.11481885608642282,0.37759391654568114
666159,2021,"manning, matt",1421,92.2,87.3,98.3,-0.16631932850405287,-0.31312323992313096,-0.019515417084974805,0.11157470834890189,0.09455300130705481,0.09743899591599317,0.37646863453315066,0.3679773131512826,0.378865571863364,0.12207632840806075,0.18238107779918342,0.10437405960277873,0.09658226746285345,0.3702765281277114,0.3184782826572912,0.18089308746033822,0.37199283089126356
622250,2021,"sborz, josh",1083,92.1,104.3,84.7,-0.19183476690044526,0.16618784948522666,-0.5498573832861172,0.10245066495066495,0.07579318863596259,0.087250513646224,0.40293865293865294,0.4210858184812658,0.3983793883762342,0.08823241751923037,0.12408684596030432,0.07622323205322404,0.1517899566453039,0.3961198728800974,0.43277714431782477,0.16007900442543588,0.40223571293503585
607188,2021,"faria, jake",639,92.0,103.9,85.0,-0.2561707319151933,0.20486901570042604,-0.7172104795308126,0.10463046633259399,0.08076705427064128,0.0813498198406767,0.3689586242777732,0.4065764894154299,0.3909519466374144,0.08930130861433519,0.15116033962437073,0.1096445585407774,0.11436892532083202,0.505773464981224,0.5106937830377288,0.1132820796466376,0.44854521605146774
623485,2021,"goudeau, ashton",576,91.8,110.2,79.7,-0.2813299055021817,0.4952772868741987,-1.057937097878562,0.10690504168765037,0.06464016048591568,0.07290763825018134,0.4204577248055509,0.3610778313349989,0.3661806451954909,0.07243651803311917,0.15395960517297017,0.16316965930854077,0.1290748076737732,0.3667776600741643,0.3783408418612582,0.11118426335688504,0.3849528995486531
596295,2021,"gomber, austin",1856,91.8,73.9,108.2,-0.1600106526557792,-0.6096323868947283,0.2896110815831699,0.11310902739474167,0.13548999156135835,0.12112656715008809,0.46201507630079053,0.4215983800603459,0.3778591705235242,0.07483002498466373,0.16852935037139732,0.09705425456561516,0.08164136420893137,0.3545908609394308,0.3355092665556108,0.1288178047066045,0.3508561598194612
458677,2021,"wilson, justin",604,91.8,104.8,84.0,-0.2745191659195108,0.2488827764895877,-0.7979211083286093,0.08516591125286777,0.07519365607545295,0.0842551705492723,0.3987185943707683,0.3792129874713252,0.3513430875887506,0.121255648662955,0.12831260840948053,0.12106586672210838,0.1393188400288346,0.3709582009167682,0.45598694042167554,0.08341562960982901,0.32338550815876854
641682,2021,"hendrix, ryan",548,91.6,81.8,101.8,-0.29931234762171743,-0.7650029316066739,0.16637823636323898,0.12076799831901872,0.1114081524616199,0.09530482584598747,0.41512357838888453,0.37635727310158223,0.4612535484161672,0.12799207358867473,0.19099664221000723,0.0739779369121369,0.08783923073992041,0.4159472011580229,0.41225993596664096,0.21063026898083667,0.41914248236659213
663738,2021,"lynch, daniel",1257,91.6,71.9,109.5,-0.1923972062358012,-0.7691388276703387,0.3843444151987363,0.10980368123225265,0.12554577199722197,0.1056335820734701,0.44985802128659264,0.4090040035421554,0.4421218794018483,0.10988294408039494,0.21269192610194987,0.0334662095554905,0.10065886257962886,0.4619761148095818,0.4421126260390219,0.19052321691990232,0.35261075791727026
642203,2021,"widener, taylor",1229,91.6,83.6,100.3,-0.19430079266418826,-0.4393004795710222,0.05069889424264569,0.10567199852914137,0.12258847022401512,0.07997963750903866,0.41680455966170255,0.4503979289379106,0.4128001536305957,0.11001940708380784,0.16436813184370855,0.05796580244170123,0.10804666900749153,0.43139751378319124,0.43786401143638126,0.21691506290688908,0.3651630591725004
621076,2021,"kaprielian, james",2024,91.6,73.6,108.3,-0.15890455193392095,-0.6008908510007567,0.2830817471329148,0.11643576349458702,0.1352111133422172,0.11776194028480785,0.4020743432508138,0.4274261757421977,0.37662234171268555,0.08036711597428413,0.20132347301558592,0.06402591477591149,0.09586906812466617,0.3836556856065973,0.4498695842660889,0.10658975591206388,0.3974133272129262
468504,2021,"chacín, jhoulys",1070,91.5,117.6,73.5,-0.20806866826676657,0.5761736458931369,-0.99231098242667,0.0816173316173316,0.07786971435201635,0.05972518418682593,0.36127198627198626,0.39152652583691694,0.37563560639202576,0.10472078748164296,0.14111846483849075,0.12578412311104104,0.11830636038719053,0.5231537646667291,0.5252516411719033,0.14107628488809992,0.34448025069719407
669432,2021,"rogers, trevor",2176,91.5,115.9,74.8,-0.15694270340611233,0.39528441627930855,-0.7091698230915332,0.08781485567199852,0.09132042006578799,0.06770429430490568,0.3810902739474168,0.423772960564914,0.40065976232429856,0.08990422697486858,0.10583884862886807,0.11641282093242615,0.1244649558569212,0.4562483244706201,0.45206107785008504,0.11113692955079603,0.27803885922683114
605280,2021,"holmes, clay",1132,91.3,90.4,94.5,-0.21002846342209666,-0.252206862004274,-0.16785006483991932,0.12590706207727484,0.10526697462598895,0.07610144436708464,0.4115118157671349,0.36412926556294434,0.3657292404027425,0.10315779065355873,0.15393759222896103,0.08962054740343688,0.12017435634506712,0.36586833742111674,0.35435895149556695,0.15794671343778677,0.4201975066408581
592426,2021,"jackson, luke",1062,91.2,83.3,100.1,-0.21804647155090268,-0.48120675053945544,0.045113807437650116,0.133031383031383,0.09979856035970382,0.1057299938460171,0.3911741411741412,0.4231355374817524,0.40650976582150733,0.08567495614186138,0.16396838665710708,0.09622323205322404,0.08495716061494966,0.41611987288009744,0.3930467242141994,0.16007900442543588,0.3840859863264478
592716,2021,"sampson, adrian",554,91.2,114.9,75.1,-0.31605914420057657,0.7134779337340549,-1.345596222135208,0.09456984456984456,0.07206906381072606,0.07997100933490252,0.35271260271260274,0.3474067136322298,0.3334781848300006,0.07243651803311917,0.15395960517297017,0.1420211200483855,0.1399621678157997,0.541927157163725,0.4899633408644878,0.09098091311403259,0.3505603874411181
642547,2021,"peralta, freddy",2360,91.2,107.4,81.1,-0.15946298954538446,0.19349145173786186,-0.5124174308286308,0.10029884606155792,0.09984009430615665,0.10338605905063031,0.41256026001788715,0.418365323567989,0.368885243669894,0.056300685464651765,0.12679827313657513,0.1338592000179811,0.11801599441355741,0.3500404975946275,0.3509180168215832,0.08110777176534996,0.3870554826823929
657006,2021,"steele, justin",969,91.1,108.4,80.1,-0.2324152859992754,0.3072270761233281,-0.7720576481218789,0.07995167178840647,0.06789114706807528,0.0646341034350582,0.3947154151235784,0.44320922298688314,0.4476056562324663,0.1146604633882382,0.1494756330339187,0.13860463593155387,0.10670383090907502,0.4334101749231394,0.46264531927292635,0.14107628488809992,0.33684376382790515
453268,2021,"bard, daniel",1221,91.1,96.5,89.5,-0.2065738190399507,-0.06797719218746988,-0.3451704458924315,0.0816173316173316,0.08912652196929592,0.10291052734345664,0.36127198627198626,0.3810858184812658,0.4090028387329338,0.13639464967235543,0.11642273349175487,0.12017171696401849,0.11238030944616756,0.33547682529238265,0.41065720973063863,0.06159923417341219,0.3815126971890068
451584,2021,"davis, wade",769,91.0,93.6,91.7,-0.264772108781663,-0.19333865250665214,-0.33620556505667387,0.07835263835263834,0.11469386787607752,0.14084477609796012,0.3668211068211068,0.4415139759118647,0.44456830297058025,0.08051757334079401,0.13629210949738343,0.0890955852344667,0.10426287572025504,0.5149258082223125,0.4573411884087009,0.1667398189124406,0.3310634170070959
643377,2021,"jax, griffin",1398,91.0,83.7,99.5,-0.19739062355065215,-0.41430430263638646,0.019523055535082167,0.11474828866133213,0.13229269502429905,0.10919426461527246,0.3672616716094977,0.41965258005490935,0.4345529539884274,0.06728180786011555,0.20977833807315602,0.10245536747280466,0.08691895865181345,0.3582092284186613,0.3722937227657521,0.20934825838688131,0.3772612234920822
503569,2021,"dolis, rafael",612,90.8,80.1,101.9,-0.3131082916792232,-0.7836650067048159,0.15744842334636944,0.08903708903708903,0.10335434813994898,0.15295244825893417,0.41684216684216685,0.4651170252017261,0.45044233166614095,0.11987230263315811,0.15626997999000591,0.0685649171380781,0.09952264420451203,0.36112179619524076,0.4318161926367825,0.19521829807979985,0.40618322148832653
650671,2021,"quijada, josé",503,90.8,88.3,95.5,-0.3539628028896284,-0.503227746430688,-0.20469785934856874,0.11176436176436176,0.13481559908240692,0.13173116766194604,0.3713876213876214,0.4137094102823673,0.4053963314700007,0.07243651803311917,0.15395960517297017,0.10586560007392228,0.0841541491459569,0.4390553790001353,0.5068841589868351,0.11122083947977202,0.378410009762629
608723,2021,"voth, austin",1041,90.7,70.8,109.2,-0.23428605320253207,-0.8746160179523983,0.40604391154733416,0.15924342710056996,0.1405853835223315,0.1395034470328482,0.3453759882331311,0.3497557419223018,0.34137158220202424,0.0611183120904443,0.2236534168646936,0.10165912839792839,0.04339198315338402,0.4896416961791772,0.4332371444775869,0.059760451063758095,0.3861680139036619
592836,2021,"walker, taijuan",2547,90.7,96.7,88.8,-0.1662681890708455,-0.04864939087497699,-0.283886987266714,0.09425752282895139,0.08456326098464796,0.1132176119289173,0.34929827786970646,0.3705429092406329,0.366732406961308,0.11732873090095092,0.16466471698215474,0.11540589940282946,0.09570204588998563,0.3914478137669011,0.3980133497754855,0.18407331424093124,0.37152705236925726
593372,2021,"martínez, carlos",1289,90.6,87.7,95.6,-0.21707986833473214,-0.31501976787839964,-0.11913996879106462,0.09701035930544126,0.09893045507127031,0.15113739952653124,0.3826402514927105,0.35723552209347165,0.4199539702400965,0.08327195149142692,0.19655203228120952,0.10327538529117054,0.09840776372726127,0.3769051962526829,0.36233698033261114,0.2000415812765452,0.3484266574988602
608566,2021,"márquez, germán",2808,90.5,60.2,117.1,-0.16793277171168727,-0.8335575252247754,0.4976919818014009,0.14802435697958086,0.10341189540631827,0.11529854862592585,0.43792619912022895,0.4055030731415136,0.4460359510687589,0.0799148684221054,0.19508907756909485,0.09087114379816866,0.05510834768726631,0.4421945602378642,0.36690870898626227,0.12434567687173942,0.34994316843281137
681911,2021,"vesia, alex",663,90.3,81.3,100.3,-0.31579754364178086,-0.7001186684132942,0.06852358112973242,0.10463046633259399,0.12378683606846656,0.11436579101518497,0.3902352200224541,0.41817474789064696,0.4135042580994007,0.12566494497797154,0.15116033962437073,0.08661730915139096,0.09470634298059963,0.38195440100011074,0.40536356141910757,0.1591806868470862,0.3819687685444
608665,2021,"graveman, kendall",875,90.3,97.3,87.6,-0.2694481573938378,-0.05263669033873067,-0.48625962444894494,0.08516591125286777,0.10781434109189023,0.16747327423061326,0.35524033350120304,0.3803457481628215,0.3855502016401568,0.0592662420270975,0.14111846483849075,0.15458178250282809,0.08622517793756086,0.4176490112983311,0.3690623469636651,0.07024474072406654,0.40496574512629313
656427,2021,"flaherty, jack",1357,89.8,72.0,106.7,-0.23348295232179211,-0.7403856067729281,0.27341970212934386,0.13890582311634941,0.10642295766700213,0.14131432834176944,0.3919483393167604,0.4239718284186257,0.37416903227744486,0.07118220251867298,0.22193940114986072,0.08621723547672408,0.08576392036681209,0.3772910587848718,0.3660278705839084,0.12663228128192144,0.3970958845689104
543022,2021,"chatwood, tyler",591,89.8,93.9,89.6,-0.35906412618129113,-0.21312638246669866,-0.5050018698958836,0.08516591125286777,0.06579444906602132,0.06523315001332014,0.3769794639359857,0.36752564975169527,0.43289847201701814,0.19527167170144977,0.13629210949738343,0.11455146673002863,0.12291674301737399,0.376333182000116,0.39845057971416087,0.11914167193504269,0.37763433790603457
605194,2021,"cotton, jharel",541,89.5,105.7,79.7,-0.39466488706724456,0.3106527634678107,-1.0999825376022998,0.09110771901469575,0.10931709899417681,0.09251548138743625,0.3567687288617521,0.3957968535787488,0.3661806451954909,0.06984949953193634,0.1484610478453641,0.1309838769742539,0.15041672187410118,0.4193460316154783,0.42657195763947015,0.1154605811783037,0.3518209035953463
621348,2021,"clay, sam",823,89.5,91.0,91.5,-0.3049067044064001,-0.27826564936589754,-0.3315477594469027,0.10690504168765037,0.1082322415168619,0.10179226592059468,0.3987185943707683,0.45889347022668925,0.41932140765106113,0.08324698260658364,0.1578613335481422,0.12162788576180718,0.08578591040274149,0.4251070293572298,0.38895161071601975,0.25007053966556775,0.33758021777781533
641816,2021,"mahle, tyler",3196,89.2,68.7,108.5,-0.18792841708472685,-0.6304969598559415,0.25464012568648775,0.11151594250185799,0.12135941444377846,0.14488314371160313,0.3850852864937372,0.3849705486454127,0.3403861042305597,0.1063533211945396,0.1188733810655392,0.08735448399260332,0.08888606906863909,0.3580441637790324,0.3784782744757778,0.11051906199597676,0.3761286454647436
547001,2021,"poteet, cody",549,89.2,72.6,105.4,-0.403627591618661,-1.1772127211592673,0.36995753792194525,0.15524768465944935,0.15372204996344752,0.15425856429776585,0.3596285360991243,0.32668946644595137,0.3440509984915879,0.0877066423890792,0.16631819070250695,0.07027904006653005,0.07464198315338402,0.4701498411001218,0.4019871444775869,0.1500987555317948,0.3761371842918137
542585,2021,"cisnero, josé",1071,88.9,93.2,88.8,-0.2851951038949013,-0.1746368600981271,-0.3957533476916755,0.07995167178840647,0.09830131099554697,0.1187429161655269,0.3947154151235784,0.42031524097198436,0.4257725062303082,0.10837769827107445,0.15498381752521082,0.09079940004158128,0.11639389192638783,0.4813436506875761,0.44913306245911383,0.12506172220737177,0.34546033089408185
663770,2021,"evans, demarcus",522,88.8,89.2,91.8,-0.4343206872795889,-0.4485971763261021,-0.4200441982330757,0.09327695041980755,0.12357585103689553,0.10589425093998608,0.36526322240607956,0.40394426926293336,0.4384298686105562,0.12566494497797154,0.11479670326073438,0.09772209237592826,0.09366837101601132,0.5078459908719198,0.504454455815011,0.20522949285312292,0.3861917691378208
663554,2021,"mize, casey",2357,88.7,84.2,95.6,-0.21365659755044136,-0.33124995382223377,-0.09606324127864897,0.12243990021767799,0.08747923550135996,0.10974631640607399,0.38692660914883137,0.37642369921444785,0.3894017032397603,0.09686491275856994,0.19906324651456944,0.1113086485364568,0.08816634381302259,0.3657159387219223,0.38755942205087274,0.18345532675308754,0.36341659593683234
666120,2021,"anderson, ian",2183,88.6,72.1,105.0,-0.22112178059021803,-0.620904921866798,0.178661360686362,0.09476208106345092,0.15969648844185635,0.11255123496247123,0.40193226494596357,0.423772960564914,0.4219045389820357,0.08889406712121838,0.20577324358809426,0.07719713465791635,0.09069942307049275,0.3908888473464371,0.40677131248247733,0.16996045896256073,0.4433715058530809
573009,2021,"mantiply, joe",633,88.3,71.2,105.2,-0.40522037273761247,-1.1361783544832245,0.32573760900799953,0.1503833025572156,0.15132014293276866,0.10497327423061326,0.4204577248055509,0.38408494353273337,0.4324252016401568,0.09445330718823913,0.17911189767962288,0.09077663401247552,0.0823635676175272,0.3548300687548089,0.32288236632009587,0.16988585323154326,0.3538195598398882
642130,2021,"taylor, blake",754,88.0,91.5,88.8,-0.37309844546875714,-0.2734356465120228,-0.4727612444254915,0.1003598350537126,0.0997278797841613,0.09530482584598747,0.41512357838888453,0.4312532699314901,0.47792021508283394,0.10192365472049027,0.10885894274724811,0.09871248699508989,0.10930785357768673,0.5044346904928241,0.49559963300912196,0.101506524945968,0.3169450078234767
622253,2021,"tate, dillon",1042,87.8,73.8,102.5,-0.31983774711327306,-0.7804694649970415,0.14079397077049532,0.11835263835263835,0.08681154737269084,0.1135042580994007,0.40682110682110684,0.4361225504687654,0.4511060721319123,0.13502381778467326,0.15626997999000591,0.10127771957081841,0.0949231739982192,0.3196091223448836,0.3177395849181122,0.14947069219852635,0.36818872856793106
656464,2021,"ginkel, kevin",556,87.8,93.5,86.9,-0.4575075710022277,-0.23767062494530547,-0.67734451705915,0.07995167178840647,0.11600998260606518,0.10211231340641515,0.3947154151235784,0.4404374772672436,0.4406288018744649,0.11153909384506482,0.13799657885547906,0.12913692450358227,0.11889626178625574,0.3956887476445527,0.41626626748360634,0.13342111602826207,0.33285460598570643
666205,2021,"muller, kyle",681,87.7,99.7,81.9,-0.40660098951598617,0.033299786697503046,-0.8465017657294753,0.10463046633259399,0.09318834668356056,0.0842551705492723,0.3476820285330924,0.43576125223106454,0.4406288018744649,0.08324698260658364,0.19175963863288795,0.10459046962306962,0.1416969119103852,0.4088259487827146,0.5032924238632689,0.15225978741895202,0.34298462986536055
474463,2021,"anderson, brett",1508,87.7,92.7,87.2,-0.2762716981104269,-0.16159387690208304,-0.39094951931877076,0.11643576349458702,0.10958573990818801,0.06830344735185176,0.416780225603755,0.496876390941007,0.4927009991590269,0.05752311726159463,0.18108556881382926,0.12009705741444522,0.0890185959145577,0.42439994473047715,0.45016371835280455,0.17394739322845038,0.45199047484613897
502043,2021,"gibson, kyle",2889,87.5,83.2,94.5,-0.22694149676002326,-0.33486016642333144,-0.11902282709671509,0.08966108966108965,0.09660848123484995,0.07998723545342723,0.41425841425841425,0.41829892359272985,0.4154866634699257,0.1406752072998909,0.21994168565415462,0.10318313334719376,0.09362617804830972,0.40523955022919206,0.4186264938691103,0.1198122407357906,0.4084955507504991
656061,2021,"abreu, albert",646,87.2,76.1,99.7,-0.4405652863399331,-0.9227046929849998,0.04157412030513363,0.10690504168765037,0.13971798450358536,0.13540858860981136,0.3769794639359857,0.41057157065627153,0.41535461236789534,0.11714528769132941,0.19175963863288795,0.10195020355545968,0.08846457262623292,0.3474735727018399,0.4393921712326956,0.08778860037318935,0.3974726445133922
642397,2021,"soto, gregory",1139,87.1,89.8,88.7,-0.3277251947964024,-0.26983838002680327,-0.38561200956600156,0.09835263835263834,0.10283829457995683,0.10663951667871822,0.40682110682110684,0.47048363670915283,0.4392890937296831,0.08860989709985173,0.1450489574274409,0.08295106211484832,0.13142788929044608,0.4276895455862909,0.41130703959226295,0.15524052105641023,0.36320938639156
675921,2021,"howard, spencer",936,87.0,104.4,77.1,-0.36242115632852523,0.18263876729520034,-0.9074810799522508,0.07835263835263834,0.08120698782424562,0.08839854672051643,0.3868211068211068,0.35116337694421335,0.3378317487496057,0.13502381778467326,0.17142149514152105,0.14414882136881602,0.13232681934625368,0.3840799152533983,0.34524918254568043,0.1467193362836239,0.42310254671474373
650556,2021,"abreu, bryan",689,87.0,86.1,91.5,-0.43118728541774554,-0.4979640303811807,-0.3644105404543104,0.10928070928070927,0.12153616632176717,0.09530482584598747,0.4298012298012298,0.4651170252017261,0.5112535484161672,0.08051757334079401,0.13629210949738343,0.10691470228136005,0.10757280828280281,0.44013319208899715,0.44011392454865966,0.08897667158381761,0.36850359650555414
622766,2021,"díaz, miguel",695,87.0,81.0,95.6,-0.42850900526143576,-0.693915750341843,-0.1631022601810285,0.11603199838493955,0.1403549151840173,0.07148923561756437,0.3596285360991243,0.3852382084941295,0.3587153470450005,0.15364779265152476,0.16058308067828259,0.09074194292050482,0.09791672748841657,0.4477617534286874,0.4191046990943315,0.19057024336361414,0.388493140948184
594835,2021,"gonzales, marco",2328,87.0,60.9,111.3,-0.2525210508535068,-0.8618178417272094,0.35677574002019585,0.1369842749153094,0.1290838623919503,0.14498742316734742,0.3947247740351188,0.3838061050079922,0.43878833018360325,0.059175565949258255,0.2447448033655469,0.08661498013252164,0.0701970164092744,0.40822218505266006,0.37961162027851697,0.15791783755129704,0.3808276704668647
570488,2021,"valdéz, phillips",688,86.8,88.6,89.3,-0.4378838916889852,-0.40037996491955374,-0.47538781845841666,0.10690504168765037,0.10283829457995683,0.11013589427474178,0.3987185943707683,0.40894517517069134,0.38811824434377107,0.1079933120904443,0.1767784168646936,0.09849426445188478,0.10801509613634136,0.47128802786448937,0.523988572868966,0.11871102069952191,0.34898363824377093
500779,2021,"quintana, jose",1241,86.7,65.6,107.2,-0.3263279794159408,-0.9544104758915708,0.30175451705968914,0.11529386529386529,0.10526618638801298,0.1089786193844906,0.439017589017589,0.4411025694140754,0.39594016131212545,0.14947358868203336,0.16868244766219712,0.078529210846773,0.08471358652270722,0.3757566708649307,0.3840897155820695,0.16221554353069992,0.42560804547847997
656232,2021,"bielak, brandon",835,86.6,85.4,91.5,-0.39921304715445327,-0.4704251833665639,-0.3280009109423427,0.10690504168765037,0.09549270210995991,0.12279281057407392,0.44219685524033353,0.4368776626584991,0.41796074514042303,0.0938344757744196,0.1637114076085776,0.10811367623271749,0.0836677397755133,0.5524760895873789,0.46576762032796987,0.1270468289090761,0.320699209461519
680704,2021,"sandlin, nick",603,86.5,89.3,88.3,-0.4866348171899919,-0.4052457215844863,-0.5680239127954975,0.09110771901469575,0.09368978295394388,0.09251548138743625,0.4265361707222172,0.4916287277218987,0.4053963314700007,0.1340944402337023,0.14091218100576933,0.09818697148288168,0.13554173843633155,0.445020278449079,0.3945435449313112,0.12252959635248556,0.3718375778579063
607560,2021,"harper, ryne",571,86.3,73.1,100.8,-0.5119061667038897,-1.1272419188782308,0.10342958547045135,0.12864417212243298,0.1310684146607293,0.1556837419778437,0.3769794639359857,0.4035575761979399,0.4049145161601792,0.11153909384506482,0.13799657885547906,0.11175310774348465,0.09169979240978694,0.32319218546163214,0.34487582931056443,0.07699904271676525,0.3167255737276419
675916,2021,"karinchak, james",1032,86.1,91.5,85.9,-0.37315210830073003,-0.23127801905674172,-0.5150261975447183,0.11603199838493955,0.12197601821741579,0.09374245165179096,0.3596285360991243,0.39018152993801486,0.38811824434377107,0.08567495614186138,0.16396838665710708,0.08285133918828701,0.14388667084945211,0.4305650792174972,0.4381504466650092,0.08704239611460418,0.4122473818922158
622503,2021,"crismatt, nabil",1343,86.1,98.4,80.4,-0.33150866153546316,-0.012568481320604175,-0.6504488417503221,0.10381810381810382,0.10760543497441327,0.08299236076085213,0.4094921989658832,0.46201595984549926,0.4803786333867746,0.05587959962554907,0.17591169541914842,0.10327538529117054,0.12013891806354941,0.5137473015158408,0.4611965629802078,0.1368836865397031,0.3345193555940589
675912,2021,"lowther, zac",571,85.9,88.6,87.9,-0.5289807617053157,-0.44861346863053386,-0.6093480547800975,0.09456984456984456,0.10384444794185398,0.10335830078091152,0.3911741411741412,0.38623562683912077,0.39500327546107744,0.14384676315978973,0.15116033962437073,0.12027904006653005,0.10900164003427505,0.4701498411001218,0.409946740501237,0.17509875553179483,0.35020844471502255
664776,2021,"cousins, jake",537,85.8,76.9,96.9,-0.5570547641653296,-0.9984589567296261,-0.11565057160103305,0.11436353296818412,0.1536897829539439,0.13436579101518498,0.3800245428152405,0.41162872772189874,0.4135042580994007,0.11330445858669566,0.11989866687443264,0.09772209237592826,0.10857015731401312,0.35399983702576593,0.38016311924012636,0.12830641593004596,0.4330534531422322
544727,2021,"familia, jeurys",1021,85.8,72.0,100.8,-0.38456449884009175,-0.8467971374098173,0.07766813972963384,0.13835263835263834,0.1277130757014293,0.11781472365890876,0.34682110682110684,0.3761975939131608,0.37398936358067614,0.10633187651982208,0.22021259506677524,0.05954940004158128,0.10953643551854335,0.4500936506875761,0.43277714431782477,0.14068672220737177,0.35428417226582154
663734,2021,"neidert, nick",602,85.6,92.1,84.8,-0.5226912851782138,-0.28751759712317587,-0.7578649732332517,0.10463046633259399,0.10444514293276866,0.10179226592059468,0.3476820285330924,0.35283494353273337,0.2981092864389399,0.1479339100565438,0.10916147282597598,0.13018602671102003,0.1286458805502181,0.3634332274000812,0.39114706903375734,0.16673250368786321,0.35813614501687574
542960,2021,"brach, brad",587,85.5,104.5,74.8,-0.5373071329097212,0.24045628739651997,-1.3150705532159623,0.08516591125286777,0.07085556053263835,0.08737573242146757,0.3987185943707683,0.3957968535787488,0.38287431305500064,0.1094735550701562,0.1724781236914887,0.14527904006653006,0.15398398108450137,0.3951498411001218,0.46889784643097476,0.10009875553179481,0.36851759948417495
570257,2021,"rodríguez, joely",779,85.4,85.1,89.9,-0.4566460064254899,-0.5009090530242082,-0.4123829598267717,0.10690504168765037,0.08882014293276866,0.1282101404523419,0.3769794639359857,0.41533494353273337,0.4364001897789711,0.11368407641900836,0.15988112844885366,0.11165838692887217,0.09966304296789084,0.4230490761312274,0.4665761359789053,0.1639991839552753,0.3482613164786738
571710,2021,"givens, mychal",888,85.1,67.6,103.2,-0.43538464265910776,-1.055913737877453,0.18514445255923748,0.13835263835263834,0.10335434813994898,0.10179226592059468,0.40682110682110684,0.41057157065627153,0.404169892499546,0.1573265392664831,0.10021934411651413,0.10642440004158128,0.0712998048032325,0.3719686506875761,0.41383846636665017,0.10943672220737176,0.345694083708456
594965,2021,"ponce de leon, daniel",657,84.9,85.0,89.2,-0.5247375090650142,-0.5547990493199101,-0.4946759688101183,0.10690504168765037,0.10781434109189023,0.11996945626355801,0.3987185943707683,0.4448618771950796,0.4406288018744649,0.1079933120904443,0.0986534168646936,0.11622323205322405,0.11110124174023682,0.4561198728800974,0.3961025320937937,0.12007900442543586,0.3636445469883394
519043,2021,"moore, matt",1270,84.9,84.9,89.4,-0.3698778218812865,-0.3972285456749158,-0.34252709808765713,0.1172479986039308,0.11741196865601314,0.1013754598925494,0.34476364984839564,0.3690267734735707,0.3799443361043028,0.10548762631717913,0.20418424905787186,0.08222275371222318,0.13210304662847697,0.4190104594105776,0.36793052950051625,0.1895152654870715,0.36254606884428753
448281,2021,"doolittle, sean",878,84.7,83.4,90.2,-0.45017540934495726,-0.5249968471353411,-0.37535397155457345,0.12076799831901872,0.13640125560136893,0.0959755650108464,0.41512357838888453,0.4448089631844357,0.3810744700710005,0.08185953289647392,0.15523031132233983,0.07622323205322404,0.1517899566453039,0.3361198728800974,0.3905236231910642,0.14007900442543586,0.3851516568849446
663531,2021,"allen, logan",874,84.6,74.8,96.8,-0.45479970866325864,-0.8192049249715835,-0.09039449235493384,0.14138628424342709,0.12416011727816915,0.11322453962024998,0.41680455966170255,0.43053123571916585,0.4113664013632472,0.08051757334079401,0.16907899474328508,0.08301659432373146,0.0836245905571675,0.4543713377714982,0.44867932523188775,0.30005643173245417,0.4401986616504538
641755,2021,"kinley, tyler",1147,84.5,102.3,74.9,-0.40116982344883567,0.10199566001925604,-0.9043353069169274,0.11603199838493955,0.07786971435201635,0.07331140449691344,0.39884422237363415,0.41892378611088954,0.43173349878166717,0.07556264575059131,0.18944336429754446,0.14643524780091344,0.12017435634506712,0.3702387111045503,0.39517527802617913,0.2090141824070417,0.39433321000951965
605164,2021,"bundy, dylan",1524,84.1,84.1,88.8,-0.36362696040056475,-0.3886307037010863,-0.3386232171000431,0.11996411996411996,0.1101493726566721,0.09686988389732498,0.383955383955384,0.43898388026901997,0.37416903227744486,0.08976067498426539,0.2118677750563687,0.10545680002376072,0.09658226746285345,0.4446963718214721,0.45573318461807555,0.17860669840421245,0.34934071588849286
518617,2021,"diekman, jake",1126,84.1,65.1,103.8,-0.41419023440312264,-1.0134580150274115,0.18507754622116626,0.14938928146475317,0.14839568260690547,0.1187429161655269,0.38379349700104415,0.4525199498068741,0.36423404469184667,0.08098043799710185,0.15498381752521082,0.07329156928194619,0.08372589741763156,0.4193460316154783,0.47430691661689217,0.15392211963984218,0.402405944884404
623352,2021,"hader, josh",964,83.7,80.8,90.7,-0.4606573260245431,-0.583781473085961,-0.3375331789631253,0.12864417212243298,0.12153616632176717,0.1286381591793208,0.3987185943707683,0.356026116110817,0.3779202150828339,0.0895692723301278,0.0956639193839453,0.09622323205322404,0.1178997330982975,0.4561198728800974,0.40259545401154206,0.10007900442543585,0.3330257572136145
607572,2021,"howard, sam",850,83.3,70.7,98.1,-0.5046861341122952,-0.9734454378924164,-0.03592683033217414,0.10245066495066495,0.13249119220167577,0.1330739577717112,0.40293865293865294,0.42381786872577476,0.4081933259477592,0.14159388533983477,0.104483123990577,0.08285133918828701,0.11109782541954957,0.36534768791314937,0.3601380239724146,0.19573804828851724,0.4246575244444805
592717,2021,"sanchez, aaron",595,83.0,83.3,87.7,-0.6352793746319882,-0.6636998070512176,-0.606858942212759,0.11176436176436176,0.1114081524616199,0.11583257846136635,0.39411489411489414,0.4096906064349156,0.44267608456844887,0.11916503403083509,0.12610032205759295,0.09526494430592135,0.13305045582489602,0.45583596137712906,0.42873058329093283,0.14760574133232449,0.4024906467475236
640448,2021,"finnegan, kyle",1225,82.5,104.7,70.0,-0.4439841748842503,0.1700387770113333,-1.0580071267798339,0.07681631211042975,0.10384444794185398,0.09462379648956688,0.41845206551088904,0.39974914035263426,0.36162271697140896,0.09873674248269193,0.13305455256200557,0.15748215470214935,0.1317225455857379,0.33074658192006495,0.3992492499645934,0.16005266961695724,0.39101919359933435
656605,2021,"keller, mitch",1859,82.0,94.5,77.4,-0.38687319820403937,-0.10551779995122036,-0.6682285964568584,0.08196053196053195,0.10841443715980507,0.10093880595840674,0.3723509223509224,0.44086697765893107,0.45773978496007967,0.09901746637542706,0.15904242977044877,0.1438662666943875,0.08946160338841934,0.44589576712505075,0.4657608912114647,0.1458744814715812,0.3905214278016871
641394,2021,"brentz, jake",1110,81.9,93.5,78.1,-0.47930870851273977,-0.16139084897933015,-0.7972265680461494,0.09835263835263834,0.09022998647138404,0.08053928944731335,0.3868211068211068,0.39018152993801486,0.38979173105591597,0.13812116422517007,0.13055466682709355,0.10019244142519314,0.1381677810489305,0.4276895455862909,0.49650227239186606,0.17248190036675506,0.3534386282766714
664208,2021,"maton, phil",1174,81.7,71.4,95.2,-0.4727591235743238,-0.8070039076136932,-0.13851433953495446,0.09456984456984456,0.12406413068138848,0.15997447090685446,0.33348183348183347,0.33687766265849906,0.3533613866413438,0.14947358868203336,0.15498381752521082,0.08804790307062427,0.10325984613901856,0.4213029340000738,0.4556138499595948,0.13642348820108777,0.3030359060460702
668820,2021,"kranick, max",686,81.7,92.2,78.7,-0.6304201064815368,-0.2588979124137856,-1.001942300549288,0.09110771901469575,0.1336075253491876,0.1194286239830034,0.3800245428152405,0.40894517517069134,0.39281113568452103,0.08324698260658364,0.1578613335481422,0.1315098746665851,0.14189261351586238,0.38516408423887866,0.4424961114044043,0.1343873167353999,0.3566062654337264
650959,2021,"diplán, marcos",512,81.6,114.0,61.4,-0.7617490341891728,0.7097264116581526,-2.2332244800364984,0.08516591125286777,0.07939812114741007,0.06885721390294905,0.3769794639359857,0.3488379048490667,0.36435579453648215,0.07380324478846104,0.1946003524403847,0.20028619494003083,0.17667355609535373,0.43092291394884286,0.42175700404205835,0.17958846721209726,0.3238747423413178
622092,2021,"zimmer, kyle",938,81.4,91.4,79.0,-0.5376163010677425,-0.24518520547133663,-0.8300473966641483,0.09642415524768465,0.10128013860147264,0.10032086931156577,0.37923637923637926,0.47850661191052934,0.43289847201701814,0.10315779065355873,0.12408684596030432,0.12383930186656732,0.13036115895755437,0.41465442989099766,0.4363623632875408,0.14552636765948715,0.36465905666048926
663432,2021,"rainey, tanner",667,81.3,82.3,85.9,-0.6559250361434719,-0.6581660989682264,-0.6536839733187172,0.09835263835263834,0.1172717394332841,0.13782659912070086,0.3868211068211068,0.4312532699314901,0.42277165901732205,0.10472078748164296,0.20172452544455136,0.09068263234390975,0.13830789636360363,0.4130965691614475,0.4434117805421543,0.2259338781055417,0.3769025773765805
656557,2021,"houck, tanner",1153,81.0,67.0,97.6,-0.4977864198226223,-0.9448573844423528,-0.05071545520289175,0.12810429477096144,0.09549270210995991,0.12108735487165623,0.3952047285380619,0.3797348055156419,0.3982668459023616,0.1548683120904443,0.1142784168646936,0.10245536747280466,0.10777086921816577,0.40472085632563803,0.3172717724656556,0.05818546768920689,0.3739725961010345
647315,2021,"pop, zach",943,80.9,75.2,91.0,-0.5509807536840685,-0.7754927919205056,-0.3264687154476314,0.10463046633259399,0.10444514293276866,0.1187429161655269,0.3902352200224541,0.47783494353273337,0.45654173699953904,0.13105252902630052,0.13696792175500572,0.09525806832513661,0.12941853760237998,0.3756828493171326,0.37062832139083035,0.12199939294233894,0.3636435123116528
624522,2021,"thompson, keegan",970,80.7,87.3,81.1,-0.5505633076178273,-0.3732591655439777,-0.7278674496916769,0.09278550787984749,0.12258847022401512,0.11624386067678998,0.44039727058594985,0.4377397010898093,0.44900283873293384,0.08567495614186138,0.10599737216435348,0.1315098746665851,0.1253149642071695,0.3702387111045503,0.35729275868099486,0.19408880927271333,0.392627879914143
664042,2021,"lakins, travis",501,80.6,85.9,82.1,-0.8166917509676348,-0.6178674028897859,-1.0155160990454837,0.10690504168765037,0.10725451222070177,0.10211231340641515,0.3769794639359857,0.38832898841688557,0.42277165901732205,0.14384676315978973,0.15116033962437073,0.1583991070386326,0.1303285946503188,0.367581247534997,0.32167648551087613,0.1861383772388789,0.3968651071368038
624133,2021,"suarez, ranger",1626,80.5,72.3,92.7,-0.4415250168698512,-0.6825289107891368,-0.20052112295056557,0.1471836578219557,0.09543394667799114,0.11035809557923099,0.4115118157671349,0.45693886138565865,0.43892674563253214,0.08210516630261716,0.10158081499083876,0.0893484429972,0.09786150279348726,0.4612065590413626,0.4882594519640103,0.11573512579563466,0.4173173076526539
666201,2021,"manoah, alek",1845,80.3,91.6,77.1,-0.4278491527320324,-0.1773497009295706,-0.6783486045344942,0.08781485567199852,0.07510661963704712,0.1116488494870755,0.39894741680455964,0.44473524029320155,0.42370013442677124,0.11990738432734546,0.14630569977297134,0.12551831866662036,0.11872621098180902,0.3881863868136006,0.46701244140894604,0.1102029679768796,0.3350109700061536
592644,2021,"plutko, adam",1018,80.2,104.1,67.1,-0.5521088251973033,0.16620159222132252,-1.270419242615929,0.08781485567199852,0.11810352619142919,0.07903870059716762,0.3810902739474168,0.409529712025548,0.39617897535258867,0.0767433120904443,0.2080284168646936,0.14444527217477382,0.1280118143675715,0.5050162892459815,0.5079041005061474,0.14760574133232449,0.3738920154030764
518813,2021,"holland, greg",1005,80.1,95.9,73.4,-0.5584119261368028,-0.09293006810337925,-1.0238937841702263,0.06640054097681215,0.07579318863596259,0.10430121014539524,0.42950941256026004,0.4610858184812658,0.4550704446617573,0.12760599957723281,0.1663519141829095,0.1493417220790034,0.12534726822841766,0.4543388753221165,0.4067586826482764,0.10176186815714902,0.39183941787287485
656458,2021,"gilbreath, lucas",731,80.0,83.8,82.9,-0.6655523835905885,-0.5659601852320423,-0.7651445819491347,0.10928070928070927,0.11600998260606518,0.11386931441964827,0.40757900757900756,0.4404374772672436,0.418223947541865,0.10192365472049027,0.14334170136793775,0.12398669210573336,0.12720415828719678,0.4413649784762678,0.430828655747327,0.07942778129002845,0.40202941586835256
593576,2021,"neris, héctor",1255,80.0,58.8,102.5,-0.5067513677082727,-1.1455725734883353,0.13206983807178999,0.12076799831901872,0.1443849884823945,0.12059827423061326,0.41512357838888453,0.4267761673796613,0.4480502016401568,0.12377183296928382,0.14324748165750542,0.0908154880354827,0.0975231880201842,0.37074658192006493,0.35252419162850623,0.13338600295029054,0.29260717061630603
554431,2021,"matzek, tyler",1085,79.9,89.7,78.0,-0.5436059612617251,-0.27881008124165735,-0.8084018412817929,0.10928070928070927,0.1113694079376405,0.08664075076907952,0.4298012298012298,0.3997309621173179,0.404169892499546,0.09873674248269193,0.14734026684771986,0.10319941822213942,0.1381677810489305,0.46675747945461926,0.4580407339303277,0.15157500335260293,0.36169086327136307
607359,2021,"patton, spencer",705,79.9,92.0,76.2,-0.6861302553663189,-0.26410730622170836,-1.1081532045109295,0.11176436176436176,0.09800843358098611,0.0969201618772754,0.41684216684216685,0.42381786872577476,0.418223947541865,0.09095503655163768,0.15395960517297017,0.12383930186656732,0.1481376806335845,0.4691998844364522,0.42010874616008426,0.16370818584130534,0.3580408982344356
622065,2021,"young, alex",926,79.9,62.8,99.3,-0.5879243565051386,-1.1934559585535582,0.017607245543280886,0.14662281328947996,0.14245985530262925,0.1395034470328482,0.4322417655750989,0.4477524851479325,0.3889906298210719,0.08051757334079401,0.15268555212033424,0.08673375526360003,0.0975231880201842,0.40008945737320706,0.44141308051739514,0.11946194360107154,0.27808218318957406
663903,2021,"singer, brady",2291,79.7,64.6,97.5,-0.41166395573625897,-0.7825429800914742,-0.040784931381043804,0.09544567609083737,0.10877399368664588,0.10174631640607398,0.4409847635654087,0.45615878804514765,0.4214017032397603,0.15062193912917612,0.17488705736707463,0.08484212981894836,0.09830935561160513,0.4225562492980455,0.42265537825426996,0.17221159086934962,0.3313657754531913
450203,2021,"morton, charlie",2991,79.6,65.4,96.7,-0.38399399069418294,-0.7092096848027992,-0.05877829658556665,0.1297972445513429,0.11562589880076532,0.12779097195739225,0.3826402514927105,0.4455231211503538,0.41199360085341497,0.08101429067080396,0.17558016981218535,0.10279323280142733,0.07791322374197751,0.4907431346666933,0.4096563371226787,0.15302705038946335,0.3338581822648038
669674,2021,"long, sam",732,79.6,82.2,83.5,-0.6803566381903556,-0.6250318117188041,-0.7356814646619071,0.10690504168765037,0.10958178930651138,0.1225125325517341,0.3987185943707683,0.3865809243622121,0.40754306198365137,0.12342092810336491,0.1484610478453641,0.12383930186656732,0.11548798581337602,0.45101806625463403,0.47009443745481,0.12734454947766896,0.3387084065270149
500610,2021,"guerra, deolis",1086,79.4,83.1,82.6,-0.5567534103050973,-0.48099856010083725,-0.6325082605093573,0.11603199838493955,0.11329642623215583,0.09374245165179096,0.39884422237363415,0.4335836675609311,0.38811824434377107,0.11147696731916831,0.13409384966678048,0.12578412311104104,0.1088594638567331,0.4462306877436522,0.4315876489552077,0.1282557720675871,0.41559033877251234
642701,2021,"santana, dennis",914,79.4,93.5,74.3,-0.6095175461491289,-0.17841650009143492,-1.040618592206823,0.10245066495066495,0.1097784163956742,0.12279281057407392,0.36127198627198626,0.36544909122992764,0.4038762380981695,0.08445102819697764,0.16162598113343413,0.12017171696401849,0.1517899566453039,0.3970152868308442,0.46094615840233183,0.13852231109648913,0.34867041848369174
592826,2021,"velasquez, vince",1758,79.2,95.1,72.8,-0.45950080650762454,-0.09491796082645095,-0.8240836521887981,0.08218933218933218,0.08192914290280372,0.10508127010548282,0.33807021307021307,0.35454185269900884,0.3399530676957847,0.1545730219309826,0.20348687421489323,0.15269238765630105,0.1103292791735425,0.3794432334433492,0.4036865541717871,0.154679899188369,0.37506848897779305
641851,2021,"mcgowin, kyle",521,79.2,82.9,82.4,-0.8558546152018172,-0.7390546854633305,-0.9726545449403037,0.1315029315029315,0.12378683606846656,0.1078922556747028,0.4298012298012298,0.41817474789064696,0.4089662812258497,0.09095503655163768,0.15395960517297017,0.14491833197151494,0.13554173843633155,0.37885092859584835,0.4145435449313112,0.08519043023982538,0.3564068242675008
650496,2021,"mejía, j. c.",982,79.0,99.8,68.8,-0.597345805767248,0.029213132484713984,-1.2239047440192101,0.10958577625244291,0.07683320859422062,0.09528752531801542,0.37668621001954333,0.3400165101849993,0.44043472722185234,0.0923683120904443,0.1924034168646936,0.16892440004158127,0.107440515624358,0.5125936506875761,0.4365623873248963,0.17193672220737177,0.3614880148920739
572070,2021,"richards, garrett",2335,78.9,78.4,85.5,-0.4252484179882705,-0.46509900802422255,-0.3853978279523184,0.10846071120043722,0.10111811604664965,0.09878046678361911,0.40193226494596357,0.3974632508248178,0.4072161939930875,0.11911571973788435,0.2131381867934039,0.10285528890736945,0.11712850700402255,0.3875416225278116,0.36811417362840176,0.22224965431438745,0.3753189960219006
519443,2021,"workman, brandon",523,78.5,86.9,78.2,-0.88452862312386,-0.5558216886750564,-1.2132355575726637,0.07995167178840647,0.08612862344995749,0.14061757339934272,0.3743072518582723,0.40274903615295354,0.3979873049188715,0.1620285813416079,0.13297852144255257,0.157058421693546,0.10857015731401312,0.4812430714595911,0.5165267556037627,0.18929595192626467,0.4169421970370987
672578,2021,"hernández, carlos",1438,78.5,79.7,83.8,-0.5163975112167856,-0.5158867090603076,-0.5169083133732635,0.09106725773392439,0.1442529524407061,0.13625918082278196,0.35816769150102484,0.40223995538388807,0.40320015005779114,0.09767372807146216,0.13967677381901716,0.09682595167759561,0.12336093324865131,0.4594065235604931,0.42446453857768796,0.1648785738601296,0.3543249863682954
664062,2021,"gonsolin, tony",990,78.4,82.6,81.3,-0.6157938921682933,-0.5197502680220123,-0.7118375163145741,0.09835263835263834,0.10283829457995683,0.1187429161655269,0.3668211068211068,0.40894517517069134,0.45654173699953904,0.1273081710541205,0.13305455256200557,0.09730230860944575,0.15554828338754292,0.36865705205721244,0.4392334447006901,0.08577071744673989,0.37379771884163615
663574,2021,"santillan, tony",761,78.4,89.5,75.9,-0.7078448557218118,-0.3441412512919693,-1.0715484601516543,0.12328399828399828,0.10958178930651138,0.09223047662514917,0.42377198627198626,0.3865809243622121,0.3979873049188715,0.0895692723301278,0.14111846483849075,0.13900329801349393,0.1393188400288346,0.38379578865316066,0.4718599562946914,0.10212143308717944,0.39441516263251997
543243,2021,"gray, sonny",2232,77.7,50.9,105.3,-0.45778170895782394,-1.1034659338942803,0.18790251597863242,0.14138628424342709,0.13723821633361863,0.12702119954406713,0.32751884537598824,0.4259947325803265,0.39514086023120404,0.11608055291264292,0.16291296467383393,0.10540774401774135,0.062327253277154035,0.43203995762669917,0.4133033036417832,0.12669300147514528,0.3891844935047592
656849,2021,"peterson, david",1122,77.2,60.1,97.4,-0.6111975262715191,-1.1641966906945551,-0.05819836184848319,0.13890582311634941,0.1343044729620367,0.10632060427755181,0.4094921989658832,0.43197053317350503,0.42286845006061025,0.12207632840806075,0.18238107779918342,0.08845664419040522,0.11842952661336899,0.3091687486234399,0.3816173323798413,0.1429084444321012,0.3255584285685928
656638,2021,"lange, alex",639,77.1,75.4,85.2,-0.8338182093656379,-0.957164411066299,-0.7104720076649769,0.11835263835263835,0.13158316890450295,0.12059827423061326,0.4268211068211068,0.40274903615295354,0.4324252016401568,0.11916503403083509,0.14334170136793775,0.15292530533318952,0.10900164003427505,0.3369998327369703,0.3533429669163313,0.18431447950715243,0.40219176913782073
669735,2021,"rodriguez, chris",505,77.1,90.6,73.2,-0.967470866351031,-0.3920867624521848,-1.542854970249877,0.11436353296818412,0.12378683606846656,0.10589425093998608,0.3800245428152405,0.41817474789064696,0.4013928315735192,0.08616792936470939,0.14585646805860333,0.15316003142472945,0.15848657237965555,0.44717634596087985,0.4518702536259641,0.13733235727983906,0.3766370455189846
663804,2021,"kowar, jackson",631,76.8,88.1,74.7,-0.85244287134724,-0.4426742349300419,-1.262211507764438,0.11380061380061379,0.06417108421503005,0.07489348493268648,0.4488664488664489,0.41892378611088954,0.4392890937296831,0.14373503183529734,0.19860997869903854,0.16217051434907623,0.12550160966326995,0.47157127723821124,0.4393921712326956,0.11914167193504269,0.41061642618523
664854,2021,"helsley, ryan",808,76.7,83.6,78.0,-0.7426807564897973,-0.5417002115472312,-0.9436613014323633,0.13835263835263834,0.1142695940486473,0.10179226592059468,0.40682110682110684,0.4155452156065123,0.43447292280257627,0.06519286622980726,0.20523031132233982,0.12106586672210838,0.12543688583575124,0.4959582009167682,0.49559963300912196,0.145915629609829,0.3394413710534259
660853,2021,"de los santos, enyel",711,76.5,74.8,84.7,-0.8031223363036057,-0.9190123493488194,-0.6872323232583922,0.15226215226215226,0.12197601821741579,0.1187429161655269,0.4296356796356796,0.374308514064999,0.39500327546107744,0.0877066423890792,0.1484610478453641,0.13514329308514422,0.12786956456257692,0.34432543358150863,0.33447504238802944,0.16288256328539052,0.36417526983758824
617228,2021,"sawamura, hirokazu",963,76.5,79.5,81.1,-0.6805666003953899,-0.6279102965550571,-0.7332229042357225,0.11165343240814939,0.09976849474174916,0.11013589427474178,0.42152934605764797,0.4415139759118647,0.4209051295896727,0.12171649190443747,0.12790490275908292,0.1263296000578522,0.1202340674221449,0.387086818347932,0.43461886639130903,0.17399891785373464,0.3957292420131035
570632,2021,"ureña, josé",1695,75.9,74.4,84.2,-0.5450452691992216,-0.6187676388767249,-0.47132289952171835,0.13309898384525248,0.11045414892744503,0.09168197689395517,0.4230008259859006,0.49001011539503475,0.4403321972166985,0.07037585683081471,0.25373593665881417,0.08718678711823549,0.1251556719644631,0.4258547874516522,0.42371940946302045,0.25003185662315963,0.3575799038074253
656548,2021,"holloway, jordan",664,75.5,53.3,100.1,-0.8767630737309043,-1.8158276050047764,0.06230145754296776,0.1471836578219557,0.13722302049459276,0.15133901079920095,0.4115118157671349,0.40323993546598097,0.4250041746072556,0.15986406409336185,0.13409384966678048,0.07472865887570984,0.10801509613634136,0.38835281654911513,0.412877461757855,0.11772451414258417,0.39726026169939155
573668,2021,"minaya, juan",659,75.3,84.6,75.2,-0.8867531784266942,-0.5704025585710656,-1.2031037982823227,0.10690504168765037,0.0997278797841613,0.11996945626355801,0.4204577248055509,0.4312532699314901,0.4942002304458935,0.0953479350611038,0.18248094644097404,0.14806873049263483,0.12151698315338402,0.4523042096522798,0.4957371444775869,0.21747717872329986,0.3329478645599194
641745,2021,"keller, brad",2351,75.3,79.7,79.1,-0.5022060360036764,-0.4346345723163941,-0.5697774996909588,0.1061622847337133,0.09293980473226073,0.09396088733396746,0.396917325488754,0.42773061003857554,0.44983022537650713,0.12066889695129379,0.1898487727041158,0.11056756365497343,0.12577201483155623,0.3832586968112229,0.3996303413531247,0.1748527987501524,0.40508326260349903
608335,2021,"funkhouser, kyle",1189,74.9,115.1,50.5,-0.6612350486987157,0.4758046488630364,-1.798274746260468,0.10463046633259399,0.06005755317560505,0.10430121014539524,0.3689586242777732,0.36642867161660175,0.37398936358067614,0.06378664901023942,0.14693271012130377,0.1784477301525446,0.15720305235975082,0.44344570655427556,0.4332678430485698,0.1566740990514674,0.4097369537193784
656954,2021,"sheffield, justus",1474,73.9,70.4,84.3,-0.627530195892773,-0.7598469322196995,-0.49521345956584667,0.10996710996710996,0.13943648617684473,0.09569901384606472,0.4214035464035464,0.43717489840369356,0.3810286866515182,0.11660672910339336,0.21545669034518106,0.11408327444954885,0.11455106140943083,0.3814650423721497,0.39323393214391905,0.20934825838688131,0.3798256482660136
571656,2021,"farmer, buck",730,73.8,66.5,87.3,-0.8881786814796762,-1.220170372755939,-0.5561869902034132,0.16158432484963095,0.1097784163956742,0.13012372463819774,0.41512357838888453,0.36544909122992764,0.4279882523129856,0.11147696731916831,0.15022288192484498,0.11734540494295614,0.09960494692787203,0.4586827718049969,0.4435720214925097,0.21960854198223886,0.3874115760929908
452657,2021,"lester, jon",2391,73.8,49.4,100.7,-0.5327412736203461,-1.115702520123536,0.050219972882843855,0.13402205294097186,0.11832971026735598,0.13233751376348488,0.4100142613656127,0.4509321729510279,0.4609074691608727,0.11012857748653816,0.12570909643711545,0.09900611369821685,0.06944174578834601,0.4673999665473941,0.4364342861193967,0.15791552748037785,0.4205678911219116
663460,2021,"bubic, kris",2202,73.7,84.3,73.1,-0.5471874529469158,-0.3375396634389956,-0.7568352424548361,0.12050853942745834,0.11448532224596492,0.12090991962122499,0.3694737208250722,0.3911053750809849,0.38980933003823104,0.06911571973788436,0.1931381867934039,0.132074410684408,0.11003423633727816,0.4653732909600325,0.42863370650514765,0.1666930014751453,0.32139891702582724
656302,2021,"cease, dylan",2957,73.2,59.1,92.1,-0.5140508432480253,-0.8458405115500707,-0.18226117494597996,0.11581340152768724,0.12158518719145112,0.12883843894064959,0.4330007187150044,0.4231119099697282,0.42356731889319704,0.1054121413609596,0.15321963433044591,0.10285528890736945,0.09373026977164256,0.3944860669722561,0.4584226409789837,0.14586076542549856,0.38157441226736477
622075,2021,"almonte, yency",875,73.1,43.7,104.1,-0.8270532099290993,-1.880402851977793,0.2262964321195947,0.1471836578219557,0.18109303640164737,0.18982521717551118,0.4115118157671349,0.450532820103304,0.4727643717159707,0.07222899961453581,0.19579145116677044,0.11351936004435337,0.0780687421867105,0.31343322740008117,0.33415104387250755,0.11673250368786321,0.34370303962727483
503449,2021,"peralta, wily",1554,73.1,97.0,62.2,-0.633013382927617,-0.049511054442403724,-1.2165157114128302,0.09544567609083737,0.08967119581201105,0.09580537967867306,0.4409847635654087,0.41279107764902717,0.45796937258208836,0.08639464967235544,0.14142273349175488,0.12009705741444522,0.1516299230695093,0.4765738577739554,0.4689833955680327,0.17394739322845038,0.4195332264526948
665152,2021,"kremer, dean",986,72.9,73.4,80.4,-0.7831802734180302,-0.8159405848386478,-0.7504199619974126,0.12567669710526852,0.09649432386330216,0.10919426461527246,0.3863659577945292,0.38423818206772153,0.41208104387606787,0.1392433120904443,0.2080284168646936,0.11743382073553797,0.11777086921816578,0.49665506282767025,0.43727177246565563,0.15524052105641023,0.4003643898631901
641771,2021,"kuhl, chad",1436,72.7,90.7,66.5,-0.6646834047021676,-0.2195316578688131,-1.109835151535522,0.09106725773392439,0.08053601382767704,0.11300336686929359,0.4322417655750989,0.3925474263384932,0.41482805703453535,0.1212396885976493,0.12570909643711545,0.13270968092877755,0.14902449937949666,0.4135504903820772,0.44227918449655207,0.10116798001428981,0.38110904428920345
453192,2021,"miller, andrew",624,72.1,93.7,63.2,-1.0434934580245425,-0.21390069188618993,-1.8730862241628952,0.10245066495066495,0.11329642623215583,0.11197149251265413,0.40293865293865294,0.3657870573914396,0.3945868817495006,0.08930130861433519,0.15116033962437073,0.14465114079002225,0.1924479807467246,0.49640728970379394,0.4236995936886707,0.1482213003939221,0.32412148819328346
664285,2021,"valdez, framber",2094,71.9,69.8,81.8,-0.5956363524862428,-0.6822058480324614,-0.5090668569400242,0.09701035930544126,0.11667474928459574,0.10508127010548282,0.3990336941156613,0.46560445025241215,0.47720796965656903,0.121807282771589,0.1916397988617018,0.11306230231039086,0.1090692060633788,0.4412671270534723,0.4299411800301173,0.16033549787230378,0.3699102453180262
596057,2021,"norris, daniel",991,70.8,105.4,52.0,-0.8451689259805946,0.20819980025196955,-1.8985376522131587,0.1003598350537126,0.10245985530262926,0.1087083035318204,0.3743072518582723,0.3410858184812658,0.3475382099291554,0.07222899961453581,0.13696792175500572,0.18165492099212097,0.1490770496432478,0.4838603173024388,0.5281921170451337,0.11637093537841378,0.40788219862153796
543766,2021,"shaw, bryan",1367,70.3,97.7,57.4,-0.7395843338750442,-0.031749182294735015,-1.4474194854553533,0.11380061380061379,0.07579318863596259,0.11035809557923099,0.4104049104049104,0.39441915181459913,0.42626851778443087,0.07578938427933891,0.11940793178641525,0.15748215470214935,0.143511322102256,0.4907465819200649,0.44507476298505794,0.12005266961695725,0.36364074345854785
621057,2021,"garza, justin",503,70.2,84.7,67.5,-1.2839146934787404,-0.6743259406676185,-1.8935034462898621,0.11835263835263835,0.10610300234439991,0.09223047662514917,0.3868211068211068,0.39018152993801486,0.3979873049188715,0.1387995083120778,0.21603190665509456,0.17464516929900517,0.16202264420451204,0.4565639395898685,0.4734828593034492,0.1539474415710716,0.42700980951745043
445276,2021,"jansen, kenley",1087,70.1,46.6,97.3,-0.8276363148074422,-1.5942625071443286,-0.06101012247055575,0.1471836578219557,0.17807481912828657,0.16489676231937306,0.4115118157671349,0.37635727310158223,0.39500327546107744,0.09467906813408815,0.14128518738822451,0.11487002356854709,0.10574803520260936,0.3206763771177187,0.32201418369356094,0.08829338560693813,0.28630756172953664
453562,2021,"arrieta, jake",1753,70.1,72.9,76.7,-0.6763315773402709,-0.6488646760369162,-0.7037984786436258,0.12739474168045595,0.12036466514505897,0.11589204370676574,0.433443647729362,0.4146019375909421,0.47775758192889795,0.06794910314699351,0.16452665148667114,0.12303293336105418,0.11986113285949442,0.41464576712505075,0.398346528767064,0.1979578148049145,0.40300333725851406
643290,2021,"dunn, justin",870,69.0,93.5,58.8,-0.9601773969161851,-0.18417088340466445,-1.7361839104277057,0.09642415524768465,0.12231674855911541,0.1187429161655269,0.34002069296186943,0.3884709350154216,0.36423404469184667,0.09873674248269193,0.11876883827629128,0.18747875559779684,0.15139655958040196,0.4096189467302361,0.4255733763358852,0.14291984478209196,0.32420090551443176
640444,2021,"crowe, wil",2175,69.0,75.9,72.7,-0.6522679153420738,-0.533805183206075,-0.7707306474780729,0.10025553503814373,0.10659234577896802,0.10510983099801031,0.4687109469718165,0.45026417131172214,0.48491911491710776,0.09282887472696287,0.20118561124312906,0.12931662771277846,0.12115471766923712,0.4138922588000375,0.4240807300349232,0.13849192477901376,0.4322324835716475
570663,2021,"robles, hansel",1194,68.9,69.9,77.2,-0.8242031909151095,-0.8445917558254903,-0.8038146260047287,0.1365108951315848,0.13586615288019993,0.13132823717242229,0.3851906093285404,0.4021097254197086,0.3875028770941897,0.07578938427933891,0.209151521530005,0.15316003142472945,0.11110236609894401,0.40796065968637,0.38895161071601975,0.11772451414258417,0.3067409033893079
663986,2021,"stephan, trevor",1214,68.9,62.0,83.5,-0.8179386878749673,-1.068442921108621,-0.5674344546413136,0.1237129987129987,0.1442529524407061,0.1464786193844906,0.3803289897039897,0.40223995538388807,0.3584401613121254,0.10988294408039494,0.18491414832417208,0.1001641412156059,0.11842952661336899,0.4677352006471305,0.4255733763358852,0.22064632678340873,0.35622029037643915
656420,2021,"feyereisen, j. p.",987,68.9,72.2,75.3,-0.9051111909624332,-0.8538195168404535,-0.956402865084413,0.12328399828399828,0.14899214073380299,0.0969201618772754,0.3821053196053196,0.43971440593992206,0.40127479499949215,0.1146604633882382,0.13498287941073028,0.11835093337365457,0.1485707781606579,0.4213029340000738,0.3921764796112274,0.15157500335260293,0.47974984316428043
643316,2021,"fry, paul",872,68.0,78.7,68.9,-0.9922584603886764,-0.6867875848271547,-1.297729335950198,0.11176436176436176,0.07368978295394388,0.11197149251265413,0.39411489411489414,0.3716287277218987,0.41125354841616724,0.1677686193491329,0.14526505182169563,0.15316003142472945,0.12543688583575124,0.5452155616471543,0.4794706007510574,0.09811667100532927,0.3652967948013794
592761,2021,"smith, caleb",2076,67.9,63.8,80.5,-0.6876896890053581,-0.8251552968797765,-0.5502240811309396,0.1237129987129987,0.1187165460855244,0.1388517882147099,0.4115789897039897,0.3620159598454993,0.34599257457518906,0.11237332050743806,0.1727718743333999,0.1323713512020567,0.11110702320601526,0.43154325703940843,0.3711667292696187,0.07089724583678578,0.37474805771129077
641729,2021,"jiménez, joe",870,67.7,76.3,70.3,-1.0042421845584295,-0.7702294875258752,-1.2382548815909837,0.10245066495066495,0.14719473131690158,0.08578708274107724,0.36127198627198626,0.3657870573914396,0.3759129619085461,0.1698891049182689,0.1093923510439525,0.13514329308514422,0.16328919578509965,0.3908370614884854,0.4049572310085691,0.13962674933190214,0.3139269330324354
663474,2021,"mckenzie, triston",1975,67.6,87.4,61.4,-0.7067692159069561,-0.2733243510849245,-1.1402140807289878,0.10172988114164584,0.11637146007061647,0.07213354720335746,0.35795669619199033,0.33560950812931134,0.3521047935043929,0.1464375997240888,0.2033033545193725,0.15113430206797143,0.14600696744754219,0.3551632004490293,0.3700460079908049,0.1633056145027734,0.3503031079272068
650893,2021,"cabrera, génesis",1203,67.6,71.3,74.2,-0.858018899918997,-0.802770236628701,-0.9132675632092931,0.10463046633259399,0.09022998647138404,0.10179226592059468,0.4327884115118158,0.45367359343007835,0.46477595310560654,0.15587959962554906,0.13305455256200557,0.12410086764311554,0.1338305332024611,0.46205624850711086,0.4400815596200632,0.1127316932573492,0.36435144977432654
592741,2021,"shreve, chasen",935,67.5,97.4,53.4,-0.9739112540759344,-0.04928615001518099,-1.8985363581366879,0.09642415524768465,0.09318834668356056,0.10663951667871822,0.4380599086481439,0.4193678096081137,0.3757970302376196,0.08823241751923037,0.12408684596030432,0.21474839277565821,0.1399621678157997,0.43283624807281584,0.3990542499553969,0.12734454947766896,0.41466311807258976
661563,2021,"gil, luis",532,66.3,83.2,62.8,-1.4069320474868112,-0.7186986448260508,-2.0951654501475714,0.10928070928070927,0.10526831754994805,0.10211231340641515,0.40757900757900756,0.455211784927684,0.42277165901732205,0.1387995083120778,0.12831260840948053,0.19051613665027323,0.18266249020028097,0.43429252790255785,0.3852063940095858,0.09765732247004372,0.47728309285189663
493603,2021,"ottavino, adam",1150,64.8,77.1,65.4,-0.9546957289858371,-0.6470044292464919,-1.2623870287251822,0.12328399828399828,0.14007240560801926,0.10179226592059468,0.36127198627198626,0.3964747804208861,0.37386686219651566,0.11425092274087738,0.09376690614538963,0.15961029192785406,0.15139655958040196,0.34872964383790367,0.39260634336885225,0.10816148947664586,0.34354721653804
670912,2021,"oviedo, johan",1094,64.5,78.5,63.8,-0.9858825668255333,-0.6184462797122506,-1.353318853938816,0.08941148941148941,0.13586615288019993,0.1302032172306583,0.3334737334737335,0.39048181844296437,0.3519468100552226,0.13812116422517007,0.16852935037139732,0.16469960002772085,0.14217870272725916,0.42506243379171743,0.3959930275132675,0.1354578148049145,0.34216467660564615
605288,2021,"houser, adrian",2352,63.1,83.0,58.3,-0.7634066364240838,-0.3593452457643233,-1.1674680270838442,0.09862719862719863,0.14035308847378727,0.122484728131779,0.4056842556842557,0.4649320348102773,0.4346001152229468,0.0547367775350781,0.15105387666055917,0.14341711909052718,0.1357995167598999,0.4555259748208374,0.4219110138742118,0.15031185099001038,0.44660683021201747
656945,2021,"scott, tanner",1036,62.7,75.8,63.3,-1.0653422538277846,-0.7209454012652668,-1.4097391063903024,0.08335387058791313,0.07319514293276866,0.10027297836954102,0.4327884115118158,0.44658494353273337,0.44291362544731394,0.19882095965051247,0.11085091572453853,0.13900329801349393,0.1726633367813051,0.3633876253878545,0.4557726654941292,0.10212143308717944,0.41020714111114387
621052,2021,"reyes, alex",1253,61.7,51.5,81.0,-1.0019182915034375,-1.3532170621092157,-0.6506195208976592,0.15372515372515372,0.10781434109189023,0.11185926885158332,0.452023452023452,0.46099090945314414,0.4880465638401455,0.1212396885976493,0.14793131865933767,0.11443067016443119,0.135368815193294,0.3741038135585048,0.3991629568570754,0.11693441845807524,0.40621449337672
664918,2021,"keller, kyle",660,61.7,58.8,75.2,-1.4029934902728962,-1.6030306169309072,-1.2029563636148852,0.17149292149292147,0.16990331838065253,0.15851435546834997,0.4296356796356796,0.4137094102823673,0.41227659827218244,0.06208844402838786,0.13196537586254586,0.13364337785170005,0.17209974356503094,0.3279442678890242,0.36719955385422665,0.16677639503532757,0.30520220917992613
657053,2021,"toussaint, touki",824,61.4,92.8,47.9,-1.2437367330060076,-0.2117382555469116,-2.2757352104651036,0.09642415524768465,0.13029864814264872,0.09462379648956688,0.3596285360991243,0.38513946812310895,0.43204525218267653,0.0909472611352067,0.20482797968215988,0.2036407172872621,0.16401293954543544,0.4621723042069805,0.48484734817339953,0.17248190036675506,0.41559376798667363
605483,2021,"snell, blake",2351,61.1,53.1,78.8,-0.8067481944313238,-1.0368368466325903,-0.5766595422300573,0.1358579714744098,0.1473707428974766,0.13668077870225434,0.34713774439801837,0.4131786365507911,0.42326272091278294,0.0909318529705361,0.1680166851315632,0.1399217840943469,0.10660193866092282,0.3965132180885387,0.3697782246389565,0.11507920549798047,0.3896753487881327
666200,2021,"luzardo, jesús",1731,60.0,83.3,53.3,-0.9200735285291513,-0.39087713255272,-1.4492699245055825,0.11643576349458702,0.12315038007473005,0.08072490324777082,0.4020743432508138,0.37457705229218385,0.37662234171268555,0.11392611464124636,0.1415381457395447,0.13972793964774718,0.16408666835640118,0.4038301287170271,0.47501441885142753,0.15098066246482825,0.3829700037947761
596027,2021,"maples, dillon",565,59.4,55.8,74.1,-1.6398580706395323,-1.8940917626008238,-1.3856243786782407,0.13449163449163448,0.1702841009352391,0.19055469707371075,0.3713876213876214,0.4035575761979399,0.38578848833274576,0.14159388533983477,0.11876883827629128,0.1513591467258045,0.15760667260038552,0.41791096986677495,0.36574830805966413,0.17786556047270652,0.3919330126914177
605347,2021,"lópez, jorge",2174,59.4,63.2,68.4,-0.8634855756989496,-0.8286849819263841,-0.8982861694715151,0.13402205294097186,0.12280895241456384,0.12064171762917417,0.3289331802845316,0.3790377526812148,0.3989771549587708,0.11678011739008269,0.1697433203856901,0.11393201232816308,0.1244649558569212,0.4985076434154221,0.4684545204730359,0.2154150017020907,0.3843324070133698
650382,2021,"hernández, darwinzon",754,59.4,64.7,67.1,-1.3777587297755693,-1.2648867477626569,-1.4906307117884816,0.13449163449163448,0.13722302049459276,0.14776761950439404,0.41684216684216685,0.4389542211802667,0.418223947541865,0.10016770976504978,0.1784611402802955,0.20491073494560932,0.13554173843633155,0.367581247534997,0.31454354493131115,0.11637093537841378,0.34277015660909327
612434,2021,"castro, miguel",1228,59.0,71.9,60.9,-1.0848231616245587,-0.7778926209360337,-1.3917537023130835,0.09642415524768465,0.0848431216074208,0.14951214693475767,0.39884422237363415,0.411663229643208,0.48731096776876975,0.14180442825938613,0.0989740318969094,0.1642456615725795,0.1485707781606579,0.4077691492821137,0.42706020054146,0.0769737207855358,0.37379771884163615
656546,2021,"hoffman, jeff",1368,58.7,63.0,67.3,-1.0435146083190263,-0.9858383590465233,-1.1011908575915292,0.10958577625244291,0.1139351664434964,0.12319873046849711,0.3952047285380619,0.4068404280717051,0.4100599184479315,0.16176246481149342,0.10830021720163244,0.13576047819150805,0.13810361609174374,0.446045903954079,0.3993194135193043,0.19544770369277922,0.41043869680264805
571521,2021,"brothers, rex",1003,58.5,85.7,49.2,-1.209656740626734,-0.41756694814787554,-2.0017465331055924,0.07254873921540587,0.08006322743235485,0.1194286239830034,0.3952047285380619,0.47297797726894275,0.39281113568452103,0.16317221881901967,0.12758655725123821,0.2229809455150273,0.14140158039666503,0.359227128272838,0.4314032226648284,0.18190795957435893,0.4014809250931221
650530,2021,"garcia, bryan",735,58.4,86.9,48.0,-1.4348329438631182,-0.4492647567891626,-2.4204011309370737,0.10381810381810382,0.09851909163714352,0.1087083035318204,0.4445799182641288,0.45617226136019146,0.46021426626718365,0.0923683120904443,0.1767784168646936,0.20025367278775458,0.18401698315338402,0.4501362191819289,0.4801121444775869,0.1591806868470862,0.3560692440432472
621121,2021,"mccullers, lance",2788,57.4,54.2,72.4,-0.8455103347017114,-0.9644743712192453,-0.7265462981841776,0.1297972445513429,0.1520918319683617,0.10462758527463614,0.3826402514927105,0.3719223263683451,0.38995725808008963,0.12323613201478045,0.14308941057306107,0.13691553685961316,0.10032526127348768,0.47240785292108467,0.45876446095597284,0.1316049356662618,0.3678115244981343
518553,2021,"cishek, steve",1275,57.0,71.2,58.3,-1.122384743896243,-0.7849592213921519,-1.4598102664003343,0.12864417212243298,0.12394337334995474,0.10835950888321369,0.4204577248055509,0.4126038126789506,0.3979873049188715,0.10274768797127838,0.17290673609532975,0.19323174255932415,0.14487340119428016,0.35409188096557326,0.34046252202515254,0.06901092208358382,0.42065242009418474
607231,2021,"gant, john",1982,55.0,53.6,69.2,-0.9913506662573965,-1.082769497122386,-0.8999318353924071,0.12352914138628424,0.11427467700628102,0.11668155551155274,0.36323313109027394,0.4286615890639183,0.4373872743575233,0.15235650426836425,0.15598034846252604,0.12768242760914827,0.12036594180651654,0.46384477279314545,0.49184087978567664,0.13796508811441202,0.35288157142670884
592773,2021,"stanek, ryne",1177,52.3,88.3,37.8,-1.294616467964548,-0.3116004888588392,-2.277632447070257,0.10958577625244291,0.10672901594023881,0.1102612792965607,0.3952047285380619,0.4108532831402074,0.39536018435671477,0.09339962126741129,0.13937592809919447,0.20018917970612204,0.16985157381398364,0.47128802786448937,0.4566342212248915,0.16955847832664056,0.43484058027534334
665854,2021,"oviedo, luis",584,49.7,84.6,36.9,-2.001362381341305,-0.613759320744118,-3.388965441938492,0.10463046633259399,0.08745367919534144,0.09374245165179096,0.4327884115118158,0.42432979055530673,0.4209051295896727,0.1501753329361884,0.17142149514152105,0.20025367278775458,0.25554173843633154,0.49559076463647433,0.5345435449313112,0.13645341411981346,0.40680778931543027
547973,2021,"chapman, aroldis",1012,48.4,52.0,60.7,-1.5066498722108261,-1.4812721978244132,-1.532027546597239,0.16514133180799848,0.1497325715120206,0.16489676231937306,0.3396491729825063,0.3548523514843954,0.37961866007646206,0.10409963123405835,0.1225502457807946,0.16944541543579233,0.14402012818178847,0.4578075700770168,0.42087365271417704,0.15392211963984218,0.34957995106203094
656794,2021,"newcomb, sean",677,48.2,84.0,35.1,-1.884303552334331,-0.5842035098589694,-3.1844035948096927,0.09555199799102237,0.08838658769239989,0.150315337082056,0.3985623253915937,0.4449327620017912,0.4081933259477592,0.1180831637878871,0.13901221909463268,0.2281665488990977,0.21131542983954074,0.5303719452094157,0.5240622989522659,0.11637093537841378,0.3691203080857084
448855,2021,"guerra, junior",1229,47.1,55.6,55.9,-1.410215844904387,-1.2484132037343527,-1.572018486074421,0.10245066495066495,0.1383498449671028,0.1194286239830034,0.4446053196053196,0.4368776626584991,0.4613042863694526,0.15190084675045218,0.19192727858047517,0.15012132176805654,0.14744941048426707,0.552239061347879,0.4834315630520146,0.13047771979643255,0.3733042084165584
613534,2021,"adams, austin",970,46.0,57.9,52.3,-1.6139866278154922,-1.3217013212876902,-1.9062719343432943,0.1315029315029315,0.14777863745571526,0.08578708274107724,0.38535678535678536,0.3957968535787488,0.3759129619085461,0.18790635526431593,0.10348687421489322,0.16351936004435336,0.1959470349421196,0.3634332274000812,0.4314032226648284,0.10006583702119655,0.39215367539779644
605200,2021,"davies, zach",2582,44.1,46.5,58.7,-1.140620041790938,-1.1554043925067337,-1.1258356910751426,0.15563411948954117,0.13385487128208143,0.10581195918202056,0.49808500410910045,0.472724915963549,0.4473114740820889,0.061710464051682457,0.23494480963696776,0.12815259327337752,0.1391452659897971,0.4652022114831734,0.4940522301241381,0.12923567540040334,0.3787909729906159
664299,2021,"javier, cristian",1796,37.1,59.4,37.9,-1.4463561480881162,-0.9769907179156455,-1.915721578260587,0.12567669710526852,0.11802514290603226,0.1371828955075925,0.4339850054135768,0.4503175392534842,0.46675212904970037,0.09282887472696287,0.13868561124312906,0.16639953738146027,0.16751605324474292,0.4916384776386129,0.4825167480505043,0.14462590628038305,0.39962491411377254
621237,2021,"alvarado, josé",1061,17.7,59.5,8.8,-2.372374402829025,-1.2162078967132954,-3.5285409089447546,0.10928070928070927,0.17183072276025285,0.13081846696202115,0.38535678535678536,0.42031524097198436,0.40127479499949215,0.12989966635462422,0.15849784142071893,0.21091360004752144,0.268244098883094,0.4608213150715156,0.48181681780807945,0.1429276825227106,0.39807083516110997
