season,pitcher_name,pitch_count,composure_plus,composure_score,walk_after_barrel,walk_after_hard_hit,walk_after_high_xba,first_ball_after_barrel,first_ball_after_hard_hit,first_ball_after_high_xba,walk_after_soft_hit,walk_after_low_xba,first_ball_after_soft_hit,first_ball_after_low_xba,hard_hit_after_walk,hard_hit_after_soft,walk_after_walk,ball_after_foul
2022,"martin, chris",860,134.4,1.0795544479783896,0.0,0.029850746268656716,0.0,0.18181818181818182,0.3283582089552239,0.28125,0.0,0.025,0.2,0.3,0.4,0.52,0.0,0.3299492385786802
2022,"naughton, packy",566,134.3,1.0747352315558705,0.0,0.0,0.0,0.2,0.2777777777777778,0.2692307692307692,0.03571428571428571,0.058823529411764705,0.32142857142857145,0.4411764705882353,0.3333333333333333,0.32142857142857145,0.0,0.3707865168539326
2022,"kluber, corey",2454,129.0,0.9080449967678643,0.027777777777777776,0.05194805194805195,0.045112781954887216,0.25,0.30303030303030304,0.2857142857142857,0.05921052631578947,0.05555555555555555,0.3355263157894737,0.3194444444444444,0.1935483870967742,0.375,0.0,0.30484988452655887
2022,"morgan, eli",1001,127.5,0.8624389044788319,0.0,0.08333333333333333,0.06451612903225806,0.25,0.3194444444444444,0.2903225806451613,0.044444444444444446,0.0625,0.3111111111111111,0.28125,0.3076923076923077,0.26666666666666666,0.0,0.3615023474178404
2022,"wheeler, zack",2362,126.8,0.8405436270744066,0.0,0.05263157894736842,0.030927835051546393,0.2,0.2578947368421053,0.30927835051546393,0.10077519379844961,0.08982035928143713,0.34108527131782945,0.31736526946107785,0.21052631578947367,0.20930232558139536,0.05263157894736842,0.34845360824742266
2022,"springs, jeffrey",2149,126.7,0.8382765541079773,0.0,0.040697674418604654,0.039603960396039604,0.14285714285714285,0.32558139534883723,0.2871287128712871,0.05,0.06329113924050633,0.36,0.4050632911392405,0.21428571428571427,0.34,0.03571428571428571,0.36175710594315247
2022,"jansen, kenley",1013,126.4,0.8290114763270301,0.0,0.034482758620689655,0.037037037037037035,0.4444444444444444,0.3103448275862069,0.2222222222222222,0.08108108108108109,0.05084745762711865,0.35135135135135137,0.2542372881355932,0.2,0.2702702702702703,0.1,0.29577464788732394
2022,"adam, jason",946,125.7,0.8067977156141187,0.0,0.06976744186046512,0.09090909090909091,0.16666666666666666,0.3953488372093023,0.3181818181818182,0.07407407407407407,0.058823529411764705,0.2222222222222222,0.27450980392156865,0.0,0.25925925925925924,0.09523809523809523,0.3691275167785235
2022,"clase, emmanuel",914,125.7,0.804510489165658,0.0,0.0,0.04,0.6666666666666666,0.3442622950819672,0.36,0.022727272727272728,0.017857142857142856,0.36363636363636365,0.4107142857142857,0.2222222222222222,0.20454545454545456,0.1111111111111111,0.2097560975609756
2022,"foster, matt",772,125.6,0.8027871119893207,0.0,0.06896551724137931,0.09375,0.0,0.29310344827586204,0.25,0.04,0.046511627906976744,0.52,0.37209302325581395,0.26666666666666666,0.32,0.0,0.40119760479041916
2022,"nola, aaron",3041,125.3,0.7928698956761229,0.08333333333333333,0.05952380952380952,0.05785123966942149,0.3055555555555556,0.32936507936507936,0.3140495867768595,0.015503875968992248,0.04918032786885246,0.27906976744186046,0.29918032786885246,0.37142857142857144,0.26356589147286824,0.02857142857142857,0.31433823529411764
2022,"murfee, penn",1007,124.9,0.7811065278432514,0.0,0.016129032258064516,0.0,0.2857142857142857,0.3225806451612903,0.3125,0.06666666666666667,0.06557377049180328,0.3333333333333333,0.3442622950819672,0.3157894736842105,0.4222222222222222,0.05263157894736842,0.3034825870646766
2022,"gallegos, giovanny",990,124.8,0.7776327270666363,0.0,0.0,0.034482758620689655,0.45454545454545453,0.2711864406779661,0.3793103448275862,0.08333333333333333,0.02127659574468085,0.25,0.2127659574468085,0.3333333333333333,0.3333333333333333,0.13333333333333333,0.39473684210526316
2022,"king, john",761,124.7,0.7743698990001635,0.0,0.05813953488372093,0.0,0.25,0.4069767441860465,0.2972972972972973,0.06060606060606061,0.07017543859649122,0.2727272727272727,0.42105263157894735,0.4166666666666667,0.2727272727272727,0.0,0.3644067796610169
2022,"brebbia, john",1099,124.4,0.7657130294607476,0.07142857142857142,0.058823529411764705,0.046511627906976744,0.14285714285714285,0.35294117647058826,0.37209302325581395,0.024390243902439025,0.04477611940298507,0.34146341463414637,0.3582089552238806,0.2857142857142857,0.3902439024390244,0.0,0.3438914027149321
2022,"scherzer, max",2167,124.3,0.7623890503581464,0.0,0.05389221556886228,0.037037037037037035,0.3333333333333333,0.30538922155688625,0.30864197530864196,0.043010752688172046,0.06547619047619048,0.26881720430107525,0.36904761904761907,0.3235294117647059,0.2903225806451613,0.058823529411764705,0.3144208037825059
2022,"jiménez, joe",937,124.3,0.7619905222479304,0.0,0.03389830508474576,0.03333333333333333,0.3333333333333333,0.3220338983050847,0.43333333333333335,0.0,0.045454545454545456,0.27586206896551724,0.2727272727272727,0.46153846153846156,0.3103448275862069,0.07692307692307693,0.3333333333333333
2022,"stripling, ross",2033,124.1,0.7540473115011207,0.1111111111111111,0.035175879396984924,0.042105263157894736,0.25,0.2914572864321608,0.3263157894736842,0.06315789473684211,0.04142011834319527,0.2736842105263158,0.2603550295857988,0.45454545454545453,0.4105263157894737,0.0,0.3392405063291139
2022,"brasier, ryan",989,124.0,0.7512394257661111,0.0,0.0625,0.075,0.23076923076923078,0.3229166666666667,0.325,0.03125,0.057692307692307696,0.3125,0.3269230769230769,0.38461538461538464,0.375,0.0,0.3119266055045872
2022,"gausman, kevin",2783,123.8,0.7453829852819164,0.10526315789473684,0.056451612903225805,0.035211267605633804,0.21052631578947367,0.29435483870967744,0.28169014084507044,0.034482758620689655,0.042328042328042326,0.35344827586206895,0.3333333333333333,0.3333333333333333,0.3620689655172414,0.037037037037037035,0.2885572139303483
2022,"anderson, tyler",2576,123.5,0.7352375283715659,0.07692307692307693,0.056338028169014086,0.0392156862745098,0.19230769230769232,0.3333333333333333,0.3137254901960784,0.09580838323353294,0.08860759493670886,0.2994011976047904,0.32489451476793246,0.2,0.2754491017964072,0.025,0.32388663967611336
2022,"bleier, richard",780,123.2,0.7264689366597092,0.0,0.06578947368421052,0.02631578947368421,0.5,0.35526315789473684,0.3157894736842105,0.0,0.0625,0.375,0.3541666666666667,0.2,0.5416666666666666,0.0,0.2621951219512195
2022,"phillips, evan",927,123.1,0.7234958391785097,0.0,0.07142857142857142,0.08,0.6666666666666666,0.40476190476190477,0.52,0.05128205128205128,0.06,0.20512820512820512,0.26,0.25,0.1794871794871795,0.0,0.31543624161073824
2022,"kirby, george",2092,122.2,0.6972879517499427,0.03125,0.0425531914893617,0.07954545454545454,0.15625,0.2978723404255319,0.3068181818181818,0.07865168539325842,0.04375,0.4157303370786517,0.375,0.38461538461538464,0.33707865168539325,0.0,0.30434782608695654
2022,"mantiply, joe",861,121.9,0.6864853430921116,0.0,0.045454545454545456,0.0,0.4,0.3333333333333333,0.38235294117647056,0.08108108108108109,0.09615384615384616,0.4594594594594595,0.4230769230769231,0.16666666666666666,0.35135135135135137,0.0,0.2827586206896552
2022,"díaz, edwin",932,121.8,0.6819191119383531,0.0,0.13513513513513514,0.05,0.25,0.3783783783783784,0.45,0.03333333333333333,0.11538461538461539,0.2,0.23076923076923078,0.15789473684210525,0.2,0.05263157894736842,0.2323943661971831
2022,"pruitt, austin",809,121.8,0.6830431744785374,0.14285714285714285,0.04,0.05555555555555555,0.21428571428571427,0.3466666666666667,0.25,0.0,0.014084507042253521,0.41935483870967744,0.38028169014084506,0.2,0.3548387096774194,0.1,0.3333333333333333
2022,"acevedo, domingo",1021,121.6,0.6777772260381285,0.07692307692307693,0.03076923076923077,0.03225806451612903,0.23076923076923078,0.4153846153846154,0.3225806451612903,0.024390243902439025,0.047619047619047616,0.3902439024390244,0.3492063492063492,0.3333333333333333,0.2926829268292683,0.06666666666666667,0.30851063829787234
2022,"price, david",603,121.1,0.6627016584988749,0.125,0.037037037037037035,0.0967741935483871,0.625,0.35185185185185186,0.3870967741935484,0.0,0.0,0.375,0.42424242424242425,0.2,0.375,0.0,0.34782608695652173
2022,"iglesias, raisel",983,120.9,0.6566694779615492,0.0,0.05357142857142857,0.0,0.2727272727272727,0.5,0.40625,0.06666666666666667,0.06521739130434782,0.36666666666666664,0.32608695652173914,0.3333333333333333,0.16666666666666666,0.06666666666666667,0.27472527472527475
2022,"chafin, andrew",899,120.8,0.6511665687976614,0.08333333333333333,0.06451612903225806,0.034482758620689655,0.25,0.3387096774193548,0.3448275862068966,0.11538461538461539,0.044444444444444446,0.4230769230769231,0.3111111111111111,0.23809523809523808,0.34615384615384615,0.0,0.42105263157894735
2022,"urías, julio",2622,120.7,0.6491288632085842,0.16129032258064516,0.06698564593301436,0.03225806451612903,0.3548387096774194,0.3588516746411483,0.3225806451612903,0.05426356589147287,0.06637168141592921,0.2868217054263566,0.3185840707964602,0.21739130434782608,0.26356589147286824,0.043478260869565216,0.3424408014571949
2022,"kershaw, clayton",1842,120.1,0.6305531613794632,0.0,0.057692307692307696,0.05333333333333334,0.25,0.30128205128205127,0.30666666666666664,0.05319148936170213,0.06578947368421052,0.4148936170212766,0.34868421052631576,0.44,0.4148936170212766,0.0,0.32608695652173914
2022,"williams, trevor",1411,119.7,0.6165193269495037,0.05,0.06666666666666667,0.05,0.4,0.30833333333333335,0.3,0.046875,0.04504504504504504,0.390625,0.3333333333333333,0.375,0.3125,0.041666666666666664,0.39846743295019155
2022,"bieber, shane",2875,119.7,0.6188616085162614,0.02631578947368421,0.05862068965517241,0.07407407407407407,0.42105263157894735,0.30689655172413793,0.3333333333333333,0.03389830508474576,0.03619909502262444,0.4152542372881356,0.39819004524886875,0.1891891891891892,0.3898305084745763,0.05405405405405406,0.31756756756756754
2022,"graterol, brusdar",679,119.6,0.6142931194069468,0.0,0.02040816326530612,0.043478260869565216,0.6666666666666666,0.32653061224489793,0.391304347826087,0.1,0.07692307692307693,0.3,0.2692307692307692,0.36363636363636365,0.43333333333333335,0.0,0.2222222222222222
2022,"bednar, david",850,119.4,0.6070994265300373,0.125,0.09090909090909091,0.06896551724137931,0.5,0.38181818181818183,0.4482758620689655,0.0,0.0,0.3333333333333333,0.2222222222222222,0.4,0.16666666666666666,0.06666666666666667,0.3333333333333333
2022,"fried, max",2823,118.8,0.5899956687910407,0.14285714285714285,0.04291845493562232,0.08035714285714286,0.2857142857142857,0.37339055793991416,0.3392857142857143,0.05732484076433121,0.034334763948497854,0.3821656050955414,0.39914163090128757,0.3333333333333333,0.2929936305732484,0.0,0.34189723320158105
2022,"mcclanahan, shane",2464,118.7,0.5866263421537664,0.04,0.0546448087431694,0.041666666666666664,0.24,0.4262295081967213,0.34375,0.056074766355140186,0.05154639175257732,0.32710280373831774,0.38144329896907214,0.39473684210526316,0.2616822429906542,0.05263157894736842,0.30886075949367087
2022,"whitlock, garrett",1166,118.6,0.5844048983605344,0.13333333333333333,0.07920792079207921,0.057692307692307696,0.5333333333333333,0.33663366336633666,0.3269230769230769,0.020833333333333332,0.043478260869565216,0.3333333333333333,0.2608695652173913,0.4,0.375,0.0,0.30097087378640774
2022,"hendriks, liam",949,118.5,0.5811058278805825,0.0,0.0847457627118644,0.03125,0.1111111111111111,0.3220338983050847,0.21875,0.09523809523809523,0.10869565217391304,0.2857142857142857,0.391304347826087,0.23529411764705882,0.38095238095238093,0.058823529411764705,0.4351145038167939
2022,"helsley, ryan",966,118.5,0.5805438628681167,0.1111111111111111,0.05454545454545454,0.041666666666666664,0.0,0.2545454545454545,0.16666666666666666,0.15,0.14583333333333334,0.45,0.3541666666666667,0.3684210526315789,0.2,0.0,0.35602094240837695
2022,"chavez, jesse",1202,118.2,0.5698889428052558,0.0,0.07216494845360824,0.0851063829787234,0.3333333333333333,0.3917525773195876,0.44680851063829785,0.029411764705882353,0.02,0.29411764705882354,0.28,0.5238095238095238,0.4117647058823529,0.0,0.3194444444444444
2022,"zimmermann, bruce",1130,118.1,0.5682034714555793,0.06451612903225806,0.050359712230215826,0.046153846153846156,0.22580645161290322,0.34532374100719426,0.2923076923076923,0.02040816326530612,0.0,0.32653061224489793,0.34408602150537637,0.2857142857142857,0.46938775510204084,0.14285714285714285,0.33658536585365856
2022,"raley, brooks",846,118.1,0.5658939323079316,0.0,0.07407407407407407,0.0,0.3333333333333333,0.3333333333333333,0.16666666666666666,0.04,0.08333333333333333,0.32,0.3333333333333333,0.3333333333333333,0.28,0.16666666666666666,0.3493150684931507
2022,"stephenson, robert",915,118.0,0.5628668769356612,0.0,0.02531645569620253,0.045454545454545456,0.3076923076923077,0.35443037974683544,0.3409090909090909,0.05405405405405406,0.0196078431372549,0.2702702702702703,0.35294117647058826,0.38461538461538464,0.35135135135135137,0.15384615384615385,0.3136094674556213
2022,"herget, jimmy",991,117.8,0.558959888301019,0.0,0.06756756756756757,0.0,0.5714285714285714,0.3918918918918919,0.3793103448275862,0.022222222222222223,0.014705882352941176,0.4222222222222222,0.3382352941176471,0.35714285714285715,0.4222222222222222,0.07142857142857142,0.3037974683544304
2022,"thielbar, caleb",1000,117.7,0.5551295870235755,0.0,0.12244897959183673,0.058823529411764705,0.1,0.30612244897959184,0.29411764705882354,0.1388888888888889,0.125,0.3888888888888889,0.3958333333333333,0.16666666666666666,0.2222222222222222,0.0,0.2907488986784141
2022,"taillon, jameson",2805,117.7,0.5536165137570209,0.023809523809523808,0.03745318352059925,0.06338028169014084,0.38095238095238093,0.32209737827715357,0.323943661971831,0.072992700729927,0.01818181818181818,0.35766423357664234,0.35909090909090907,0.29411764705882354,0.3357664233576642,0.11764705882352941,0.3735408560311284
2022,"blach, ty",680,117.6,0.5524988074286025,0.0,0.015384615384615385,0.05128205128205128,0.3333333333333333,0.3076923076923077,0.358974358974359,0.125,0.05084745762711865,0.35,0.3220338983050847,0.36363636363636365,0.325,0.09090909090909091,0.36752136752136755
2022,"rogers, tyler",1166,117.6,0.5519183621961307,0.125,0.07692307692307693,0.07142857142857142,0.25,0.24358974358974358,0.2619047619047619,0.12121212121212122,0.07142857142857142,0.3484848484848485,0.3333333333333333,0.4,0.2727272727272727,0.0,0.30113636363636365
2022,"arano, víctor",678,117.5,0.547431057659096,0.0,0.041666666666666664,0.04,0.3333333333333333,0.3125,0.32,0.10256410256410256,0.09302325581395349,0.3076923076923077,0.3023255813953488,0.3333333333333333,0.1794871794871795,0.13333333333333333,0.36607142857142855
2022,"floro, dylan",872,117.4,0.5464875049688255,0.125,0.08928571428571429,0.03225806451612903,0.5,0.35714285714285715,0.3225806451612903,0.03333333333333333,0.018518518518518517,0.36666666666666664,0.37037037037037035,0.3333333333333333,0.43333333333333335,0.0,0.3411764705882353
2022,"effross, scott",827,117.2,0.5394969412147823,0.0,0.07142857142857142,0.08333333333333333,0.5,0.32142857142857145,0.3333333333333333,0.06666666666666667,0.0625,0.3333333333333333,0.3541666666666667,0.3076923076923077,0.43333333333333335,0.0,0.3546099290780142
2022,"hernández, elieser",1099,117.2,0.5381924836412469,0.0,0.052083333333333336,0.043478260869565216,0.4166666666666667,0.3020833333333333,0.34782608695652173,0.1891891891891892,0.12359550561797752,0.2972972972972973,0.2247191011235955,0.3181818181818182,0.32432432432432434,0.0,0.35046728971962615
2022,"wisler, matt",753,117.0,0.5313622631997025,0.0,0.0,0.043478260869565216,0.4166666666666667,0.4318181818181818,0.391304347826087,0.15151515151515152,0.057692307692307696,0.5151515151515151,0.34615384615384615,0.15384615384615385,0.24242424242424243,0.07692307692307693,0.3475177304964539
2022,"sewald, paul",987,116.9,0.5294827960494413,0.15384615384615385,0.047619047619047616,0.06896551724137931,0.38461538461538464,0.3492063492063492,0.3448275862068966,0.0,0.037037037037037035,0.5925925925925926,0.4444444444444444,0.23529411764705882,0.18518518518518517,0.058823529411764705,0.3170731707317073
2022,"degrom, jacob",940,116.8,0.5266983405672852,0.1,0.05,0.06896551724137931,0.5,0.31666666666666665,0.3793103448275862,0.03333333333333333,0.0392156862745098,0.3333333333333333,0.3137254901960784,0.375,0.13333333333333333,0.125,0.3136094674556213
2022,"rasmussen, drew",2239,116.7,0.5246136912881654,0.038461538461538464,0.059907834101382486,0.08080808080808081,0.2692307692307692,0.3686635944700461,0.41414141414141414,0.042105263157894736,0.03763440860215054,0.28421052631578947,0.3064516129032258,0.28125,0.3684210526315789,0.09375,0.3930131004366812
2022,"luetge, lucas",975,116.6,0.5197759532931862,0.0,0.03571428571428571,0.05,0.2857142857142857,0.375,0.325,0.09302325581395349,0.07142857142857142,0.3488372093023256,0.375,0.3888888888888889,0.32558139534883723,0.05555555555555555,0.4195804195804196
2022,"kuhnel, joel",938,116.6,0.5188014004827206,0.0,0.04878048780487805,0.05714285714285714,0.3333333333333333,0.3902439024390244,0.5428571428571428,0.0,0.017543859649122806,0.4482758620689655,0.3157894736842105,0.4375,0.3448275862068966,0.0625,0.42771084337349397
2022,"smith, will",994,116.5,0.5185041866646101,0.0,0.12121212121212122,0.05263157894736842,0.1,0.3181818181818182,0.2631578947368421,0.02702702702702703,0.0784313725490196,0.35135135135135137,0.3333333333333333,0.3,0.35135135135135137,0.1,0.3352601156069364
2022,"hughes, brandon",982,116.4,0.5152627029678839,0.21428571428571427,0.13793103448275862,0.19444444444444445,0.07142857142857142,0.27586206896551724,0.2222222222222222,0.0,0.08163265306122448,0.24,0.20408163265306123,0.17391304347826086,0.28,0.043478260869565216,0.38011695906432746
2022,"armstrong, shawn",1055,116.2,0.5071649841634563,0.0,0.09090909090909091,0.058823529411764705,0.3076923076923077,0.4155844155844156,0.29411764705882354,0.07142857142857142,0.10526315789473684,0.3333333333333333,0.38596491228070173,0.3333333333333333,0.30952380952380953,0.0,0.2863247863247863
2022,"martin, davis",1048,116.1,0.5045481433100723,0.0,0.11,0.07272727272727272,0.35714285714285715,0.37,0.34545454545454546,0.0,0.06329113924050633,0.43478260869565216,0.3924050632911392,0.25,0.4782608695652174,0.0,0.28708133971291866
2022,"mckenzie, triston",2807,116.1,0.5051481426808383,0.02127659574468085,0.04460966542750929,0.03361344537815126,0.3617021276595745,0.3382899628252788,0.31932773109243695,0.06451612903225806,0.07725321888412018,0.3655913978494624,0.37339055793991416,0.3877551020408163,0.3118279569892473,0.08163265306122448,0.3240901213171577
2022,"cortés, néstor",2465,116.0,0.502423298797073,0.047619047619047616,0.07179487179487179,0.1,0.23809523809523808,0.3641025641025641,0.4111111111111111,0.07920792079207921,0.0673076923076923,0.3069306930693069,0.28846153846153844,0.3055555555555556,0.33663366336633666,0.027777777777777776,0.33840304182509506
2022,"junis, jakob",1802,115.9,0.497590152745612,0.08,0.0546448087431694,0.05263157894736842,0.36,0.3442622950819672,0.29473684210526313,0.0958904109589041,0.057971014492753624,0.3150684931506849,0.37681159420289856,0.42857142857142855,0.3972602739726027,0.0,0.39655172413793105
2022,"king, mike",784,115.6,0.4899186455220889,0.0,0.12244897959183673,0.04,0.2857142857142857,0.40816326530612246,0.52,0.03571428571428571,0.05714285714285714,0.35714285714285715,0.37142857142857144,0.14285714285714285,0.5,0.0,0.3238095238095238
2022,"gonsolin, tony",2017,115.5,0.48486797275039745,0.10526315789473684,0.06666666666666667,0.0684931506849315,0.15789473684210525,0.3333333333333333,0.3287671232876712,0.1,0.07894736842105263,0.42857142857142855,0.34868421052631576,0.24324324324324326,0.32857142857142857,0.02702702702702703,0.33766233766233766
2022,"pressly, ryan",711,115.5,0.4851502920519627,0.0,0.045454545454545456,0.04,0.3333333333333333,0.20454545454545456,0.32,0.05555555555555555,0.03125,0.4444444444444444,0.28125,0.25,0.2777777777777778,0.25,0.4095238095238095
2022,"civale, aaron",1592,115.4,0.48136007085386895,0.05,0.09219858156028368,0.0958904109589041,0.35,0.375886524822695,0.3698630136986301,0.029411764705882353,0.058823529411764705,0.3088235294117647,0.3025210084033613,0.23076923076923078,0.3235294117647059,0.07692307692307693,0.3392857142857143
2022,"alexander, tyler",1595,115.0,0.47163260662085865,0.10810810810810811,0.06289308176100629,0.056818181818181816,0.3783783783783784,0.29559748427672955,0.3522727272727273,0.05194805194805195,0.04285714285714286,0.38961038961038963,0.36428571428571427,0.52,0.37662337662337664,0.0,0.3569230769230769
2022,"urquidy, josé",2640,115.0,0.4708029261168458,0.1111111111111111,0.05,0.07692307692307693,0.4444444444444444,0.3269230769230769,0.33076923076923076,0.08108108108108109,0.0660377358490566,0.36936936936936937,0.330188679245283,0.2727272727272727,0.3963963963963964,0.022727272727272728,0.3196428571428571
2022,"sears, jp",1083,114.9,0.4663741290323237,0.0,0.05555555555555555,0.05660377358490566,0.23529411764705882,0.35185185185185186,0.24528301886792453,0.11627906976744186,0.09411764705882353,0.3488372093023256,0.35294117647058826,0.3333333333333333,0.3023255813953488,0.08333333333333333,0.358695652173913
2022,"irvin, cole",2622,114.9,0.4681535280174066,0.019230769230769232,0.04666666666666667,0.023622047244094488,0.36538461538461536,0.33666666666666667,0.3937007874015748,0.08130081300813008,0.08764940239043825,0.3333333333333333,0.3187250996015936,0.46153846153846156,0.43902439024390244,0.02564102564102564,0.3207920792079208
2022,"akin, keegan",1235,114.9,0.4673481808056325,0.07142857142857142,0.028846153846153848,0.07692307692307693,0.35714285714285715,0.3269230769230769,0.3076923076923077,0.05084745762711865,0.03614457831325301,0.2711864406779661,0.3614457831325301,0.17647058823529413,0.4067796610169492,0.17647058823529413,0.24701195219123506
2022,"lynn, lance",2022,114.8,0.46504838170794566,0.05,0.07027027027027027,0.06593406593406594,0.45,0.3621621621621622,0.3626373626373626,0.06818181818181818,0.07432432432432433,0.32954545454545453,0.3783783783783784,0.35714285714285715,0.36363636363636365,0.0,0.37626262626262624
2022,"greinke, zack",2272,114.8,0.46499455275949986,0.09375,0.044715447154471545,0.040983606557377046,0.3125,0.3821138211382114,0.38524590163934425,0.017699115044247787,0.05555555555555555,0.336283185840708,0.3383838383838384,0.2413793103448276,0.45132743362831856,0.10344827586206896,0.3910761154855643
2022,"verlander, justin",2607,114.6,0.45792220993992117,0.14285714285714285,0.0660377358490566,0.057692307692307696,0.35714285714285715,0.3584905660377358,0.375,0.037383177570093455,0.05970149253731343,0.37383177570093457,0.3880597014925373,0.2857142857142857,0.3644859813084112,0.02857142857142857,0.3137254901960784
2022,"smyly, drew",1814,114.5,0.4555847280657779,0.11538461538461539,0.06622516556291391,0.07894736842105263,0.34615384615384615,0.304635761589404,0.2894736842105263,0.07526881720430108,0.05223880597014925,0.3763440860215054,0.3582089552238806,0.36666666666666664,0.34408602150537637,0.03333333333333333,0.3844086021505376
2022,"syndergaard, noah",2026,114.5,0.4539343181799954,0.03333333333333333,0.04455445544554455,0.05555555555555555,0.23333333333333334,0.3217821782178218,0.37962962962962965,0.06611570247933884,0.06349206349206349,0.34710743801652894,0.31746031746031744,0.25806451612903225,0.4049586776859504,0.12903225806451613,0.3460490463215259
2022,"mayers, mike",890,114.2,0.4441573325395965,0.05,0.10344827586206896,0.075,0.3,0.3563218390804598,0.25,0.08333333333333333,0.10344827586206896,0.4166666666666667,0.3620689655172414,0.4444444444444444,0.16666666666666666,0.0,0.3974358974358974
2022,"mikolas, miles",3152,114.2,0.44644619810577624,0.047619047619047616,0.06040268456375839,0.07692307692307693,0.3333333333333333,0.3825503355704698,0.35664335664335667,0.08496732026143791,0.06640625,0.3660130718954248,0.375,0.38095238095238093,0.37254901960784315,0.0,0.3338533541341654
2022,"stroman, marcus",2181,114.1,0.4405520391694329,0.08,0.09433962264150944,0.09782608695652174,0.32,0.33490566037735847,0.33695652173913043,0.0,0.09550561797752809,0.3404255319148936,0.3146067415730337,0.35,0.3723404255319149,0.025,0.39335180055401664
2022,"lugo, seth",1083,114.0,0.43760461570070575,0.0,0.0,0.023809523809523808,0.35714285714285715,0.3287671232876712,0.42857142857142855,0.0,0.09090909090909091,0.3793103448275862,0.3939393939393939,0.7222222222222222,0.3793103448275862,0.05555555555555555,0.34502923976608185
2022,"rogers, trevor",1940,113.9,0.43431043550705783,0.0,0.07741935483870968,0.07777777777777778,0.13636363636363635,0.3225806451612903,0.2777777777777778,0.12195121951219512,0.09836065573770492,0.35365853658536583,0.36885245901639346,0.42857142857142855,0.2073170731707317,0.061224489795918366,0.35
2022,"pineda, michael",731,113.6,0.426060579918725,0.0,0.05,0.022222222222222223,0.375,0.42,0.4666666666666667,0.038461538461538464,0.06557377049180328,0.38461538461538464,0.39344262295081966,0.375,0.5769230769230769,0.0,0.3208955223880597
2022,"garcía, yimi",1051,113.5,0.4227564937408532,0.125,0.03076923076923077,0.05714285714285714,0.125,0.4153846153846154,0.34285714285714286,0.13157894736842105,0.0967741935483871,0.3684210526315789,0.4032258064516129,0.2,0.23684210526315788,0.06666666666666667,0.34146341463414637
2022,"peralta, wandy",820,113.5,0.42323030653337007,0.0,0.0625,0.1111111111111111,0.2,0.375,0.4074074074074074,0.08888888888888889,0.08771929824561403,0.3333333333333333,0.3684210526315789,0.42857142857142855,0.3111111111111111,0.0,0.3813559322033898
2022,"singer, brady",2376,113.4,0.41969016881483345,0.030303030303030304,0.06912442396313365,0.06837606837606838,0.36363636363636365,0.4147465437788018,0.42735042735042733,0.04040404040404041,0.05649717514124294,0.31313131313131315,0.3220338983050847,0.2222222222222222,0.35353535353535354,0.1111111111111111,0.3255208333333333
2022,"blackburn, paul",1768,113.4,0.419454302796843,0.043478260869565216,0.08024691358024691,0.05555555555555555,0.21739130434782608,0.38271604938271603,0.37777777777777777,0.06521739130434782,0.09395973154362416,0.34782608695652173,0.3624161073825503,0.21875,0.3695652173913043,0.0625,0.4031620553359684
2022,"ober, bailey",854,113.4,0.4208116994084827,0.05263157894736842,0.047058823529411764,0.0425531914893617,0.5263157894736842,0.35294117647058826,0.40425531914893614,0.14285714285714285,0.07575757575757576,0.22857142857142856,0.3333333333333333,0.3076923076923077,0.2571428571428571,0.07692307692307693,0.3803680981595092
2022,"wood, alex",2243,113.3,0.4159022557522269,0.0,0.07368421052631578,0.09782608695652174,0.2916666666666667,0.34210526315789475,0.32608695652173914,0.0898876404494382,0.0641025641025641,0.3595505617977528,0.391025641025641,0.4473684210526316,0.3146067415730337,0.02631578947368421,0.3309692671394799
2022,"castellanos, humberto",748,113.2,0.41398038708342494,0.0,0.06666666666666667,0.06818181818181818,0.3,0.37333333333333335,0.38636363636363635,0.0625,0.08620689655172414,0.40625,0.3448275862068966,0.3333333333333333,0.3125,0.06666666666666667,0.3546099290780142
2022,"thompson, ryan",687,113.1,0.411365025331557,0.0,0.0,0.0,0.25,0.30434782608695654,0.2916666666666667,0.06666666666666667,0.08108108108108109,0.4,0.43243243243243246,0.6363636363636364,0.16666666666666666,0.18181818181818182,0.35135135135135137
2022,"ramírez, erasmo",1226,113.1,0.41013331794734964,0.08333333333333333,0.06896551724137931,0.05357142857142857,0.5833333333333334,0.35344827586206895,0.3392857142857143,0.0392156862745098,0.07526881720430108,0.35294117647058826,0.3655913978494624,0.35294117647058826,0.47058823529411764,0.0,0.3231441048034934
2022,"lópez, pablo",2912,112.9,0.4030638947298921,0.046511627906976744,0.08085106382978724,0.08270676691729323,0.37209302325581395,0.3404255319148936,0.3458646616541353,0.08208955223880597,0.08482142857142858,0.3805970149253731,0.3794642857142857,0.3103448275862069,0.2835820895522388,0.034482758620689655,0.3516068052930057
2022,"gonzales, marco",2842,112.7,0.3969247712376005,0.06666666666666667,0.061371841155234655,0.03289473684210526,0.37777777777777777,0.3898916967509025,0.3618421052631579,0.056818181818181816,0.07664233576642336,0.3409090909090909,0.3467153284671533,0.36538461538461536,0.3465909090909091,0.07692307692307693,0.3666061705989111
2022,"cueto, johnny",2374,112.7,0.3974083183205816,0.08108108108108109,0.056910569105691054,0.08461538461538462,0.32432432432432434,0.32113821138211385,0.3,0.05343511450381679,0.06437768240343347,0.32061068702290074,0.34763948497854075,0.4,0.4351145038167939,0.05714285714285714,0.38961038961038963
2022,"festa, matt",897,112.7,0.3966138913892219,0.1111111111111111,0.10416666666666667,0.07142857142857142,0.2222222222222222,0.4166666666666667,0.2857142857142857,0.037037037037037035,0.08333333333333333,0.5185185185185185,0.4722222222222222,0.21052631578947367,0.2962962962962963,0.0,0.3179190751445087
2022,"moreta, dauri",617,112.7,0.39739111091968665,0.0,0.125,0.0,0.36363636363636365,0.5,0.391304347826087,0.0,0.1282051282051282,0.15384615384615385,0.2564102564102564,0.4666666666666667,0.5384615384615384,0.0,0.3695652173913043
2022,"pop, zach",536,112.6,0.39617734902745183,0.0,0.07407407407407407,0.0,0.5714285714285714,0.37037037037037035,0.36363636363636365,0.0,0.07894736842105263,0.32,0.4473684210526316,0.5,0.6,0.0,0.20833333333333334
2022,"jefferies, daulton",611,112.5,0.3902800662352569,0.0,0.057971014492753624,0.0,0.36363636363636365,0.43478260869565216,0.44,0.06451612903225806,0.07017543859649122,0.41935483870967744,0.47368421052631576,0.4444444444444444,0.41935483870967744,0.0,0.38461538461538464
2022,"márquez, germán",2839,112.5,0.3916453654840772,0.02631578947368421,0.08928571428571429,0.05263157894736842,0.2631578947368421,0.36904761904761907,0.3533834586466165,0.09649122807017543,0.08071748878923767,0.30701754385964913,0.33183856502242154,0.40298507462686567,0.4824561403508772,0.0,0.375968992248062
2022,"sampson, adrian",1694,112.5,0.391730011245149,0.0,0.05806451612903226,0.02247191011235955,0.3333333333333333,0.432258064516129,0.4044943820224719,0.06097560975609756,0.09333333333333334,0.32926829268292684,0.41333333333333333,0.35714285714285715,0.32926829268292684,0.07142857142857142,0.40634920634920635
2022,"jax, griffin",1167,112.3,0.38611704188689194,0.08333333333333333,0.07317073170731707,0.11627906976744186,0.16666666666666666,0.3170731707317073,0.2558139534883721,0.08333333333333333,0.016666666666666666,0.4722222222222222,0.4666666666666667,0.3333333333333333,0.3333333333333333,0.05555555555555555,0.33170731707317075
2022,"matz, steven",849,112.3,0.3862119556381,0.15384615384615385,0.078125,0.075,0.38461538461538464,0.375,0.4,0.1,0.03571428571428571,0.3333333333333333,0.3392857142857143,0.3333333333333333,0.36666666666666664,0.0,0.3395061728395062
2022,"romano, jordan",1005,111.8,0.36874283702397154,0.0,0.10606060606060606,0.10810810810810811,0.4,0.30303030303030304,0.24324324324324326,0.07407407407407407,0.08,0.4074074074074074,0.32,0.5263157894736842,0.18518518518518517,0.05263157894736842,0.3165829145728643
2022,"clarke, taylor",859,111.5,0.3616072225912535,0.0,0.07352941176470588,0.029411764705882353,0.625,0.38235294117647056,0.4411764705882353,0.043478260869565216,0.09615384615384616,0.30434782608695654,0.3269230769230769,0.5,0.43478260869565216,0.0,0.3939393939393939
2022,"bundy, dylan",2180,111.4,0.3558762121721488,0.05263157894736842,0.0546218487394958,0.05555555555555555,0.3157894736842105,0.3067226890756303,0.3888888888888889,0.04854368932038835,0.05365853658536585,0.4174757281553398,0.34146341463414637,0.5161290322580645,0.4174757281553398,0.06451612903225806,0.31894484412470026
2022,"martin, brett",762,111.4,0.35622508345624576,0.0,0.05970149253731343,0.05555555555555555,0.375,0.3283582089552239,0.3055555555555556,0.06896551724137931,0.08695652173913043,0.41379310344827586,0.41304347826086957,0.3333333333333333,0.4482758620689655,0.06666666666666667,0.2748091603053435
2022,"pérez, cionel",905,111.3,0.3532479612141103,0.0,0.10606060606060606,0.06060606060606061,0.375,0.3484848484848485,0.42424242424242425,0.05263157894736842,0.06976744186046512,0.42105263157894735,0.20930232558139536,0.4444444444444444,0.3684210526315789,0.05555555555555555,0.42207792207792205
2022,"castillo, diego",859,111.2,0.3512094912545466,0.0,0.14893617021276595,0.043478260869565216,0.2857142857142857,0.3617021276595745,0.34782608695652173,0.0,0.05263157894736842,0.3333333333333333,0.3508771929824561,0.3157894736842105,0.2727272727272727,0.15789473684210525,0.36129032258064514
2022,"voth, austin",1762,111.1,0.34722624865205026,0.08333333333333333,0.06578947368421052,0.11688311688311688,0.2916666666666667,0.34210526315789475,0.3116883116883117,0.08333333333333333,0.03937007874015748,0.375,0.3858267716535433,0.3548387096774194,0.3194444444444444,0.06451612903225806,0.4025157232704403
2022,"darvish, yu",2971,110.9,0.34257967158373087,0.13043478260869565,0.0642570281124498,0.10236220472440945,0.391304347826087,0.3132530120481928,0.33070866141732286,0.05737704918032787,0.05128205128205128,0.3770491803278688,0.38461538461538464,0.3333333333333333,0.3360655737704918,0.0625,0.3263888888888889
2022,"baker, bryan",1183,110.9,0.3430075383352691,0.0,0.10588235294117647,0.09375,0.42857142857142855,0.35294117647058826,0.375,0.041666666666666664,0.01694915254237288,0.375,0.3728813559322034,0.2962962962962963,0.3333333333333333,0.1111111111111111,0.4371859296482412
2022,"hendricks, kyle",1347,110.8,0.33961212303057914,0.04,0.078125,0.016129032258064516,0.44,0.3671875,0.3709677419354839,0.029850746268656716,0.07216494845360824,0.34328358208955223,0.41237113402061853,0.4074074074074074,0.417910447761194,0.07407407407407407,0.39603960396039606
2022,"woodford, jake",701,110.6,0.3312580195817296,0.0,0.06153846153846154,0.06060606060606061,0.25,0.35384615384615387,0.42424242424242425,0.02631578947368421,0.034482758620689655,0.4473684210526316,0.3448275862068966,0.36363636363636365,0.5789473684210527,0.09090909090909091,0.3037037037037037
2022,"swanson, erik",882,110.5,0.3285939314232932,0.2,0.043478260869565216,0.043478260869565216,0.6,0.41304347826086957,0.43478260869565216,0.02857142857142857,0.05128205128205128,0.4,0.3333333333333333,0.6,0.2571428571428571,0.0,0.30198019801980197
2022,"muñoz, andrés",1032,110.1,0.3175151743099544,0.2,0.07547169811320754,0.2,0.4,0.2830188679245283,0.36,0.07142857142857142,0.0,0.25,0.2553191489361702,0.3125,0.35714285714285715,0.0625,0.3404255319148936
2022,"garcía, rony",885,110.1,0.3170581641727819,0.0,0.09411764705882353,0.05128205128205128,0.34782608695652173,0.43529411764705883,0.38461538461538464,0.08,0.0425531914893617,0.32,0.3191489361702128,0.5,0.36,0.0625,0.37222222222222223
2022,"hentges, sam",945,110.0,0.3137500504905743,0.0,0.04918032786885246,0.03333333333333333,0.125,0.32786885245901637,0.3,0.0625,0.1111111111111111,0.28125,0.3111111111111111,0.5,0.3125,0.1875,0.3699421965317919
2022,"pagán, emilio",1134,109.9,0.31039070639242955,0.0,0.07692307692307693,0.07142857142857142,0.23076923076923078,0.358974358974359,0.2619047619047619,0.03333333333333333,0.09615384615384616,0.26666666666666666,0.3076923076923077,0.22727272727272727,0.3333333333333333,0.22727272727272727,0.4041666666666667
2022,"yarbrough, ryan",1355,109.8,0.3076719807677028,0.05263157894736842,0.10091743119266056,0.08333333333333333,0.3684210526315789,0.3669724770642202,0.31666666666666665,0.0967741935483871,0.11382113821138211,0.20430107526881722,0.2764227642276423,0.27586206896551724,0.27956989247311825,0.10344827586206896,0.32954545454545453
2022,"durán, jhoan",1033,109.6,0.3021808897089683,0.2,0.0847457627118644,0.07407407407407407,0.4,0.2542372881355932,0.37037037037037035,0.1111111111111111,0.09259259259259259,0.3333333333333333,0.3148148148148148,0.11764705882352941,0.3888888888888889,0.058823529411764705,0.3173076923076923
2022,"finnegan, kyle",1059,109.5,0.2985493040037256,0.0,0.06666666666666667,0.05263157894736842,0.2,0.4,0.39473684210526316,0.02857142857142857,0.05660377358490566,0.4857142857142857,0.4528301886792453,0.5,0.4,0.05555555555555555,0.35175879396984927
2022,"littell, zack",758,109.5,0.2987050004362224,0.18181818181818182,0.10526315789473684,0.1,0.36363636363636365,0.3333333333333333,0.3333333333333333,0.0,0.038461538461538464,0.25,0.23076923076923078,0.5,0.4166666666666667,0.07142857142857142,0.38
2022,"webb, logan",3006,109.4,0.2946030340421637,0.0,0.06872852233676977,0.07142857142857142,0.4,0.32989690721649484,0.29365079365079366,0.09302325581395349,0.11570247933884298,0.37209302325581395,0.39669421487603307,0.36538461538461536,0.4186046511627907,0.038461538461538464,0.35119047619047616
2022,"megill, tylor",791,109.2,0.2874558966096107,0.15384615384615385,0.05970149253731343,0.08333333333333333,0.38461538461538464,0.417910447761194,0.3611111111111111,0.07692307692307693,0.08,0.38461538461538464,0.38,0.23076923076923078,0.23076923076923078,0.07692307692307693,0.3424657534246575
2022,"castano, daniel",577,109.1,0.2850172726219371,0.14285714285714285,0.07272727272727272,0.11764705882352941,0.5714285714285714,0.32727272727272727,0.35294117647058826,0.08571428571428572,0.06349206349206349,0.2571428571428571,0.31746031746031744,0.3333333333333333,0.4857142857142857,0.0,0.2672413793103448
2022,"banda, anthony",556,109.1,0.28571882253787445,0.0,0.03571428571428571,0.08695652173913043,0.5,0.39285714285714285,0.391304347826087,0.08695652173913043,0.1,0.30434782608695654,0.5,0.2727272727272727,0.2608695652173913,0.09090909090909091,0.3076923076923077
2022,"quantrill, cal",2920,108.9,0.277304434461392,0.023255813953488372,0.08904109589041095,0.0958904109589041,0.20930232558139536,0.3698630136986301,0.3904109589041096,0.08176100628930817,0.07633587786259542,0.389937106918239,0.37404580152671757,0.25925925925925924,0.4276729559748428,0.05555555555555555,0.40597539543058
2022,"ragans, cole",706,108.9,0.27728815412783053,0.0,0.017857142857142856,0.09090909090909091,0.5555555555555556,0.4107142857142857,0.42424242424242425,0.13157894736842105,0.15254237288135594,0.34210526315789475,0.3728813559322034,0.375,0.2631578947368421,0.0,0.4027777777777778
2022,"thornton, trent",664,108.9,0.2781158306954125,0.0,0.08064516129032258,0.0,0.42857142857142855,0.24193548387096775,0.27586206896551724,0.09090909090909091,0.14634146341463414,0.5,0.4634146341463415,0.1875,0.3181818181818182,0.125,0.37142857142857144
2022,"vest, will",1083,108.7,0.27292050394932194,0.0,0.13157894736842105,0.05405405405405406,0.36363636363636365,0.35526315789473684,0.32432432432432434,0.09090909090909091,0.11320754716981132,0.45454545454545453,0.4528301886792453,0.36363636363636365,0.2727272727272727,0.0,0.33175355450236965
2022,"ohtani, shohei",2629,108.7,0.27294548928288503,0.0,0.06878306878306878,0.04,0.391304347826087,0.4126984126984127,0.38,0.06363636363636363,0.08187134502923976,0.38181818181818183,0.38596491228070173,0.4,0.36363636363636365,0.08888888888888889,0.3398268398268398
2022,"hill, rich",1990,108.7,0.2709628081750732,0.1,0.08064516129032258,0.08888888888888889,0.3333333333333333,0.3333333333333333,0.28888888888888886,0.0851063829787234,0.09302325581395349,0.39361702127659576,0.4069767441860465,0.41025641025641024,0.3191489361702128,0.02564102564102564,0.32122905027932963
2022,"carrasco, carlos",2420,108.7,0.27316634759055447,0.07142857142857142,0.06278026905829596,0.08849557522123894,0.39285714285714285,0.33183856502242154,0.39823008849557523,0.09243697478991597,0.08,0.3277310924369748,0.3028571428571429,0.43478260869565216,0.3949579831932773,0.043478260869565216,0.3646288209606987
2022,"gray, jon",2062,108.7,0.27280679253613693,0.05263157894736842,0.08433734939759036,0.1111111111111111,0.2631578947368421,0.3433734939759036,0.37037037037037035,0.1,0.1048951048951049,0.32222222222222224,0.32167832167832167,0.3111111111111111,0.3,0.06666666666666667,0.3333333333333333
2022,"eflin, zach",1196,108.6,0.2707856844050939,0.14285714285714285,0.09195402298850575,0.08163265306122448,0.5,0.367816091954023,0.5306122448979592,0.02857142857142857,0.06542056074766354,0.3142857142857143,0.2897196261682243,0.3157894736842105,0.32857142857142857,0.05263157894736842,0.3691588785046729
2022,"wright, kyle",2697,108.5,0.2668629297854904,0.030303030303030304,0.07434944237918216,0.059322033898305086,0.36363636363636365,0.3382899628252788,0.3559322033898305,0.11764705882352941,0.07035175879396985,0.40336134453781514,0.34673366834170855,0.3333333333333333,0.36134453781512604,0.08771929824561403,0.367170626349892
2022,"harvey, hunter",661,108.5,0.2677012900370458,0.2,0.04081632653061224,0.05,0.6,0.32653061224489793,0.4,0.0625,0.13043478260869565,0.4375,0.4782608695652174,0.4166666666666667,0.125,0.0,0.38686131386861317
2022,"velasquez, vince",1286,108.5,0.26468431249870245,0.0,0.09090909090909091,0.09433962264150944,0.3333333333333333,0.36363636363636365,0.41509433962264153,0.11428571428571428,0.05555555555555555,0.4,0.32222222222222224,0.4444444444444444,0.22857142857142856,0.07407407407407407,0.3524590163934426
2022,"lee, dylan",758,108.4,0.2637284662321453,0.0,0.0625,0.034482758620689655,0.3333333333333333,0.4166666666666667,0.4482758620689655,0.037037037037037035,0.0784313725490196,0.4444444444444444,0.37254901960784315,0.6666666666666666,0.4444444444444444,0.0,0.32142857142857145
2022,"kremer, dean",1947,108.3,0.26140411509669165,0.12,0.08152173913043478,0.10891089108910891,0.36,0.34782608695652173,0.37623762376237624,0.07291666666666667,0.05421686746987952,0.375,0.3433734939759036,0.3333333333333333,0.34375,0.05555555555555555,0.38133333333333336
2022,"stephan, trevor",1018,108.3,0.2613053828387674,0.2,0.06557377049180328,0.05714285714285714,0.0,0.3114754098360656,0.3142857142857143,0.10810810810810811,0.05660377358490566,0.4594594594594595,0.41509433962264153,0.35294117647058826,0.21621621621621623,0.11764705882352941,0.3614457831325301
2022,"mayza, tim",739,108.3,0.26013539749185427,0.0,0.06521739130434782,0.06666666666666667,0.25,0.43478260869565216,0.3,0.10714285714285714,0.09375,0.4642857142857143,0.46875,0.5,0.32142857142857145,0.0,0.3865546218487395
2022,"banuelos, manny",722,108.3,0.2589646295449196,0.0,0.13333333333333333,0.2,0.75,0.3111111111111111,0.36,0.0,0.030303030303030304,0.39285714285714285,0.30303030303030304,0.3181818181818182,0.17857142857142858,0.09090909090909091,0.4262295081967213
2022,"poche, colin",974,108.2,0.25602380067051456,0.0,0.10869565217391304,0.05714285714285714,0.45454545454545453,0.43478260869565216,0.5142857142857142,0.1282051282051282,0.05357142857142857,0.3333333333333333,0.42857142857142855,0.2857142857142857,0.23076923076923078,0.047619047619047616,0.30845771144278605
2022,"corbin, patrick",2627,108.2,0.25827110419209987,0.08771929824561403,0.0756578947368421,0.09580838323353294,0.21052631578947367,0.34210526315789475,0.2934131736526946,0.06666666666666667,0.10497237569060773,0.26666666666666666,0.32044198895027626,0.6,0.47619047619047616,0.0,0.3711111111111111
2022,"musgrove, joe",2838,108.0,0.25197134004129945,0.06896551724137931,0.07234042553191489,0.046296296296296294,0.4827586206896552,0.37872340425531914,0.37962962962962965,0.08275862068965517,0.08108108108108109,0.3724137931034483,0.33783783783783783,0.40384615384615385,0.3724137931034483,0.057692307692307696,0.33820459290187893
2022,"morejón, adrián",544,108.0,0.25075721500988346,0.14285714285714285,0.061224489795918366,0.045454545454545456,0.42857142857142855,0.40816326530612246,0.36363636363636365,0.07142857142857142,0.047619047619047616,0.21428571428571427,0.35714285714285715,0.7142857142857143,0.42857142857142855,0.0,0.39316239316239315
2022,"suarez, josé",1791,107.9,0.24692425642970536,0.037037037037037035,0.0880503144654088,0.14285714285714285,0.25925925925925924,0.32075471698113206,0.35064935064935066,0.06666666666666667,0.06578947368421052,0.3333333333333333,0.34210526315789475,0.3125,0.38666666666666666,0.09375,0.31955922865013775
2022,"burnes, corbin",3274,107.9,0.24625634393291623,0.15384615384615385,0.06726457399103139,0.09523809523809523,0.2692307692307692,0.3991031390134529,0.42857142857142855,0.05303030303030303,0.05116279069767442,0.36363636363636365,0.4046511627906977,0.22950819672131148,0.3106060606060606,0.09836065573770492,0.35523613963039014
2022,"crismatt, nabil",1064,107.8,0.24385945336106865,0.1111111111111111,0.036585365853658534,0.05405405405405406,0.3333333333333333,0.4878048780487805,0.3783783783783784,0.10256410256410256,0.03333333333333333,0.358974358974359,0.36666666666666664,0.3333333333333333,0.2564102564102564,0.14285714285714285,0.3050847457627119
2022,"thompson, zack",575,107.7,0.24212285644123469,0.0,0.0,0.1,0.5,0.5294117647058824,0.55,0.14814814814814814,0.1111111111111111,0.37037037037037035,0.3611111111111111,0.3076923076923077,0.2962962962962963,0.0,0.312
2022,"bassitt, chris",2886,107.6,0.23804005705229125,0.06060606060606061,0.08636363636363636,0.08571428571428572,0.2727272727272727,0.3409090909090909,0.3619047619047619,0.07100591715976332,0.08438818565400844,0.44970414201183434,0.4008438818565401,0.23728813559322035,0.3076923076923077,0.1016949152542373,0.3485148514851485
2022,"banks, tanner",897,107.6,0.23645831290818087,0.1111111111111111,0.046875,0.027777777777777776,0.0,0.34375,0.3055555555555556,0.19444444444444445,0.09803921568627451,0.3333333333333333,0.37254901960784315,0.2777777777777778,0.3888888888888889,0.1111111111111111,0.3588516746411483
2022,"watkins, spenser",1642,107.3,0.2278832397638843,0.11538461538461539,0.0748663101604278,0.06451612903225806,0.3076923076923077,0.2994652406417112,0.27956989247311825,0.1323529411764706,0.0979020979020979,0.35294117647058826,0.34265734265734266,0.4117647058823529,0.35294117647058826,0.058823529411764705,0.34980988593155893
2022,"gilbert, logan",3023,107.2,0.22625437529219367,0.05405405405405406,0.07301587301587302,0.060810810810810814,0.40540540540540543,0.346031746031746,0.3310810810810811,0.09,0.08542713567839195,0.38,0.4020100502512563,0.4230769230769231,0.43,0.038461538461538464,0.38651315789473684
2022,"doval, camilo",1129,107.2,0.22486071593657303,0.0,0.08450704225352113,0.0,0.25,0.352112676056338,0.3103448275862069,0.09302325581395349,0.16071428571428573,0.4186046511627907,0.4642857142857143,0.2,0.3953488372093023,0.1,0.34375
2022,"wacha, michael",1949,107.2,0.22536643834966041,0.05714285714285714,0.03804347826086957,0.05434782608695652,0.42857142857142855,0.358695652173913,0.32608695652173914,0.06382978723404255,0.0736196319018405,0.32978723404255317,0.36809815950920244,0.46875,0.30851063829787234,0.15625,0.34405940594059403
2022,"kelly, merrill",3077,107.1,0.22091833533385044,0.022222222222222223,0.07913669064748201,0.07258064516129033,0.28888888888888886,0.3489208633093525,0.4032258064516129,0.08088235294117647,0.06896551724137931,0.47058823529411764,0.39846743295019155,0.4,0.41911764705882354,0.05,0.30998248686514884
2022,"kennedy, ian",877,107.0,0.21904616865324766,0.11764705882352941,0.0963855421686747,0.07547169811320754,0.35294117647058826,0.30120481927710846,0.37735849056603776,0.0,0.0425531914893617,0.3125,0.2553191489361702,0.42105263157894735,0.75,0.05263157894736842,0.3837837837837838
2022,"wainwright, adam",3135,107.0,0.2201640312569175,0.07894736842105263,0.0664451827242525,0.07975460122699386,0.23684210526315788,0.3488372093023256,0.3496932515337423,0.0915032679738562,0.07630522088353414,0.3790849673202614,0.36947791164658633,0.45614035087719296,0.4117647058823529,0.05263157894736842,0.3728813559322034
2022,"megill, trevor",774,106.9,0.2175030752549614,0.0,0.058823529411764705,0.0967741935483871,0.2,0.3235294117647059,0.3225806451612903,0.21428571428571427,0.08823529411764706,0.42857142857142855,0.29411764705882354,0.4117647058823529,0.5,0.0,0.3057324840764331
2022,"heaney, andrew",1230,106.9,0.2145309876842514,0.2222222222222222,0.10638297872340426,0.16279069767441862,0.4444444444444444,0.3829787234042553,0.3488372093023256,0.09090909090909091,0.046875,0.30303030303030304,0.25,0.14814814814814814,0.36363636363636365,0.037037037037037035,0.31718061674008813
2022,"bass, anthony",990,106.9,0.21540110051170414,0.1111111111111111,0.1076923076923077,0.029411764705882353,0.3333333333333333,0.4,0.20588235294117646,0.08823529411764706,0.14285714285714285,0.35294117647058826,0.3968253968253968,0.2777777777777778,0.17647058823529413,0.1111111111111111,0.3888888888888889
2022,"garcía, jarlín",1019,106.8,0.21152711598605473,0.0,0.1038961038961039,0.09523809523809523,0.4117647058823529,0.42857142857142855,0.42857142857142855,0.04878048780487805,0.05084745762711865,0.34146341463414637,0.4067796610169492,0.3888888888888889,0.3902439024390244,0.05555555555555555,0.3
2022,"garrett, braxton",1440,106.6,0.20788606586137554,0.0,0.09448818897637795,0.06349206349206349,0.3125,0.3858267716535433,0.3333333333333333,0.12280701754385964,0.0891089108910891,0.3157894736842105,0.38613861386138615,0.41935483870967744,0.2631578947368421,0.0967741935483871,0.33984375
2022,"milner, hoby",1088,106.6,0.20512136780568985,0.0,0.109375,0.05714285714285714,0.2,0.515625,0.42857142857142855,0.06382978723404255,0.06779661016949153,0.40425531914893614,0.4915254237288136,0.2631578947368421,0.3617021276595745,0.05263157894736842,0.4258064516129032
2022,"bush, matt",917,106.5,0.20283534418496812,0.0,0.08064516129032258,0.043478260869565216,0.2857142857142857,0.3387096774193548,0.30434782608695654,0.1875,0.0784313725490196,0.3125,0.37254901960784315,0.3684210526315789,0.375,0.10526315789473684,0.2695035460992908
2022,"montgomery, jordan",2715,106.5,0.2042233959752966,0.1388888888888889,0.07569721115537849,0.09774436090225563,0.3333333333333333,0.36254980079681276,0.39097744360902253,0.04225352112676056,0.0502283105022831,0.36619718309859156,0.3287671232876712,0.34146341463414637,0.4014084507042254,0.0975609756097561,0.32696390658174096
2022,"garza, ralph",520,106.4,0.20115113923477052,0.16666666666666666,0.05660377358490566,0.0,0.16666666666666666,0.3018867924528302,0.21875,0.11428571428571428,0.16666666666666666,0.3142857142857143,0.4523809523809524,0.5,0.3142857142857143,0.0625,0.3333333333333333
2022,"neris, héctor",1012,106.3,0.1961984976303089,0.18181818181818182,0.08571428571428572,0.05128205128205128,0.6363636363636364,0.37142857142857144,0.4358974358974359,0.11764705882352941,0.1320754716981132,0.3235294117647059,0.2641509433962264,0.36363636363636365,0.23529411764705882,0.0,0.31891891891891894
2022,"eovaldi, nathan",1739,106.3,0.19710936625674488,0.2,0.06382978723404255,0.08235294117647059,0.4,0.31382978723404253,0.3411764705882353,0.02666666666666667,0.03968253968253968,0.3333333333333333,0.35714285714285715,0.5,0.52,0.05,0.39825581395348836
2022,"germán, domingo",1081,106.2,0.19555355553209997,0.07692307692307693,0.06779661016949153,0.10714285714285714,0.3076923076923077,0.3220338983050847,0.35714285714285715,0.10204081632653061,0.058823529411764705,0.4489795918367347,0.35294117647058826,0.3333333333333333,0.4897959183673469,0.047619047619047616,0.3351063829787234
2022,"rodón, carlos",2985,106.1,0.19030508752671044,0.08333333333333333,0.0639269406392694,0.054945054945054944,0.5,0.4246575342465753,0.3516483516483517,0.05813953488372093,0.1016949152542373,0.3953488372093023,0.4350282485875706,0.3090909090909091,0.3372093023255814,0.07272727272727272,0.3283582089552239
2022,"jiménez, dany",552,106.0,0.18832161549890958,0.3333333333333333,0.07317073170731707,0.1,0.6666666666666666,0.2682926829268293,0.5,0.05555555555555555,0.04878048780487805,0.2777777777777778,0.21951219512195122,0.08333333333333333,0.4444444444444444,0.08333333333333333,0.39622641509433965
2022,"de los santos, enyel",840,105.9,0.1839185512633802,0.18181818181818182,0.06349206349206349,0.058823529411764705,0.36363636363636365,0.31746031746031744,0.2647058823529412,0.05,0.07894736842105263,0.35,0.39473684210526316,0.4117647058823529,0.35,0.11764705882352941,0.4046242774566474
2022,"brogdon, connor",710,105.8,0.18020855965793992,0.0,0.022222222222222223,0.0,0.625,0.28888888888888886,0.43243243243243246,0.09090909090909091,0.1,0.5151515151515151,0.35,0.36363636363636365,0.30303030303030304,0.18181818181818182,0.30833333333333335
2022,"wilson, steven",874,105.7,0.17974571682600282,0.1111111111111111,0.1,0.15,0.0,0.28,0.2,0.10714285714285714,0.11320754716981132,0.4642857142857143,0.4339622641509434,0.4090909090909091,0.21428571428571427,0.045454545454545456,0.3935483870967742
2022,"mchugh, collin",1090,105.5,0.17123499458947294,0.0,0.06557377049180328,0.10256410256410256,0.5714285714285714,0.4426229508196721,0.4358974358974359,0.1282051282051282,0.07936507936507936,0.38461538461538464,0.36507936507936506,0.29411764705882354,0.28205128205128205,0.058823529411764705,0.32710280373831774
2022,"sanmartin, reiver",1039,105.4,0.16830957108762573,0.0,0.1044776119402985,0.08571428571428572,0.3076923076923077,0.417910447761194,0.42857142857142855,0.09615384615384616,0.1388888888888889,0.46153846153846156,0.3888888888888889,0.2608695652173913,0.23076923076923078,0.043478260869565216,0.3373493975903614
2022,"minter, a. j.",1111,105.4,0.16837953316526602,0.15384615384615385,0.0967741935483871,0.06060606060606061,0.46153846153846156,0.45161290322580644,0.30303030303030304,0.0,0.057692307692307696,0.41935483870967744,0.4423076923076923,0.125,0.22580645161290322,0.1875,0.34080717488789236
2022,"faedo, alex",967,105.4,0.16866860783839138,0.058823529411764705,0.1111111111111111,0.08163265306122448,0.35294117647058826,0.42424242424242425,0.46938775510204084,0.038461538461538464,0.08571428571428572,0.3076923076923077,0.32857142857142857,0.36,0.46153846153846156,0.04,0.35365853658536583
2022,"walker, taijuan",2504,105.3,0.16503863206532005,0.06451612903225806,0.0811965811965812,0.06363636363636363,0.41935483870967744,0.4230769230769231,0.4090909090909091,0.05154639175257732,0.08737864077669903,0.36082474226804123,0.3737864077669903,0.42,0.38144329896907214,0.06,0.39631336405529954
2022,"oviedo, johan",980,105.3,0.16529515823074958,0.0,0.07042253521126761,0.03225806451612903,0.4,0.323943661971831,0.41935483870967744,0.02564102564102564,0.07462686567164178,0.3333333333333333,0.3582089552238806,0.16,0.38461538461538464,0.28,0.35233160621761656
2022,"strzelecki, peter",613,105.2,0.1633314904840538,0.0,0.10810810810810811,0.05,0.3333333333333333,0.2702702702702703,0.3,0.15,0.10344827586206896,0.45,0.3793103448275862,0.14285714285714285,0.35,0.14285714285714285,0.38613861386138615
2022,"manoah, alek",2949,105.1,0.15991951976858426,0.10714285714285714,0.07569721115537849,0.0962962962962963,0.42857142857142855,0.3346613545816733,0.3333333333333333,0.08904109589041095,0.07755102040816327,0.3767123287671233,0.42857142857142855,0.34375,0.3150684931506849,0.078125,0.32007233273056057
2022,"valdez, framber",2938,105.1,0.16087284341143274,0.03333333333333333,0.0798611111111111,0.02702702702702703,0.3333333333333333,0.3715277777777778,0.2882882882882883,0.09322033898305085,0.08641975308641975,0.4152542372881356,0.4279835390946502,0.4305555555555556,0.4491525423728814,0.08333333333333333,0.3367983367983368
2022,"woodruff, brandon",2538,104.9,0.15328509065472137,0.11538461538461539,0.08205128205128205,0.0851063829787234,0.2692307692307692,0.3282051282051282,0.3723404255319149,0.10843373493975904,0.08227848101265822,0.4457831325301205,0.35443037974683544,0.3111111111111111,0.3132530120481928,0.08888888888888889,0.33962264150943394
2022,"ottavino, adam",1064,104.8,0.15012402579926803,0.25,0.07272727272727272,0.07407407407407407,0.5,0.4727272727272727,0.5555555555555556,0.07894736842105263,0.05357142857142857,0.39473684210526316,0.4107142857142857,0.2777777777777778,0.23684210526315788,0.0,0.378698224852071
2022,"cole, gerrit",3274,104.8,0.149230274465708,0.09090909090909091,0.0860655737704918,0.08130081300813008,0.4318181818181818,0.45081967213114754,0.3821138211382114,0.039603960396039604,0.07106598984771574,0.39603960396039606,0.43147208121827413,0.3333333333333333,0.31683168316831684,0.0784313725490196,0.34774774774774775
2022,"montas, frankie",2336,104.7,0.14849428454456762,0.09375,0.08465608465608465,0.06796116504854369,0.46875,0.41798941798941797,0.3592233009708738,0.09734513274336283,0.07692307692307693,0.45132743362831856,0.45604395604395603,0.23255813953488372,0.2920353982300885,0.06976744186046512,0.3400900900900901
2022,"pérez, martín",2979,104.5,0.13998597420207173,0.041666666666666664,0.09420289855072464,0.09420289855072464,0.125,0.37318840579710144,0.3188405797101449,0.10975609756097561,0.12601626016260162,0.42073170731707316,0.4186991869918699,0.4266666666666667,0.3353658536585366,0.02666666666666667,0.3642241379310345
2022,"senzatela, antonio",1521,104.4,0.13687898683245495,0.14285714285714285,0.06432748538011696,0.07692307692307693,0.35714285714285715,0.40350877192982454,0.4725274725274725,0.014925373134328358,0.058823529411764705,0.4925373134328358,0.3865546218487395,0.4,0.4626865671641791,0.04,0.3680297397769517
2022,"loáisiga, jonathan",765,104.4,0.13671781559638657,0.0,0.075,0.07142857142857142,1.0,0.45,0.35714285714285715,0.047619047619047616,0.09259259259259259,0.3333333333333333,0.37037037037037035,0.26666666666666666,0.23809523809523808,0.13333333333333333,0.32116788321167883
2022,"quintana, jose",2728,104.3,0.13508418036002418,0.038461538461538464,0.1271186440677966,0.09917355371900827,0.34615384615384615,0.4067796610169492,0.371900826446281,0.0425531914893617,0.07920792079207921,0.375886524822695,0.40594059405940597,0.4666666666666667,0.375886524822695,0.022222222222222223,0.386317907444668
2022,"freeland, kyle",2839,104.3,0.13516276337130326,0.07547169811320754,0.09554140127388536,0.11409395973154363,0.24528301886792453,0.3184713375796178,0.28859060402684567,0.10833333333333334,0.05963302752293578,0.4666666666666667,0.4036697247706422,0.43283582089552236,0.43333333333333335,0.029850746268656716,0.36726546906187624
2022,"sanchez, aaron",1008,104.3,0.13352189863817343,0.08333333333333333,0.05172413793103448,0.061224489795918366,0.3333333333333333,0.35344827586206895,0.46938775510204084,0.13793103448275862,0.06493506493506493,0.4827586206896552,0.4025974025974026,0.35294117647058826,0.3793103448275862,0.058823529411764705,0.3241758241758242
2022,"dunning, dane",2548,104.3,0.1339716605112741,0.025,0.06880733944954129,0.03571428571428571,0.325,0.3348623853211009,0.29464285714285715,0.13008130081300814,0.15706806282722513,0.44715447154471544,0.4607329842931937,0.30434782608695654,0.3008130081300813,0.08695652173913043,0.35844155844155845
2022,"cimber, adam",1048,104.3,0.13570729386824792,0.1,0.09876543209876543,0.12,0.5,0.35802469135802467,0.34,0.0425531914893617,0.05454545454545454,0.3617021276595745,0.32727272727272727,0.3684210526315789,0.5106382978723404,0.05263157894736842,0.2815533980582524
2022,"barría, jaime",1123,104.2,0.13207611589043258,0.09090909090909091,0.0782608695652174,0.05555555555555555,0.5,0.3391304347826087,0.35185185185185186,0.09615384615384616,0.0594059405940594,0.40384615384615385,0.3564356435643564,0.47368421052631576,0.3076923076923077,0.10526315789473684,0.32
2022,"burke, brock",1334,104.2,0.13234221082093436,0.0,0.0851063829787234,0.16981132075471697,0.2,0.39361702127659576,0.4716981132075472,0.11363636363636363,0.0625,0.4772727272727273,0.4125,0.30434782608695654,0.2727272727272727,0.043478260869565216,0.3705179282868526
2022,"manaea, sean",2486,104.2,0.1306914649809812,0.025,0.07569721115537849,0.09565217391304348,0.35,0.3784860557768924,0.40869565217391307,0.07865168539325842,0.10309278350515463,0.34831460674157305,0.38144329896907214,0.5510204081632653,0.33707865168539325,0.04081632653061224,0.3574380165289256
2022,"cobb, alex",2418,104.2,0.13237928142698727,0.13333333333333333,0.08962264150943396,0.0851063829787234,0.4,0.4056603773584906,0.3191489361702128,0.057692307692307696,0.08379888268156424,0.36538461538461536,0.3743016759776536,0.3953488372093023,0.33653846153846156,0.06976744186046512,0.3648293963254593
2022,"peters, dillon",634,104.0,0.12359211929318521,0.0,0.10714285714285714,0.045454545454545456,0.0,0.39285714285714285,0.36363636363636365,0.08695652173913043,0.03773584905660377,0.34782608695652173,0.4528301886792453,0.16666666666666666,0.391304347826087,0.25,0.25892857142857145
2022,"strider, spencer",2278,103.9,0.12267552722033455,0.058823529411764705,0.0916030534351145,0.1076923076923077,0.35294117647058826,0.4198473282442748,0.4,0.08823529411764706,0.08130081300813008,0.3235294117647059,0.42276422764227645,0.2608695652173913,0.39705882352941174,0.06521739130434782,0.3188720173535792
2022,"pallante, andre",1761,103.7,0.11643839758552474,0.0,0.07878787878787878,0.04477611940298507,0.3,0.4121212121212121,0.44776119402985076,0.1095890410958904,0.05555555555555555,0.3972602739726027,0.38095238095238093,0.4444444444444444,0.3698630136986301,0.1111111111111111,0.39867109634551495
2022,"quijada, josé",707,103.7,0.11533206287539018,0.1111111111111111,0.19444444444444445,0.07142857142857142,0.2222222222222222,0.3055555555555556,0.14285714285714285,0.2,0.13513513513513514,0.4,0.40540540540540543,0.375,0.1,0.0,0.3888888888888889
2022,"garcía, luis",2468,103.7,0.11439459452507938,0.09375,0.05392156862745098,0.061855670103092786,0.5625,0.45588235294117646,0.4948453608247423,0.1111111111111111,0.08376963350785341,0.40404040404040403,0.38219895287958117,0.3829787234042553,0.2727272727272727,0.0425531914893617,0.3526570048309179
2022,"fulmer, michael",1067,103.6,0.11381375524267594,0.0,0.09859154929577464,0.11363636363636363,0.5714285714285714,0.4507042253521127,0.4318181818181818,0.06451612903225806,0.07142857142857142,0.41935483870967744,0.4107142857142857,0.32,0.3548387096774194,0.04,0.3248407643312102
2022,"castillo, luis",2506,103.6,0.11344491323407421,0.08,0.0784313725490196,0.053763440860215055,0.32,0.3235294117647059,0.3010752688172043,0.0989010989010989,0.10975609756097561,0.4945054945054945,0.4024390243902439,0.36,0.32967032967032966,0.1,0.3232931726907631
2022,"beeks, jalen",999,103.3,0.10184045863212261,0.07692307692307693,0.13846153846153847,0.15384615384615385,0.3076923076923077,0.3384615384615385,0.358974358974359,0.08333333333333333,0.08771929824561403,0.3541666666666667,0.40350877192982454,0.17391304347826086,0.25,0.08695652173913043,0.44886363636363635
2022,"lorenzen, michael",1654,103.3,0.10249680765797299,0.058823529411764705,0.06976744186046512,0.06451612903225806,0.29411764705882354,0.40310077519379844,0.3225806451612903,0.15151515151515152,0.12403100775193798,0.3939393939393939,0.37209302325581395,0.3695652173913043,0.25757575757575757,0.08695652173913043,0.3745928338762215
2022,"manning, matt",990,103.2,0.10114201133281146,0.1,0.12121212121212122,0.13725490196078433,0.4,0.35353535353535354,0.43137254901960786,0.02564102564102564,0.09090909090909091,0.48717948717948717,0.38636363636363635,0.3333333333333333,0.38461538461538464,0.0,0.3027027027027027
2022,"fleming, josh",666,103.1,0.09827857855564043,0.1111111111111111,0.12162162162162163,0.07407407407407407,0.1111111111111111,0.3108108108108108,0.2222222222222222,0.037037037037037035,0.09090909090909091,0.48148148148148145,0.4727272727272727,0.5,0.5925925925925926,0.0,0.32231404958677684
2022,"waldichuk, ken",586,103.1,0.09783120180785879,0.0,0.12962962962962962,0.14814814814814814,0.18181818181818182,0.3333333333333333,0.3333333333333333,0.08,0.0851063829787234,0.56,0.425531914893617,0.3076923076923077,0.24,0.07692307692307693,0.35772357723577236
2022,"mcgee, jake",633,103.0,0.09222970987573384,0.07142857142857142,0.05357142857142857,0.12,0.35714285714285715,0.44642857142857145,0.52,0.08333333333333333,0.05263157894736842,0.2916666666666667,0.4473684210526316,0.6,0.375,0.0,0.3546099290780142
2022,"richards, garrett",708,102.8,0.08764852974210051,0.2,0.1016949152542373,0.1111111111111111,0.2,0.4067796610169492,0.4074074074074074,0.12,0.058823529411764705,0.36,0.39215686274509803,0.5714285714285714,0.2,0.0,0.2692307692307692
2022,"stammen, craig",701,102.8,0.0876680372185179,0.125,0.07692307692307693,0.03225806451612903,0.625,0.40384615384615385,0.3870967741935484,0.045454545454545456,0.05128205128205128,0.5909090909090909,0.4358974358974359,0.25,0.4090909090909091,0.08333333333333333,0.4368932038834951
2022,"hader, josh",943,102.7,0.08443498502956101,0.0,0.05405405405405406,0.15384615384615385,0.4444444444444444,0.40540540540540543,0.5384615384615384,0.14285714285714285,0.09523809523809523,0.3333333333333333,0.38095238095238093,0.24,0.23809523809523808,0.08,0.39759036144578314
2022,"ray, robbie",3047,102.6,0.08277365041783605,0.08823529411764706,0.09774436090225563,0.09016393442622951,0.29411764705882354,0.3684210526315789,0.4016393442622951,0.09523809523809523,0.0730593607305936,0.41904761904761906,0.3744292237442922,0.31343283582089554,0.3238095238095238,0.1044776119402985,0.3210702341137124
2022,"lauer, eric",2676,102.5,0.07762979660765375,0.14705882352941177,0.10087719298245613,0.125,0.35294117647058826,0.37280701754385964,0.3482142857142857,0.11320754716981132,0.06818181818181818,0.39622641509433965,0.4034090909090909,0.31666666666666665,0.29245283018867924,0.05,0.328
2022,"falter, bailey",1295,102.3,0.07038885435541856,0.0,0.04580152671755725,0.05970149253731343,0.2857142857142857,0.3511450381679389,0.34328358208955223,0.1346153846153846,0.041237113402061855,0.40384615384615385,0.3711340206185567,0.43478260869565216,0.46153846153846156,0.17391304347826086,0.3744493392070485
2022,"hernández, carlos",1039,102.1,0.0655305439883894,0.0,0.07446808510638298,0.0625,0.5,0.3829787234042553,0.3541666666666667,0.14285714285714285,0.1,0.30952380952380953,0.375,0.36666666666666664,0.30952380952380953,0.13333333333333333,0.3620689655172414
2022,"mahle, tyler",2101,102.1,0.06559421939862299,0.125,0.09876543209876543,0.07462686567164178,0.2916666666666667,0.36419753086419754,0.34328358208955223,0.09090909090909091,0.0763888888888889,0.44155844155844154,0.4027777777777778,0.23809523809523808,0.35064935064935066,0.11904761904761904,0.39335180055401664
2022,"clevinger, mike",1931,102.0,0.06260994752223045,0.03125,0.08791208791208792,0.08641975308641975,0.40625,0.4175824175824176,0.43209876543209874,0.09523809523809523,0.10738255033557047,0.3333333333333333,0.35570469798657717,0.2682926829268293,0.4642857142857143,0.07317073170731707,0.37464788732394366
2022,"ryan, joe",2391,101.9,0.05876568090566408,0.1,0.10270270270270271,0.08421052631578947,0.23333333333333334,0.3621621621621622,0.3684210526315789,0.0891089108910891,0.0972972972972973,0.39603960396039606,0.41081081081081083,0.35714285714285715,0.32673267326732675,0.08928571428571429,0.3359683794466403
2022,"lópez, reynaldo",989,101.8,0.05657670531587521,0.2857142857142857,0.09876543209876543,0.05555555555555555,0.5714285714285714,0.41975308641975306,0.5277777777777778,0.0,0.018518518518518517,0.35714285714285715,0.3148148148148148,0.5,0.5357142857142857,0.0,0.32748538011695905
2022,"alcántara, sandy",3252,101.8,0.05506025821503231,0.12903225806451613,0.08253968253968254,0.06956521739130435,0.5806451612903226,0.38412698412698415,0.391304347826087,0.05521472392638037,0.06418918918918919,0.38650306748466257,0.3918918918918919,0.42105263157894735,0.4233128834355828,0.07017543859649122,0.270516717325228
2022,"montero, rafael",1096,101.8,0.0560808531684103,0.0,0.08695652173913043,0.12121212121212122,0.2,0.4057971014492754,0.45454545454545453,0.0967741935483871,0.14814814814814814,0.45161290322580644,0.3148148148148148,0.36363636363636365,0.1935483870967742,0.09090909090909091,0.39893617021276595
2022,"sandoval, patrick",2371,101.8,0.056533543261897405,0.16666666666666666,0.07027027027027027,0.11320754716981132,0.4583333333333333,0.42162162162162165,0.42452830188679247,0.08256880733944955,0.08823529411764706,0.3302752293577982,0.38235294117647056,0.24193548387096775,0.22935779816513763,0.11290322580645161,0.3153846153846154
2022,"lyles, jordan",2988,101.7,0.05256910718964747,0.05357142857142857,0.06976744186046512,0.06578947368421052,0.5,0.37209302325581395,0.45394736842105265,0.0948905109489051,0.07407407407407407,0.36496350364963503,0.34156378600823045,0.42857142857142855,0.43795620437956206,0.08928571428571429,0.40631163708086787
2022,"miley, wade",566,101.6,0.05006977847445487,0.0,0.14,0.12,0.16666666666666666,0.3,0.44,0.05405405405405406,0.11320754716981132,0.32432432432432434,0.32075471698113206,0.26666666666666666,0.40540540540540543,0.13333333333333333,0.4657534246575342
2022,"payamps, joel",960,101.6,0.05096109730534431,0.08333333333333333,0.06172839506172839,0.09375,0.25,0.48148148148148145,0.46875,0.0,0.07246376811594203,0.4,0.463768115942029,0.4666666666666667,0.45,0.06666666666666667,0.35185185185185186
2022,"smith, drew",780,101.5,0.045753716655593316,0.0,0.03225806451612903,0.07692307692307693,0.5,0.45161290322580644,0.38461538461538464,0.1,0.05405405405405406,0.45,0.4594594594594595,0.23076923076923078,0.45,0.15384615384615385,0.3191489361702128
2022,"gott, trevor",761,101.4,0.04260527871819199,0.0,0.0851063829787234,0.041666666666666664,0.5,0.48936170212765956,0.4166666666666667,0.08695652173913043,0.10204081632653061,0.4782608695652174,0.4489795918367347,0.3076923076923077,0.34782608695652173,0.07692307692307693,0.35294117647058826
2022,"plesac, zach",2153,101.4,0.0436156392967863,0.07894736842105263,0.046511627906976744,0.09401709401709402,0.5789473684210527,0.39069767441860465,0.38461538461538464,0.0898876404494382,0.07692307692307693,0.39325842696629215,0.3626373626373626,0.42857142857142855,0.449438202247191,0.07142857142857142,0.335632183908046
2022,"okert, steven",976,101.4,0.043536243005651155,0.0,0.04878048780487805,0.0,0.0,0.34146341463414637,0.23809523809523808,0.2692307692307692,0.10810810810810811,0.5384615384615384,0.4864864864864865,0.14285714285714285,0.2692307692307692,0.21428571428571427,0.36464088397790057
2022,"de jong, chase",1178,101.3,0.039061537051201516,0.0625,0.1,0.08108108108108109,0.3125,0.4,0.32432432432432434,0.125,0.14285714285714285,0.325,0.36904761904761907,0.30303030303030304,0.4,0.06060606060606061,0.35751295336787564
2022,"logue, zach",1022,101.2,0.03763698691024165,0.043478260869565216,0.08571428571428572,0.02,0.4782608695652174,0.4095238095238095,0.36,0.047619047619047616,0.04938271604938271,0.5952380952380952,0.49382716049382713,0.47368421052631576,0.35714285714285715,0.10526315789473684,0.33678756476683935
2022,"skubal, tarik",1914,101.2,0.03731139146568401,0.2222222222222222,0.07058823529411765,0.11594202898550725,0.3333333333333333,0.36470588235294116,0.4057971014492754,0.08450704225352113,0.06015037593984962,0.323943661971831,0.3308270676691729,0.40625,0.4225352112676056,0.0625,0.3671875
2022,"berríos, josé",2721,101.1,0.033424120666072726,0.16,0.07973421926910298,0.08108108108108109,0.4,0.3554817275747508,0.38513513513513514,0.1206896551724138,0.09090909090909091,0.3879310344827586,0.34545454545454546,0.39622641509433965,0.3706896551724138,0.05660377358490566,0.3135245901639344
2022,"gilbert, tyler",568,101.1,0.032747876951765634,0.23076923076923078,0.07692307692307693,0.058823529411764705,0.46153846153846156,0.4,0.35294117647058826,0.037037037037037035,0.06976744186046512,0.3333333333333333,0.3953488372093023,0.625,0.5185185185185185,0.0,0.22115384615384615
2022,"tepera, ryan",892,100.9,0.029001548584240474,0.0,0.09259259259259259,0.2222222222222222,0.2,0.35185185185185186,0.2962962962962963,0.07142857142857142,0.05357142857142857,0.32142857142857145,0.3392857142857143,0.4117647058823529,0.42857142857142855,0.11764705882352941,0.3870967741935484
2022,"odorizzi, jake",1799,100.8,0.023845772299298445,0.08695652173913043,0.07792207792207792,0.047619047619047616,0.5652173913043478,0.45454545454545453,0.40476190476190477,0.08536585365853659,0.09219858156028368,0.47560975609756095,0.40425531914893614,0.24242424242424243,0.2804878048780488,0.12121212121212122,0.3567567567567568
2022,"schmidt, clarke",938,100.8,0.02584305899125815,0.0,0.09210526315789473,0.08571428571428572,0.35714285714285715,0.39473684210526316,0.37142857142857144,0.06060606060606061,0.14035087719298245,0.42424242424242425,0.38596491228070173,0.2777777777777778,0.3939393939393939,0.1111111111111111,0.39263803680981596
2022,"giolito, lucas",2757,100.7,0.021574353261371776,0.030303030303030304,0.11065573770491803,0.11811023622047244,0.24242424242424243,0.36065573770491804,0.4015748031496063,0.08108108108108109,0.07567567567567568,0.4144144144144144,0.34594594594594597,0.36065573770491804,0.38738738738738737,0.11475409836065574,0.3291139240506329
2022,"baumann, mike",580,100.5,0.01637201789725224,0.0,0.04411764705882353,0.043478260869565216,0.5,0.4411764705882353,0.34782608695652173,0.1,0.06382978723404255,0.5,0.40425531914893614,0.4444444444444444,0.5,0.1111111111111111,0.31451612903225806
2022,"pivetta, nick",3082,100.4,0.010816676489654464,0.0851063829787234,0.09060402684563758,0.072992700729927,0.425531914893617,0.40939597315436244,0.38686131386861317,0.07216494845360824,0.08866995073891626,0.3402061855670103,0.3891625615763547,0.3150684931506849,0.44329896907216493,0.1095890410958904,0.3433333333333333
2022,"greene, hunter",2200,100.4,0.010898998688297303,0.07142857142857142,0.13125,0.06741573033707865,0.35714285714285715,0.36875,0.3595505617977528,0.140625,0.08888888888888889,0.390625,0.34814814814814815,0.3090909090909091,0.28125,0.10909090909090909,0.39285714285714285
2022,"flexen, chris",2212,100.3,0.008543879944767184,0.05263157894736842,0.08035714285714286,0.0761904761904762,0.47368421052631576,0.4330357142857143,0.4380952380952381,0.09523809523809523,0.09574468085106383,0.44761904761904764,0.44680851063829785,0.375,0.37142857142857144,0.041666666666666664,0.37279596977329976
2022,"keller, mitch",2665,100.3,0.010581128086693124,0.058823529411764705,0.0860655737704918,0.06611570247933884,0.5294117647058824,0.38934426229508196,0.34710743801652894,0.08870967741935484,0.12041884816753927,0.3790322580645161,0.43455497382198954,0.43478260869565216,0.3225806451612903,0.07246376811594203,0.35654008438818563
2022,"gibson, kyle",2739,100.2,0.005815438859796627,0.10256410256410256,0.08984375,0.06060606060606061,0.41025641025641024,0.421875,0.44696969696969696,0.056451612903225805,0.0660377358490566,0.3548387096774194,0.4009433962264151,0.3076923076923077,0.4112903225806452,0.1346153846153846,0.3686440677966102
2022,"warren, art",659,100.1,0.003832598704225102,0.18181818181818182,0.125,0.14285714285714285,0.36363636363636365,0.3958333333333333,0.42857142857142855,0.0,0.09090909090909091,0.45454545454545453,0.42424242424242425,0.3181818181818182,0.2727272727272727,0.045454545454545456,0.3235294117647059
2022,"thompson, zach",2080,100.1,0.004358283070629078,0.25,0.10256410256410256,0.0990990990990991,0.4583333333333333,0.4256410256410256,0.3963963963963964,0.09803921568627451,0.08552631578947369,0.3333333333333333,0.39473684210526316,0.32608695652173914,0.35294117647058826,0.0,0.3768545994065282
2022,"bautista, félix",996,99.9,-0.001963061181012679,0.09090909090909091,0.044444444444444446,0.19230769230769232,0.36363636363636365,0.3333333333333333,0.5,0.17647058823529413,0.10638297872340426,0.5294117647058824,0.3617021276595745,0.2608695652173913,0.29411764705882354,0.0,0.3403141361256545
2022,"rucker, michael",914,99.9,-0.0036941438931333863,0.16666666666666666,0.09090909090909091,0.12121212121212122,0.4166666666666667,0.4393939393939394,0.42424242424242425,0.037037037037037035,0.06557377049180328,0.48148148148148145,0.4918032786885246,0.4,0.37037037037037035,0.0,0.3493975903614458
2022,"gallen, zac",2935,99.8,-0.00611245624865475,0.11428571428571428,0.06334841628959276,0.04807692307692308,0.4,0.4434389140271493,0.41346153846153844,0.10084033613445378,0.107981220657277,0.35294117647058826,0.4131455399061033,0.29310344827586204,0.4117647058823529,0.10344827586206896,0.35785953177257523
2022,"edwards, carl",1014,99.7,-0.010858502617054192,0.125,0.1388888888888889,0.125,0.5,0.4583333333333333,0.5,0.08571428571428572,0.09523809523809523,0.11428571428571428,0.3492063492063492,0.30434782608695654,0.34285714285714286,0.043478260869565216,0.328125
2022,"bumgarner, madison",2715,99.7,-0.009201847969089448,0.058823529411764705,0.08741258741258741,0.0945945945945946,0.37254901960784315,0.38461538461538464,0.3783783783783784,0.07079646017699115,0.0787037037037037,0.415929203539823,0.4027777777777778,0.32142857142857145,0.4247787610619469,0.125,0.34814814814814815
2022,"martinez, adrián",1017,99.6,-0.014138963857833715,0.05555555555555555,0.07865168539325842,0.06896551724137931,0.4444444444444444,0.3707865168539326,0.41379310344827586,0.0851063829787234,0.07792207792207792,0.425531914893617,0.42857142857142855,0.23809523809523808,0.44680851063829785,0.14285714285714285,0.3241758241758242
2022,"minor, mike",1766,99.6,-0.013450534335437843,0.07692307692307693,0.12195121951219512,0.10465116279069768,0.34615384615384615,0.4024390243902439,0.3488372093023256,0.06172839506172839,0.10759493670886076,0.3950617283950617,0.3987341772151899,0.35714285714285715,0.37037037037037035,0.07142857142857142,0.36774193548387096
2022,"smeltzer, devin",1129,99.6,-0.013296405638107713,0.07142857142857142,0.04504504504504504,0.061224489795918366,0.35714285714285715,0.44144144144144143,0.42857142857142855,0.09090909090909091,0.09433962264150944,0.36363636363636365,0.4339622641509434,0.42105263157894735,0.2727272727272727,0.15789473684210525,0.33004926108374383
2022,"danish, tyler",664,99.4,-0.01760124669645811,0.0,0.06666666666666667,0.08571428571428572,0.36363636363636365,0.43333333333333335,0.4857142857142857,0.15384615384615385,0.06666666666666667,0.5,0.4666666666666667,0.23076923076923078,0.4230769230769231,0.07692307692307693,0.36363636363636365
2022,"abreu, bryan",984,99.3,-0.022419376469051806,0.0,0.16666666666666666,0.10344827586206896,0.0,0.47619047619047616,0.5172413793103449,0.1111111111111111,0.1388888888888889,0.3611111111111111,0.5,0.25925925925925924,0.19444444444444445,0.037037037037037035,0.4011627906976744
2022,"sánchez, cristopher",666,98.9,-0.03456386176991955,0.125,0.1,0.04,0.25,0.38,0.28,0.17857142857142858,0.1276595744680851,0.4642857142857143,0.5106382978723404,0.3,0.32142857142857145,0.05,0.29411764705882354
2022,"long, sam",740,98.8,-0.03937240881614554,0.1111111111111111,0.1016949152542373,0.0967741935483871,0.5555555555555556,0.4406779661016949,0.45161290322580644,0.03225806451612903,0.10204081632653061,0.22580645161290322,0.24489795918367346,0.46153846153846156,0.25806451612903225,0.15384615384615385,0.36065573770491804
2022,"alvarado, josé",892,98.5,-0.04734675409385721,0.0,0.16216216216216217,0.18181818181818182,0.8,0.3783783783783784,0.5454545454545454,0.0,0.03571428571428571,0.42857142857142855,0.2857142857142857,0.2,0.38095238095238093,0.1,0.3724137931034483
2022,"feltner, ryan",1675,98.2,-0.05552520340493985,0.0,0.08433734939759036,0.09859154929577464,0.375,0.3855421686746988,0.4788732394366197,0.14754098360655737,0.11764705882352941,0.4426229508196721,0.37815126050420167,0.2777777777777778,0.45901639344262296,0.05555555555555555,0.32679738562091504
2022,"cessa, luis",1235,98.1,-0.06116998718970373,0.09523809523809523,0.0703125,0.08771929824561403,0.5238095238095238,0.421875,0.47368421052631576,0.08888888888888889,0.09090909090909091,0.4222222222222222,0.32954545454545453,0.41379310344827586,0.5111111111111111,0.034482758620689655,0.4517766497461929
2022,"leclerc, josé",782,98.0,-0.06320231183438922,0.125,0.08163265306122448,0.07692307692307693,0.125,0.3673469387755102,0.38461538461538464,0.18181818181818182,0.13725490196078433,0.5151515151515151,0.35294117647058826,0.25,0.30303030303030304,0.08333333333333333,0.4690265486725664
2022,"leone, dominic",844,98.0,-0.06424025823468238,0.14285714285714285,0.1044776119402985,0.10810810810810811,0.42857142857142855,0.40298507462686567,0.2972972972972973,0.043478260869565216,0.0,0.391304347826087,0.3111111111111111,0.2857142857142857,0.4782608695652174,0.21428571428571427,0.3448275862068966
2022,"holmes, clay",986,98.0,-0.06419159230858504,0.0,0.125,0.05,0.6666666666666666,0.359375,0.35,0.06666666666666667,0.1,0.4,0.43333333333333335,0.4230769230769231,0.26666666666666666,0.15384615384615385,0.27631578947368424
2022,"wells, tyler",1649,97.8,-0.07078408012326236,0.08333333333333333,0.08666666666666667,0.07575757575757576,0.4166666666666667,0.46,0.36363636363636365,0.08045977011494253,0.08666666666666667,0.3333333333333333,0.38,0.27586206896551724,0.3793103448275862,0.1724137931034483,0.34967320261437906
2022,"snell, blake",2341,97.8,-0.07001414753065,0.047619047619047616,0.1,0.15853658536585366,0.38095238095238093,0.4,0.36585365853658536,0.10344827586206896,0.06923076923076923,0.41379310344827586,0.3769230769230769,0.2692307692307692,0.3103448275862069,0.1346153846153846,0.38181818181818183
2022,"hutchison, drew",1763,97.8,-0.07029661690365306,0.06896551724137931,0.09326424870466321,0.08791208791208792,0.3793103448275862,0.35751295336787564,0.32967032967032966,0.0684931506849315,0.08333333333333333,0.4246575342465753,0.3888888888888889,0.3,0.5616438356164384,0.125,0.4253968253968254
2022,"díaz, alexis",1089,97.7,-0.07319334100337721,0.125,0.10638297872340426,0.11764705882352941,0.375,0.40425531914893614,0.5882352941176471,0.10344827586206896,0.11764705882352941,0.3448275862068966,0.3137254901960784,0.22857142857142856,0.10344827586206896,0.14285714285714285,0.33
2022,"suter, brent",1070,97.7,-0.07401308050613849,0.18181818181818182,0.1076923076923077,0.12195121951219512,0.2727272727272727,0.36923076923076925,0.3170731707317073,0.1111111111111111,0.11764705882352941,0.37037037037037035,0.36764705882352944,0.36,0.3888888888888889,0.04,0.43859649122807015
2022,"liberatore, matthew",650,97.5,-0.0789995150470558,0.1,0.11290322580645161,0.0967741935483871,0.4,0.5483870967741935,0.3870967741935484,0.09090909090909091,0.10869565217391304,0.22727272727272727,0.5434782608695652,0.4117647058823529,0.36363636363636365,0.0,0.3944954128440367
2022,"wick, rowan",1161,97.4,-0.08292269786996123,0.058823529411764705,0.10588235294117647,0.09090909090909091,0.4117647058823529,0.5058823529411764,0.4727272727272727,0.15,0.09433962264150944,0.3,0.37735849056603776,0.19230769230769232,0.3,0.11538461538461539,0.3393665158371041
2022,"winckowski, josh",1197,97.4,-0.08145023198591932,0.043478260869565216,0.10218978102189781,0.14545454545454545,0.4782608695652174,0.44525547445255476,0.38181818181818183,0.038461538461538464,0.05660377358490566,0.4230769230769231,0.41509433962264153,0.5185185185185185,0.36538461538461536,0.07407407407407407,0.35384615384615387
2022,"brieske, beau",1287,97.4,-0.08315483036596086,0.11538461538461539,0.08396946564885496,0.1267605633802817,0.3076923076923077,0.42748091603053434,0.4084507042253521,0.07692307692307693,0.07142857142857142,0.4461538461538462,0.4387755102040816,0.34615384615384615,0.4153846153846154,0.07692307692307693,0.3284671532846715
2022,"schreiber, john",1020,97.3,-0.08647405783314255,0.14285714285714285,0.1076923076923077,0.0,0.5714285714285714,0.5230769230769231,0.35294117647058826,0.075,0.11363636363636363,0.375,0.4772727272727273,0.391304347826087,0.3,0.08695652173913043,0.2611464968152866
2022,"gomber, austin",2063,97.2,-0.08770726325525258,0.11764705882352941,0.09090909090909091,0.12,0.4117647058823529,0.4393939393939394,0.42,0.06060606060606061,0.06976744186046512,0.3838383838383838,0.4186046511627907,0.59375,0.37373737373737376,0.03125,0.3507853403141361
2022,"gray, sonny",1872,97.2,-0.08700031258536448,0.05555555555555555,0.0783132530120482,0.1038961038961039,0.4444444444444444,0.42168674698795183,0.44155844155844154,0.10588235294117647,0.056,0.35294117647058826,0.4,0.4523809523809524,0.36470588235294116,0.11904761904761904,0.36
2022,"crawford, kutter",1297,97.2,-0.0870542910822238,0.1111111111111111,0.07563025210084033,0.08333333333333333,0.5555555555555556,0.3865546218487395,0.3333333333333333,0.08888888888888889,0.08888888888888889,0.3111111111111111,0.4,0.4642857142857143,0.4222222222222222,0.10714285714285714,0.36637931034482757
2022,"rogers, taylor",1093,97.2,-0.08965651315915148,0.0,0.16666666666666666,0.1111111111111111,0.5714285714285714,0.31666666666666665,0.3333333333333333,0.06896551724137931,0.1111111111111111,0.3448275862068966,0.3333333333333333,0.23076923076923078,0.3793103448275862,0.15384615384615385,0.31097560975609756
2022,"rodríguez, eduardo",1469,97.1,-0.09133230017939759,0.05,0.08333333333333333,0.1267605633802817,0.3,0.3409090909090909,0.3380281690140845,0.06578947368421052,0.0873015873015873,0.42105263157894735,0.3888888888888889,0.2903225806451613,0.39473684210526316,0.1935483870967742,0.4092526690391459
2022,"houser, adrian",1852,97.1,-0.09123604536466262,0.0,0.08522727272727272,0.07317073170731707,0.3157894736842105,0.4431818181818182,0.4024390243902439,0.125,0.09923664122137404,0.4659090909090909,0.3969465648854962,0.45454545454545453,0.38636363636363635,0.09090909090909091,0.396875
2022,"hill, tim",749,97.0,-0.0956770014796252,0.0,0.11666666666666667,0.09090909090909091,1.0,0.4166666666666667,0.5909090909090909,0.0,0.020833333333333332,0.5,0.3333333333333333,0.1875,0.35714285714285715,0.1875,0.3382352941176471
2022,"detmers, reid",2083,97.0,-0.09485936246547101,0.1111111111111111,0.08196721311475409,0.07142857142857142,0.2962962962962963,0.4207650273224044,0.4642857142857143,0.08571428571428572,0.1,0.42857142857142855,0.37142857142857144,0.4,0.4,0.1,0.3594936708860759
2022,"ashby, aaron",1878,96.9,-0.09764740567047654,0.05555555555555555,0.13846153846153847,0.1044776119402985,0.5555555555555556,0.35384615384615387,0.373134328358209,0.024390243902439025,0.08130081300813008,0.3902439024390244,0.3902439024390244,0.2692307692307692,0.2926829268292683,0.19230769230769232,0.3894736842105263
2022,"puk, a. j.",1084,96.8,-0.10015880816674295,0.1111111111111111,0.10344827586206896,0.05714285714285714,0.3333333333333333,0.43103448275862066,0.4857142857142857,0.13953488372093023,0.14035087719298245,0.3023255813953488,0.3333333333333333,0.25,0.3488372093023256,0.10714285714285714,0.2925531914893617
2022,"stephens, jackson",960,96.7,-0.10526915219001715,0.2857142857142857,0.09375,0.16666666666666666,0.42857142857142855,0.40625,0.43333333333333335,0.08571428571428572,0.09803921568627451,0.42857142857142855,0.47058823529411764,0.09090909090909091,0.37142857142857144,0.0,0.3979591836734694
2022,"espino, paolo",1873,96.7,-0.10439722982754815,0.07407407407407407,0.06666666666666667,0.06521739130434782,0.37037037037037035,0.4461538461538462,0.42391304347826086,0.012345679012345678,0.056,0.38271604938271603,0.464,0.4090909090909091,0.48148148148148145,0.18181818181818182,0.410958904109589
2022,"cease, dylan",3125,96.6,-0.10699476505197801,0.11538461538461539,0.09900990099009901,0.0963855421686747,0.46153846153846156,0.4207920792079208,0.39759036144578314,0.11016949152542373,0.11737089201877934,0.3813559322033898,0.431924882629108,0.32894736842105265,0.23728813559322035,0.09210526315789473,0.3915441176470588
2022,"alexander, jason",1160,96.5,-0.1107307308684078,0.05263157894736842,0.06923076923076923,0.1016949152542373,0.5263157894736842,0.2923076923076923,0.3898305084745763,0.12727272727272726,0.08163265306122448,0.36363636363636365,0.3163265306122449,0.53125,0.43636363636363634,0.125,0.34911242603550297
2022,"martínez, nick",1720,96.5,-0.11132546714882266,0.13636363636363635,0.128,0.09859154929577464,0.36363636363636365,0.392,0.29577464788732394,0.09876543209876543,0.1349206349206349,0.41975308641975306,0.373015873015873,0.29545454545454547,0.37037037037037035,0.06818181818181818,0.3741496598639456
2022,"wilson, bryse",1827,96.4,-0.11297969649996893,0.03571428571428571,0.08372093023255814,0.08823529411764706,0.6428571428571429,0.42790697674418604,0.46078431372549017,0.07894736842105263,0.05185185185185185,0.4473684210526316,0.34814814814814815,0.46153846153846156,0.4473684210526316,0.10256410256410256,0.3211009174311927
2022,"severino, luis",1639,96.2,-0.11943966123068862,0.1111111111111111,0.08759124087591241,0.18518518518518517,0.5555555555555556,0.35036496350364965,0.4444444444444444,0.1016949152542373,0.1111111111111111,0.288135593220339,0.2905982905982906,0.45454545454545453,0.3050847457627119,0.06060606060606061,0.371875
2022,"fedde, erick",2420,96.2,-0.11822401918996989,0.030303030303030304,0.08260869565217391,0.09401709401709402,0.36363636363636365,0.391304347826087,0.4017094017094017,0.12371134020618557,0.09815950920245399,0.36082474226804123,0.37423312883435583,0.42592592592592593,0.44329896907216493,0.1111111111111111,0.4085510688836104
2022,"weaver, luke",721,96.0,-0.12590823187186795,0.0,0.03125,0.08333333333333333,0.6666666666666666,0.453125,0.3888888888888889,0.09090909090909091,0.08333333333333333,0.36363636363636365,0.4166666666666667,0.42857142857142855,0.5,0.14285714285714285,0.3352601156069364
2022,"ramirez, noé",845,96.0,-0.12649330829538014,0.16666666666666666,0.11320754716981132,0.09090909090909091,0.3333333333333333,0.41509433962264153,0.3181818181818182,0.0967741935483871,0.14634146341463414,0.3870967741935484,0.43902439024390244,0.2608695652173913,0.2903225806451613,0.08695652173913043,0.3959731543624161
2022,"nelson, nick",1204,95.8,-0.13160759251915477,0.0,0.13095238095238096,0.13043478260869565,0.2857142857142857,0.36904761904761907,0.391304347826087,0.13333333333333333,0.10810810810810811,0.37777777777777777,0.3783783783783784,0.2777777777777778,0.2222222222222222,0.16666666666666666,0.3793103448275862
2022,"lynch, daniel",2443,95.8,-0.13060939195680799,0.11764705882352941,0.06639004149377593,0.09482758620689655,0.4117647058823529,0.38589211618257263,0.3879310344827586,0.10465116279069768,0.09815950920245399,0.37209302325581395,0.3803680981595092,0.39622641509433965,0.5,0.09433962264150944,0.35403726708074534
2022,"winder, josh",1114,95.8,-0.13159024285000476,0.13636363636363635,0.06306306306306306,0.07017543859649122,0.5,0.4144144144144144,0.42105263157894735,0.07272727272727272,0.10112359550561797,0.34545454545454546,0.4044943820224719,0.5217391304347826,0.41818181818181815,0.08695652173913043,0.422680412371134
2022,"stratton, chris",1104,95.7,-0.1348848080164878,0.0,0.054945054945054944,0.041666666666666664,0.7777777777777778,0.42857142857142855,0.4166666666666667,0.06060606060606061,0.06666666666666667,0.30303030303030304,0.3111111111111111,0.30434782608695654,0.5151515151515151,0.2608695652173913,0.34183673469387754
2022,"duffey, tyler",742,95.7,-0.134968340974252,0.18181818181818182,0.1111111111111111,0.1282051282051282,0.5454545454545454,0.42592592592592593,0.38461538461538464,0.047619047619047616,0.029411764705882353,0.2857142857142857,0.38235294117647056,0.3333333333333333,0.42857142857142855,0.13333333333333333,0.38461538461538464
2022,"buehler, walker",1046,95.6,-0.13690525027946884,0.0,0.050505050505050504,0.12244897959183673,0.6666666666666666,0.41414141414141414,0.5102040816326531,0.14285714285714285,0.07407407407407407,0.48214285714285715,0.3950617283950617,0.5263157894736842,0.32142857142857145,0.05263157894736842,0.38144329896907214
2022,"graveman, kendall",1043,95.3,-0.14928829643428942,0.125,0.04285714285714286,0.07142857142857142,0.625,0.5,0.40476190476190477,0.13513513513513514,0.125,0.43243243243243246,0.375,0.36,0.32432432432432434,0.08,0.34838709677419355
2022,"loup, aaron",940,95.3,-0.14899508539062997,0.25,0.13432835820895522,0.05714285714285714,0.375,0.3880597014925373,0.34285714285714286,0.06451612903225806,0.06521739130434782,0.5483870967741935,0.45652173913043476,0.3157894736842105,0.45161290322580644,0.05263157894736842,0.2988505747126437
2022,"bickford, phil",990,95.1,-0.15300640140725094,0.15789473684210525,0.09230769230769231,0.14285714285714285,0.5263157894736842,0.4307692307692308,0.4,0.16666666666666666,0.06779661016949153,0.3333333333333333,0.3220338983050847,0.375,0.3333333333333333,0.0625,0.2904761904761905
2022,"tate, dillon",1085,94.7,-0.16562931952500543,0.1111111111111111,0.06382978723404255,0.05555555555555555,0.4444444444444444,0.32978723404255317,0.4444444444444444,0.08888888888888889,0.06493506493506493,0.35555555555555557,0.3116883116883117,0.1875,0.4,0.3125,0.33505154639175255
2022,"lodolo, nick",1779,94.5,-0.17129890392765215,0.08695652173913043,0.1092436974789916,0.10294117647058823,0.17391304347826086,0.3025210084033613,0.3088235294117647,0.12903225806451613,0.11,0.3064516129032258,0.35,0.23214285714285715,0.2903225806451613,0.26785714285714285,0.3684210526315789
2022,"mccullers, lance",759,94.3,-0.17842832185834992,0.0,0.09259259259259259,0.1,0.5,0.5370370370370371,0.43333333333333335,0.16666666666666666,0.1320754716981132,0.4444444444444444,0.4716981132075472,0.18181818181818182,0.3611111111111111,0.045454545454545456,0.4051724137931034
2022,"ashcraft, graham",1760,94.3,-0.17910124310511213,0.2,0.08484848484848485,0.0641025641025641,0.5333333333333333,0.38181818181818183,0.358974358974359,0.08247422680412371,0.07547169811320754,0.4329896907216495,0.4591194968553459,0.48484848484848486,0.38144329896907214,0.09090909090909091,0.3037249283667622
2022,"peralta, freddy",1353,93.9,-0.19198862590147187,0.16666666666666666,0.06666666666666667,0.06060606060606061,0.3333333333333333,0.4222222222222222,0.45454545454545453,0.125,0.08333333333333333,0.5178571428571429,0.3958333333333333,0.2857142857142857,0.35714285714285715,0.14285714285714285,0.4074074074074074
2022,"ureña, josé",1622,93.9,-0.19268618347907443,0.0,0.1069182389937107,0.06493506493506493,0.47619047619047616,0.4088050314465409,0.4025974025974026,0.14473684210526316,0.12781954887218044,0.3815789473684211,0.42857142857142855,0.40476190476190477,0.3815789473684211,0.09523809523809523,0.43214285714285716
2022,"nance, tommy",763,93.8,-0.19578609098462993,0.2,0.11904761904761904,0.06666666666666667,0.0,0.42857142857142855,0.36666666666666664,0.08695652173913043,0.12903225806451613,0.34782608695652173,0.45161290322580644,0.2727272727272727,0.2608695652173913,0.18181818181818182,0.3448275862068966
2022,"farmer, buck",855,93.8,-0.19550262702872379,0.16666666666666666,0.15217391304347827,0.14814814814814814,0.3333333333333333,0.3695652173913043,0.4074074074074074,0.22727272727272727,0.06976744186046512,0.36363636363636365,0.3023255813953488,0.30434782608695654,0.2727272727272727,0.043478260869565216,0.3581081081081081
2022,"estévez, carlos",1025,93.4,-0.20816955842121346,0.125,0.11594202898550725,0.034482758620689655,0.5,0.37681159420289856,0.3448275862068966,0.13636363636363635,0.1320754716981132,0.5,0.41509433962264153,0.3181818181818182,0.36363636363636365,0.09090909090909091,0.4297520661157025
2022,"strahm, matt",768,93.2,-0.21329276122501187,0.125,0.13333333333333333,0.16666666666666666,0.5,0.28888888888888886,0.375,0.05555555555555555,0.05,0.4444444444444444,0.45,0.21052631578947367,0.5555555555555556,0.10526315789473684,0.3081761006289308
2022,"suárez, ranger",2564,92.9,-0.2228906396931145,0.22580645161290322,0.10648148148148148,0.11,0.3870967741935484,0.3888888888888889,0.38,0.07142857142857142,0.09615384615384616,0.42063492063492064,0.47596153846153844,0.3728813559322034,0.373015873015873,0.06779661016949153,0.39545454545454545
2022,"swarmer, matt",658,92.7,-0.22830792703497726,0.15384615384615385,0.07017543859649122,0.11538461538461539,0.3076923076923077,0.42105263157894735,0.4230769230769231,0.05555555555555555,0.046511627906976744,0.5555555555555556,0.4186046511627907,0.375,0.5,0.125,0.4230769230769231
2022,"melancon, mark",894,92.7,-0.2279734664702192,0.0,0.10843373493975904,0.14634146341463414,0.4,0.40963855421686746,0.43902439024390244,0.06666666666666667,0.07692307692307693,0.5,0.4230769230769231,0.3684210526315789,0.4666666666666667,0.10526315789473684,0.4305555555555556
2022,"vesia, alex",955,92.4,-0.2371204173194851,0.0,0.14893617021276595,0.10344827586206896,0.5,0.40425531914893614,0.5862068965517241,0.08333333333333333,0.12903225806451613,0.4166666666666667,0.25806451612903225,0.22727272727272727,0.25,0.18181818181818182,0.31666666666666665
2022,"luzardo, jesús",1644,92.3,-0.2423252396976827,0.14285714285714285,0.11965811965811966,0.11290322580645161,0.42857142857142855,0.39316239316239315,0.3548387096774194,0.14545454545454545,0.14563106796116504,0.38181818181818183,0.39805825242718446,0.37142857142857144,0.2909090909090909,0.05714285714285714,0.39925373134328357
2022,"snead, kirby",792,92.2,-0.24356536257160738,0.1111111111111111,0.046153846153846156,0.08571428571428572,0.3333333333333333,0.3230769230769231,0.5714285714285714,0.12903225806451613,0.08695652173913043,0.5806451612903226,0.3695652173913043,0.47368421052631576,0.25806451612903225,0.15789473684210525,0.42857142857142855
2022,"stanek, ryne",899,92.2,-0.2438350163001177,0.25,0.10638297872340426,0.08333333333333333,0.5,0.44680851063829785,0.3333333333333333,0.14285714285714285,0.14893617021276595,0.47619047619047616,0.48936170212765956,0.3793103448275862,0.19047619047619047,0.0,0.4444444444444444
2022,"contreras, roansy",1591,92.2,-0.2440926664884137,0.13793103448275862,0.10256410256410256,0.12307692307692308,0.4482758620689655,0.358974358974359,0.36923076923076925,0.1509433962264151,0.10344827586206896,0.41509433962264153,0.3879310344827586,0.40540540540540543,0.33962264150943394,0.08108108108108109,0.3787878787878788
2022,"sánchez, aníbal",1240,92.1,-0.2486981206636694,0.13333333333333333,0.05825242718446602,0.06382978723404255,0.4,0.3883495145631068,0.3617021276595745,0.20754716981132076,0.14772727272727273,0.5094339622641509,0.42045454545454547,0.37142857142857144,0.37735849056603776,0.05714285714285714,0.3803418803418803
2022,"marte, yunior",856,92.1,-0.24954555523824146,0.0,0.13559322033898305,0.1724137931034483,0.4,0.4406779661016949,0.4827586206896552,0.14285714285714285,0.10638297872340426,0.3142857142857143,0.3617021276595745,0.36,0.3142857142857143,0.08,0.3860759493670886
2022,"leiter, mark",1094,91.6,-0.2645577132787577,0.2,0.07317073170731707,0.07692307692307693,0.7,0.4024390243902439,0.46153846153846156,0.15217391304347827,0.10144927536231885,0.45652173913043476,0.463768115942029,0.41379310344827586,0.30434782608695654,0.034482758620689655,0.3924050632911392
2022,"moronta, reyes",643,91.4,-0.27002654613836774,0.14285714285714285,0.07894736842105263,0.058823529411764705,0.2857142857142857,0.3157894736842105,0.35294117647058826,0.14814814814814814,0.075,0.5925925925925926,0.425,0.17647058823529413,0.37037037037037035,0.23529411764705882,0.42452830188679247
2022,"morán, jovani",672,91.3,-0.27215725697268617,0.0,0.13333333333333333,0.08333333333333333,0.3333333333333333,0.36666666666666664,0.4166666666666667,0.07692307692307693,0.14285714285714285,0.5,0.4857142857142857,0.3125,0.23076923076923078,0.1875,0.3333333333333333
2022,"colomé, alex",808,91.3,-0.2734706058760081,0.09090909090909091,0.08108108108108109,0.07692307692307693,0.45454545454545453,0.5135135135135135,0.48717948717948717,0.07407407407407407,0.10256410256410256,0.3333333333333333,0.5641025641025641,0.5263157894736842,0.25925925925925924,0.10526315789473684,0.4222222222222222
2022,"foley, jason",961,91.3,-0.2741090339175139,0.125,0.05263157894736842,0.06976744186046512,0.375,0.43157894736842106,0.46511627906976744,0.09090909090909091,0.06896551724137931,0.48484848484848486,0.3620689655172414,0.4166666666666667,0.5151515151515151,0.16666666666666666,0.3251231527093596
2022,"hill, garrett",1019,91.2,-0.2748914399594888,0.11764705882352941,0.1111111111111111,0.125,0.29411764705882354,0.4444444444444444,0.4583333333333333,0.13333333333333333,0.12345679012345678,0.3111111111111111,0.37037037037037035,0.5151515151515151,0.4222222222222222,0.030303030303030304,0.34408602150537637
2022,"smith, caleb",1236,91.1,-0.280229416289305,0.18181818181818182,0.18421052631578946,0.16666666666666666,0.18181818181818182,0.3684210526315789,0.2857142857142857,0.061224489795918366,0.16049382716049382,0.3673469387755102,0.3950617283950617,0.3333333333333333,0.24489795918367346,0.08333333333333333,0.3869565217391304
2022,"kimbrel, craig",1085,91.0,-0.2822858696825046,0.09090909090909091,0.14492753623188406,0.18518518518518517,0.5454545454545454,0.391304347826087,0.37037037037037035,0.09090909090909091,0.06818181818181818,0.36363636363636365,0.2727272727272727,0.35714285714285715,0.45454545454545453,0.10714285714285714,0.3439153439153439
2022,"hearn, taylor",1787,91.0,-0.282971819195748,0.13793103448275862,0.13924050632911392,0.11392405063291139,0.5172413793103449,0.41139240506329117,0.43037974683544306,0.09090909090909091,0.11016949152542373,0.3333333333333333,0.3559322033898305,0.3333333333333333,0.3333333333333333,0.11904761904761904,0.3527777777777778
2022,"machado, andrés",997,91.0,-0.2825382175102051,0.14285714285714285,0.13793103448275862,0.0851063829787234,0.07142857142857142,0.367816091954023,0.2978723404255319,0.08571428571428572,0.09375,0.5714285714285714,0.53125,0.3793103448275862,0.34285714285714286,0.13793103448275862,0.3064516129032258
2022,"newcomb, sean",552,90.9,-0.2843172799204242,0.25,0.13953488372093023,0.15384615384615385,0.25,0.27906976744186046,0.3076923076923077,0.07142857142857142,0.04,0.35714285714285715,0.36,0.4444444444444444,0.5714285714285714,0.1111111111111111,0.31868131868131866
2022,"familia, jeurys",825,90.8,-0.2893983292395243,0.15384615384615385,0.08823529411764706,0.08571428571428572,0.3076923076923077,0.47058823529411764,0.42857142857142855,0.13043478260869565,0.06666666666666667,0.4782608695652174,0.4222222222222222,0.5555555555555556,0.43478260869565216,0.05555555555555555,0.3448275862068966
2022,"brubaker, jt",2381,90.8,-0.28915422762896664,0.21212121212121213,0.10964912280701754,0.13114754098360656,0.42424242424242425,0.34649122807017546,0.32786885245901637,0.11827956989247312,0.11538461538461539,0.43010752688172044,0.4175824175824176,0.38333333333333336,0.43010752688172044,0.05,0.3370165745856354
2022,"hudson, dakota",2253,90.8,-0.28987532178743963,0.15384615384615385,0.11538461538461539,0.09615384615384616,0.3076923076923077,0.39316239316239315,0.3942307692307692,0.07142857142857142,0.11458333333333333,0.36607142857142855,0.421875,0.3939393939393939,0.4017857142857143,0.13636363636363635,0.3825136612021858
2022,"white, mitch",1715,90.4,-0.3005961851129846,0.125,0.08125,0.15584415584415584,0.5,0.40625,0.4675324675324675,0.09411764705882353,0.06015037593984962,0.4117647058823529,0.40601503759398494,0.43243243243243246,0.4117647058823529,0.10810810810810811,0.37283236994219654
2022,"ruiz, josé",1115,90.4,-0.3017307430561564,0.16666666666666666,0.14285714285714285,0.125,0.16666666666666666,0.44155844155844154,0.375,0.17857142857142858,0.18,0.39285714285714285,0.46,0.4,0.17857142857142858,0.0,0.4126984126984127
2022,"bard, daniel",957,90.3,-0.3033674444605126,0.0,0.046153846153846156,0.07692307692307693,0.5714285714285714,0.4,0.34615384615384615,0.2413793103448276,0.1320754716981132,0.4482758620689655,0.39622641509433965,0.5,0.20689655172413793,0.15384615384615385,0.38509316770186336
2022,"kopech, michael",2011,90.2,-0.3070988394762538,0.1111111111111111,0.12429378531073447,0.07042253521126761,0.4444444444444444,0.384180790960452,0.4225352112676056,0.12307692307692308,0.11764705882352941,0.47692307692307695,0.38562091503267976,0.3392857142857143,0.36923076923076925,0.125,0.32294617563739375
2022,"castro, miguel",522,90.2,-0.30867779486547553,0.0,0.1111111111111111,0.1111111111111111,0.6666666666666666,0.37037037037037035,0.3333333333333333,0.2857142857142857,0.19230769230769232,0.6428571428571429,0.46153846153846156,0.25,0.14285714285714285,0.0,0.2898550724637681
2022,"keller, brad",2279,90.2,-0.3086378409433599,0.10714285714285714,0.11814345991561181,0.11827956989247312,0.5,0.45569620253164556,0.44086021505376344,0.07,0.1,0.4,0.47,0.38181818181818183,0.38,0.09090909090909091,0.3553921568627451
2022,"krehbiel, joey",981,90.1,-0.310851127999657,0.15384615384615385,0.136986301369863,0.15625,0.46153846153846156,0.4931506849315068,0.40625,0.02564102564102564,0.078125,0.5128205128205128,0.453125,0.5,0.4358974358974359,0.0,0.3352941176470588
2022,"ferguson, caleb",580,90.0,-0.31514683070333466,0.0,0.1111111111111111,0.13333333333333333,0.0,0.48148148148148145,0.4,0.18181818181818182,0.14285714285714285,0.4090909090909091,0.5,0.13333333333333333,0.4090909090909091,0.13333333333333333,0.3392857142857143
2022,"lawrence, justin",763,89.8,-0.3196296637880808,0.0,0.038461538461538464,0.11538461538461539,0.6,0.4230769230769231,0.5,0.10714285714285714,0.2,0.42857142857142855,0.4857142857142857,0.34782608695652173,0.25,0.13043478260869565,0.3543307086614173
2022,"barlow, joe",554,89.3,-0.33451854939519854,0.16666666666666666,0.13043478260869565,0.16,0.3333333333333333,0.391304347826087,0.36,0.16666666666666666,0.03225806451612903,0.5,0.3870967741935484,0.23529411764705882,0.4166666666666667,0.11764705882352941,0.35789473684210527
2022,"kaprielian, james",2230,89.2,-0.3389720111873706,0.13333333333333333,0.08780487804878048,0.13592233009708737,0.3,0.44878048780487806,0.4563106796116505,0.16822429906542055,0.0918918918918919,0.4205607476635514,0.43243243243243246,0.35,0.3364485981308411,0.1,0.3491686460807601
2022,"garcía, luis",966,89.0,-0.3465012301302453,0.0,0.1323529411764706,0.14285714285714285,0.5714285714285714,0.5,0.4523809523809524,0.0,0.06521739130434782,0.48484848484848486,0.4782608695652174,0.25,0.5151515151515151,0.15,0.37333333333333335
2022,"bellatti, andrew",967,88.9,-0.3475092352381084,0.0,0.09302325581395349,0.07142857142857142,0.23076923076923078,0.46511627906976744,0.35714285714285715,0.2222222222222222,0.15151515151515152,0.4444444444444444,0.42424242424242425,0.23076923076923078,0.16666666666666666,0.23076923076923078,0.35668789808917195
2022,"cabrera, génesis",746,88.9,-0.34733617340036727,0.125,0.12280701754385964,0.10714285714285714,0.375,0.38596491228070173,0.35714285714285715,0.08823529411764706,0.13725490196078433,0.3235294117647059,0.45098039215686275,0.29411764705882354,0.35294117647058826,0.17647058823529413,0.3511450381679389
2022,"weems, jordan",742,88.5,-0.35969172786302994,0.0,0.05357142857142857,0.11538461538461539,0.5,0.42857142857142855,0.5,0.10526315789473684,0.06382978723404255,0.631578947368421,0.44680851063829785,0.42857142857142855,0.47368421052631576,0.14285714285714285,0.2879581151832461
2022,"cishek, steve",1179,88.5,-0.36100880935259944,0.2,0.15942028985507245,0.16666666666666666,0.5333333333333333,0.4782608695652174,0.4523809523809524,0.09523809523809523,0.16393442622950818,0.3333333333333333,0.3770491803278688,0.3055555555555556,0.2619047619047619,0.0,0.4020618556701031
2022,"koenig, jared",653,88.4,-0.3656411249469327,0.14285714285714285,0.13513513513513514,0.14705882352941177,0.5714285714285714,0.4864864864864865,0.4411764705882353,0.04,0.12962962962962962,0.32,0.3888888888888889,0.3684210526315789,0.64,0.0,0.30357142857142855
2022,"barlow, scott",1200,88.4,-0.3638870098927399,0.3,0.11290322580645161,0.21875,0.3,0.3709677419354839,0.4375,0.0975609756097561,0.058823529411764705,0.3902439024390244,0.39705882352941174,0.45454545454545453,0.34146341463414637,0.045454545454545456,0.2972972972972973
2022,"davies, zach",2292,88.4,-0.3649040027106116,0.16666666666666666,0.10880829015544041,0.12,0.26666666666666666,0.45077720207253885,0.4,0.12389380530973451,0.11049723756906077,0.5309734513274337,0.4696132596685083,0.4807692307692308,0.2831858407079646,0.057692307692307696,0.40175953079178883
2022,"cotton, jharel",741,88.3,-0.3663213202649898,0.0,0.14285714285714285,0.07692307692307693,0.6666666666666666,0.46938775510204084,0.38461538461538464,0.07142857142857142,0.15555555555555556,0.42857142857142855,0.4888888888888889,0.3684210526315789,0.35714285714285715,0.10526315789473684,0.36942675159235666
2022,"sulser, cole",623,88.3,-0.3679078981676409,0.42857142857142855,0.1590909090909091,0.2916666666666667,0.5714285714285714,0.29545454545454547,0.4166666666666667,0.06666666666666667,0.0,0.4,0.3333333333333333,0.06666666666666667,0.4,0.06666666666666667,0.3247863247863248
2022,"phelps, david",1151,88.3,-0.36660087122063106,0.1111111111111111,0.08333333333333333,0.061224489795918366,0.4444444444444444,0.3611111111111111,0.4489795918367347,0.09090909090909091,0.15789473684210525,0.5454545454545454,0.43859649122807015,0.34615384615384615,0.24242424242424243,0.19230769230769232,0.36597938144329895
2022,"trivino, lou",961,88.2,-0.36963106892542147,0.18181818181818182,0.09722222222222222,0.1891891891891892,0.36363636363636365,0.4166666666666667,0.5945945945945946,0.0625,0.09302325581395349,0.5625,0.5116279069767442,0.30434782608695654,0.3125,0.043478260869565216,0.3488372093023256
2022,"javier, cristian",2554,88.1,-0.3738521509100657,0.17391304347826086,0.10828025477707007,0.18055555555555555,0.5652173913043478,0.47770700636942676,0.4861111111111111,0.12,0.1069182389937107,0.37333333333333335,0.41509433962264153,0.36363636363636365,0.29333333333333333,0.03636363636363636,0.3574074074074074
2022,"sandlin, nick",750,87.8,-0.3834990029607927,0.0,0.05128205128205128,0.17647058823529413,0.4,0.4358974358974359,0.47058823529411764,0.20689655172413793,0.15384615384615385,0.4827586206896552,0.5128205128205128,0.13043478260869565,0.27586206896551724,0.13043478260869565,0.3283582089552239
2022,"beede, tyler",1078,87.7,-0.385562832465998,0.1111111111111111,0.15384615384615385,0.12,0.5555555555555556,0.5,0.56,0.021739130434782608,0.07954545454545454,0.43478260869565216,0.5,0.40625,0.3695652173913043,0.0625,0.4303030303030303
2022,"shaw, bryan",973,87.7,-0.3847852040317935,0.1111111111111111,0.14814814814814814,0.17073170731707318,0.3333333333333333,0.3950617283950617,0.3170731707317073,0.041666666666666664,0.15384615384615385,0.375,0.4423076923076923,0.38461538461538464,0.5833333333333334,0.038461538461538464,0.3854748603351955
2022,"nelson, kyle",593,87.6,-0.39055120634808144,0.0,0.10256410256410256,0.0,0.6666666666666666,0.41025641025641024,0.25,0.21052631578947367,0.1388888888888889,0.3157894736842105,0.3888888888888889,0.35714285714285715,0.47368421052631576,0.21428571428571427,0.33962264150943394
2022,"peterson, david",1893,87.5,-0.3929461256505355,0.0,0.08904109589041095,0.09722222222222222,0.45,0.5,0.5,0.07936507936507936,0.1,0.5396825396825397,0.4909090909090909,0.32653061224489793,0.3333333333333333,0.1836734693877551,0.3870967741935484
2022,"robertson, david",1064,87.4,-0.3945598795622467,0.2,0.12727272727272726,0.22727272727272727,0.3,0.41818181818181815,0.4090909090909091,0.2,0.17647058823529413,0.2,0.27450980392156865,0.32432432432432434,0.12,0.08108108108108109,0.3493975903614458
2022,"keuchel, dallas",1171,87.4,-0.3942756840548985,0.15789473684210525,0.09734513274336283,0.11666666666666667,0.42105263157894735,0.4336283185840708,0.5166666666666667,0.1206896551724138,0.08139534883720931,0.43103448275862066,0.43023255813953487,0.37037037037037035,0.3793103448275862,0.1111111111111111,0.4632768361581921
2022,"howard, spencer",693,87.3,-0.3994412625727011,0.0,0.07894736842105263,0.05128205128205128,0.35714285714285715,0.40789473684210525,0.5641025641025641,0.09090909090909091,0.10526315789473684,0.6363636363636364,0.3508771929824561,0.38461538461538464,0.4090909090909091,0.23076923076923078,0.26277372262773724
2022,"thompson, keegan",1878,87.2,-0.40241478892637,0.15384615384615385,0.09259259259259259,0.0958904109589041,0.46153846153846156,0.4506172839506173,0.4931506849315068,0.09333333333333334,0.09774436090225563,0.41333333333333333,0.37593984962406013,0.3333333333333333,0.3466666666666667,0.1875,0.34049079754601225
2022,"lópez, jorge",1181,87.2,-0.4026841938515851,0.5,0.1643835616438356,0.17857142857142858,0.0,0.3287671232876712,0.21428571428571427,0.08571428571428572,0.06756756756756757,0.37142857142857144,0.4189189189189189,0.3793103448275862,0.37142857142857144,0.06896551724137931,0.35135135135135137
2022,"kelly, joe",703,87.1,-0.4041701073667105,0.0,0.13513513513513514,0.05555555555555555,0.0,0.40540540540540543,0.3333333333333333,0.1,0.13793103448275862,0.6,0.5517241379310345,0.25,0.45,0.20833333333333334,0.32323232323232326
2022,"elder, bryce",877,86.9,-0.41055613049979633,0.0,0.07462686567164178,0.1388888888888889,0.625,0.4626865671641791,0.4722222222222222,0.16216216216216217,0.0967741935483871,0.5405405405405406,0.46774193548387094,0.28,0.3783783783783784,0.12,0.3287671232876712
2022,"steele, justin",2032,86.9,-0.41169922549348925,0.16666666666666666,0.12080536912751678,0.07894736842105263,0.4166666666666667,0.5100671140939598,0.47368421052631576,0.11494252873563218,0.14814814814814814,0.45977011494252873,0.48148148148148145,0.29411764705882354,0.3563218390804598,0.058823529411764705,0.3661616161616162
2022,"maton, phil",1095,86.7,-0.41623471578631116,0.18181818181818182,0.12962962962962962,0.11538461538461539,0.36363636363636365,0.42592592592592593,0.36538461538461536,0.17777777777777778,0.12,0.4888888888888889,0.36,0.32142857142857145,0.17777777777777778,0.14285714285714285,0.30687830687830686
2022,"houck, tanner",930,86.4,-0.42666501986820454,0.25,0.10256410256410256,0.1282051282051282,0.375,0.47435897435897434,0.5384615384615384,0.14814814814814814,0.13333333333333333,0.5185185185185185,0.5,0.3333333333333333,0.25925925925925924,0.0,0.29577464788732394
2022,"mills, wyatt",510,86.4,-0.4266684306973495,0.0,0.12903225806451613,0.05555555555555555,0.3333333333333333,0.4838709677419355,0.5555555555555556,0.08333333333333333,0.14285714285714285,0.6666666666666666,0.42857142857142855,0.23076923076923078,0.375,0.15384615384615385,0.41379310344827586
2022,"adon, joan",1208,86.3,-0.4296559069795195,0.10526315789473684,0.13402061855670103,0.10526315789473684,0.3157894736842105,0.4536082474226804,0.3157894736842105,0.18,0.14814814814814814,0.4,0.5061728395061729,0.3953488372093023,0.32,0.06976744186046512,0.4434782608695652
2022,"mccarty, kirk",578,86.2,-0.4334917755350761,0.3076923076923077,0.11864406779661017,0.2,0.7692307692307693,0.3559322033898305,0.6333333333333333,0.0,0.0784313725490196,0.34615384615384615,0.2549019607843137,0.46153846153846156,0.34615384615384615,0.07692307692307693,0.4077669902912621
2022,"bubic, kris",2262,85.8,-0.44706724602219877,0.09375,0.09251101321585903,0.12295081967213115,0.375,0.3920704845814978,0.4344262295081967,0.11956521739130435,0.11940298507462686,0.45652173913043476,0.4552238805970149,0.38095238095238093,0.42391304347826086,0.14285714285714285,0.3546099290780142
2022,"underwood, duane",1008,85.6,-0.4521082203235185,0.25,0.11594202898550725,0.07317073170731707,0.5,0.42028985507246375,0.43902439024390244,0.16216216216216217,0.14545454545454545,0.4594594594594595,0.41818181818181815,0.4642857142857143,0.08108108108108109,0.10714285714285714,0.3225806451612903
2022,"oller, adam",1294,85.6,-0.4518698052111282,0.21739130434782608,0.07246376811594203,0.15625,0.43478260869565216,0.37681159420289856,0.34375,0.16,0.09565217391304348,0.44,0.4434782608695652,0.41025641025641024,0.32,0.1282051282051282,0.3795918367346939
2022,"lambert, jimmy",818,85.5,-0.45361736917684364,0.16666666666666666,0.18518518518518517,0.2,0.3333333333333333,0.37037037037037035,0.35,0.20689655172413793,0.11538461538461539,0.3103448275862069,0.34615384615384615,0.34782608695652173,0.3103448275862069,0.043478260869565216,0.37735849056603776
2022,"gibaut, ian",694,85.2,-0.4649921177738432,0.0,0.08823529411764706,0.045454545454545456,1.0,0.5588235294117647,0.5454545454545454,0.18181818181818182,0.1724137931034483,0.5454545454545454,0.4482758620689655,0.1,0.3181818181818182,0.1,0.27205882352941174
2022,"abreu, albert",707,85.2,-0.46445423361650456,0.0,0.16666666666666666,0.09523809523809523,0.3333333333333333,0.4166666666666667,0.42857142857142855,0.14814814814814814,0.11428571428571428,0.4444444444444444,0.45714285714285713,0.3181818181818182,0.2962962962962963,0.18181818181818182,0.39622641509433965
2022,"domínguez, seranthony",827,85.0,-0.4694406807340183,0.0,0.1346153846153846,0.16,0.4444444444444444,0.36538461538461536,0.44,0.15,0.125,0.45,0.35,0.23809523809523808,0.35,0.19047619047619047,0.41216216216216217
2022,"hoffman, jeff",851,84.8,-0.477831355969012,0.0,0.13846153846153847,0.1,0.3,0.5230769230769231,0.5333333333333333,0.13636363636363635,0.16,0.3181818181818182,0.46,0.5217391304347826,0.3181818181818182,0.08695652173913043,0.33974358974358976
2022,"wentz, joey",555,84.8,-0.4762356591406938,0.16666666666666666,0.08333333333333333,0.0,0.3333333333333333,0.4791666666666667,0.4,0.15,0.13333333333333333,0.4,0.5111111111111111,0.5384615384615384,0.35,0.15384615384615385,0.40594059405940597
2022,"bird, jake",755,84.5,-0.48671551638258737,0.1111111111111111,0.10144927536231885,0.030303030303030304,0.3333333333333333,0.5072463768115942,0.3939393939393939,0.09090909090909091,0.13953488372093023,0.6363636363636364,0.46511627906976744,0.5238095238095238,0.45454545454545453,0.09523809523809523,0.40594059405940597
2022,"boxberger, brad",1094,84.5,-0.48558828931553305,0.2727272727272727,0.13793103448275862,0.13333333333333333,0.5454545454545454,0.3793103448275862,0.4666666666666667,0.19444444444444445,0.1276595744680851,0.3333333333333333,0.3404255319148936,0.48148148148148145,0.2222222222222222,0.037037037037037035,0.3516483516483517
2022,"archer, chris",1787,84.4,-0.4901945595287892,0.08,0.09316770186335403,0.056338028169014086,0.56,0.40993788819875776,0.4084507042253521,0.11428571428571428,0.08653846153846154,0.44285714285714284,0.4807692307692308,0.3877551020408163,0.37142857142857144,0.24489795918367346,0.35785953177257523
2022,"kuhl, chad",2379,84.0,-0.5006576837578629,0.15,0.12403100775193798,0.11965811965811966,0.425,0.42248062015503873,0.39316239316239315,0.07608695652173914,0.0851063829787234,0.4782608695652174,0.44148936170212766,0.42592592592592593,0.44565217391304346,0.14814814814814814,0.36939313984168864
2022,"suarez, robert",801,83.9,-0.5063816680659867,0.125,0.13953488372093023,0.09523809523809523,0.25,0.3023255813953488,0.38095238095238093,0.17391304347826086,0.15151515151515152,0.2608695652173913,0.45454545454545453,0.38095238095238093,0.34782608695652173,0.19047619047619047,0.3891891891891892
2022,"castillo, max",697,83.9,-0.506657557814764,0.16666666666666666,0.1111111111111111,0.2,0.3333333333333333,0.49206349206349204,0.6333333333333333,0.07142857142857142,0.08695652173913043,0.2857142857142857,0.41304347826086957,0.21428571428571427,0.21428571428571427,0.21428571428571427,0.4108527131782946
2022,"santana, dennis",995,83.8,-0.5095897475669235,0.14285714285714285,0.1016949152542373,0.08108108108108109,0.7142857142857143,0.4915254237288136,0.4864864864864865,0.17142857142857143,0.09090909090909091,0.4857142857142857,0.6136363636363636,0.2857142857142857,0.34285714285714286,0.07142857142857142,0.30201342281879195
2022,"morton, charlie",2903,83.6,-0.5135671225875554,0.19047619047619047,0.11353711790393013,0.1440677966101695,0.5238095238095238,0.37554585152838427,0.4067796610169492,0.17346938775510204,0.11538461538461539,0.45918367346938777,0.42857142857142855,0.358974358974359,0.37755102040816324,0.07692307692307693,0.34012219959266804
2022,"gray, josiah",2599,83.5,-0.5170293484313528,0.1111111111111111,0.1407766990291262,0.15,0.3333333333333333,0.4029126213592233,0.35,0.14953271028037382,0.10714285714285714,0.4392523364485981,0.5102040816326531,0.35714285714285715,0.3364485981308411,0.12857142857142856,0.3867924528301887
2022,"bradish, kyle",1993,83.0,-0.5334865984933156,0.11538461538461539,0.11602209944751381,0.07291666666666667,0.5384615384615384,0.44751381215469616,0.4479166666666667,0.14473684210526316,0.1360544217687075,0.4473684210526316,0.40816326530612246,0.3617021276595745,0.3684210526315789,0.14893617021276595,0.407514450867052
2022,"sands, cole",603,82.7,-0.5420320387968088,0.14285714285714285,0.11538461538461539,0.05,0.2857142857142857,0.4807692307692308,0.55,0.0,0.13636363636363635,0.5263157894736842,0.45454545454545453,0.3888888888888889,0.3684210526315789,0.2222222222222222,0.358974358974359
2022,"coleman, dylan",1206,82.7,-0.5416273333297547,0.0,0.1323529411764706,0.1,0.3,0.4852941176470588,0.36666666666666664,0.1891891891891892,0.21818181818181817,0.40540540540540543,0.43636363636363634,0.2631578947368421,0.2702702702702703,0.15789473684210525,0.3854166666666667
2022,"rainey, tanner",521,82.6,-0.5455336877496471,0.14285714285714285,0.14285714285714285,0.13636363636363635,0.42857142857142855,0.4,0.5,0.1875,0.07407407407407407,0.375,0.3333333333333333,0.6153846153846154,0.375,0.07692307692307693,0.297029702970297
2022,"chacín, jhoulys",786,82.6,-0.545247866854443,0.18181818181818182,0.1282051282051282,0.16216216216216217,0.5454545454545454,0.4358974358974359,0.43243243243243246,0.15384615384615385,0.08771929824561403,0.46153846153846156,0.42105263157894735,0.5454545454545454,0.46153846153846156,0.0,0.25806451612903225
2022,"marinaccio, ron",757,82.5,-0.5500582991705768,0.2,0.16666666666666666,0.07692307692307693,0.4,0.43333333333333335,0.46153846153846156,0.17391304347826086,0.16279069767441862,0.4782608695652174,0.4186046511627907,0.2222222222222222,0.13043478260869565,0.14814814814814814,0.27692307692307694
2022,"sawamura, hirokazu",848,82.5,-0.5506152285409956,0.18181818181818182,0.11538461538461539,0.05714285714285714,0.45454545454545453,0.44871794871794873,0.37142857142857144,0.12,0.125,0.52,0.4375,0.5217391304347826,0.36,0.13043478260869565,0.3402777777777778
2022,"karinchak, james",704,82.4,-0.5528522673291202,0.0,0.09375,0.10526315789473684,0.25,0.34375,0.3684210526315789,0.5,0.2,0.625,0.44,0.15,0.0,0.1,0.48
2022,"kikuchi, yusei",1844,82.3,-0.555275371879082,0.11764705882352941,0.14893617021276595,0.12345679012345678,0.47058823529411764,0.3971631205673759,0.37037037037037035,0.125,0.13978494623655913,0.5,0.44086021505376344,0.27419354838709675,0.3125,0.16129032258064516,0.37091988130563797
2022,"anderson, ian",2005,82.1,-0.5621244056643921,0.2,0.12087912087912088,0.14814814814814814,0.6,0.43956043956043955,0.48148148148148145,0.10666666666666667,0.10967741935483871,0.5066666666666667,0.4774193548387097,0.32653061224489793,0.4,0.061224489795918366,0.3787878787878788
2022,"pepiot, ryan",737,81.9,-0.5667611036077597,0.2222222222222222,0.17073170731707318,0.14285714285714285,0.4444444444444444,0.43902439024390244,0.2857142857142857,0.15,0.11627906976744186,0.4,0.4186046511627907,0.25925925925925924,0.15,0.18518518518518517,0.3805970149253731
2022,"henry, tommy",774,81.8,-0.5721876825213731,0.25,0.10256410256410256,0.125,0.3333333333333333,0.48717948717948717,0.40625,0.21875,0.13114754098360656,0.375,0.39344262295081966,0.43478260869565216,0.40625,0.043478260869565216,0.32867132867132864
2022,"otto, glenn",2229,81.4,-0.5838893759574669,0.11428571428571428,0.09950248756218906,0.09375,0.4857142857142857,0.46766169154228854,0.5,0.14432989690721648,0.1534090909090909,0.5051546391752577,0.4772727272727273,0.28378378378378377,0.4020618556701031,0.12162162162162163,0.3453038674033149
2022,"knebel, corey",807,81.4,-0.5842693886629537,0.2,0.1509433962264151,0.17391304347826086,0.6,0.4528301886792453,0.391304347826087,0.043478260869565216,0.06976744186046512,0.43478260869565216,0.46511627906976744,0.24,0.43478260869565216,0.16,0.3582089552238806
2022,"richards, trevor",1167,81.0,-0.5961204503676474,0.2,0.14925373134328357,0.075,0.4,0.417910447761194,0.45,0.15625,0.16071428571428573,0.46875,0.35714285714285715,0.3870967741935484,0.28125,0.12903225806451613,0.4127906976744186
2022,"moore, matt",1256,81.0,-0.5960012801193442,0.2857142857142857,0.18181818181818182,0.1875,0.2857142857142857,0.42424242424242425,0.40625,0.16216216216216217,0.13636363636363635,0.43243243243243246,0.36363636363636365,0.2647058823529412,0.2702702702702703,0.058823529411764705,0.3147410358565737
2022,"gore, mackenzie",1258,80.9,-0.5987935225863644,0.10526315789473684,0.14545454545454545,0.15,0.5789473684210527,0.41818181818181815,0.4666666666666667,0.16666666666666666,0.2,0.3055555555555556,0.3,0.3783783783783784,0.3611111111111111,0.08108108108108109,0.3662551440329218
2022,"ramírez, yohan",624,80.6,-0.6087155263329846,0.0,0.13043478260869565,0.041666666666666664,0.42857142857142855,0.41304347826086957,0.5,0.13043478260869565,0.175,0.43478260869565216,0.325,0.28,0.391304347826087,0.28,0.358695652173913
2022,"hand, brad",821,80.4,-0.6134468538493848,0.16666666666666666,0.12244897959183673,0.12,0.5,0.2857142857142857,0.36,0.18518518518518517,0.15384615384615385,0.5185185185185185,0.48717948717948717,0.28,0.2962962962962963,0.16,0.3284671532846715
2022,"silseth, chase",501,80.3,-0.6170487486724434,0.1111111111111111,0.12727272727272726,0.14285714285714285,0.2222222222222222,0.4,0.4642857142857143,0.1111111111111111,0.2222222222222222,0.3333333333333333,0.4444444444444444,0.9166666666666666,0.2777777777777778,0.0,0.3888888888888889
2022,"garrett, amir",804,80.2,-0.6208300406279091,0.0,0.15151515151515152,0.13333333333333333,0.5,0.3333333333333333,0.4,0.25,0.24324324324324326,0.3,0.3783783783783784,0.30303030303030304,0.1,0.18181818181818182,0.4028776978417266
2022,"abbott, cory",845,80.1,-0.6254996468430043,0.2,0.10666666666666667,0.12,0.3333333333333333,0.4533333333333333,0.44,0.2,0.109375,0.56,0.515625,0.27586206896551724,0.36,0.10344827586206896,0.3522012578616352
2022,"diekman, jake",1179,79.5,-0.6444618354890194,0.2222222222222222,0.21428571428571427,0.16129032258064516,0.4444444444444444,0.375,0.3870967741935484,0.05,0.17391304347826086,0.35,0.34782608695652173,0.25,0.45,0.11363636363636363,0.3626943005181347
2022,"heasley, jonathan",1796,79.5,-0.6425663616012521,0.2,0.12105263157894737,0.15476190476190477,0.4,0.4631578947368421,0.4166666666666667,0.11940298507462686,0.1103448275862069,0.43283582089552236,0.41379310344827586,0.46,0.44776119402985076,0.1,0.3925233644859813
2022,"norris, daniel",1012,78.8,-0.6642777759667976,0.2,0.13432835820895522,0.13157894736842105,0.4666666666666667,0.417910447761194,0.3684210526315789,0.20588235294117646,0.1509433962264151,0.5,0.5283018867924528,0.2647058823529412,0.20588235294117646,0.11764705882352941,0.3288590604026846
2022,"matzek, tyler",721,78.7,-0.6682732761440352,0.2857142857142857,0.16666666666666666,0.08,0.14285714285714285,0.3333333333333333,0.2,0.23809523809523808,0.1951219512195122,0.2857142857142857,0.4146341463414634,0.38461538461538464,0.19047619047619047,0.19230769230769232,0.391304347826087
2022,"martinez, seth",596,78.1,-0.6878094599911939,0.4,0.15,0.21052631578947367,0.8,0.3,0.3684210526315789,0.09090909090909091,0.075,0.36363636363636365,0.35,0.6666666666666666,0.45454545454545453,0.0,0.34615384615384615
2022,"rodríguez, elvin",538,78.0,-0.6909280802099541,0.14285714285714285,0.0967741935483871,0.13333333333333333,0.5,0.5,0.6,0.15384615384615385,0.11428571428571428,0.5384615384615384,0.5428571428571428,0.6153846153846154,0.38461538461538464,0.0,0.3263157894736842
2022,"peralta, wily",694,77.7,-0.7003320505733,0.25,0.09302325581395349,0.14285714285714285,0.5,0.4418604651162791,0.38095238095238093,0.2,0.18181818181818182,0.35,0.48484848484848486,0.25,0.3,0.125,0.4188034188034188
2022,"rodríguez, joely",846,77.0,-0.7217600977947501,0.25,0.12195121951219512,0.08333333333333333,0.75,0.3170731707317073,0.5416666666666666,0.18518518518518517,0.11904761904761904,0.5555555555555556,0.2857142857142857,0.3333333333333333,0.3333333333333333,0.16666666666666666,0.425
2022,"barnes, matt",697,76.9,-0.723259581360125,0.2222222222222222,0.16666666666666666,0.13636363636363635,0.4444444444444444,0.4444444444444444,0.4090909090909091,0.1111111111111111,0.14705882352941177,0.3333333333333333,0.38235294117647056,0.21052631578947367,0.3333333333333333,0.21052631578947367,0.4479166666666667
2022,"strickland, hunter",1103,76.8,-0.7283374744829186,0.23529411764705882,0.14285714285714285,0.1346153846153846,0.5882352941176471,0.45454545454545453,0.40384615384615385,0.03225806451612903,0.14814814814814814,0.41935483870967744,0.4074074074074074,0.3055555555555556,0.4838709677419355,0.16666666666666666,0.3689839572192513
2022,"head, louis",549,76.2,-0.7466643425693006,0.0,0.19148936170212766,0.10526315789473684,0.8,0.46808510638297873,0.3157894736842105,0.0625,0.16666666666666666,0.5,0.4666666666666667,0.5294117647058824,0.4375,0.11764705882352941,0.33653846153846156
2022,"wantz, andrew",809,75.8,-0.7580351456741604,0.2222222222222222,0.10204081632653061,0.0967741935483871,0.6666666666666666,0.46938775510204084,0.6129032258064516,0.2,0.14285714285714285,0.5,0.3877551020408163,0.35,0.16666666666666666,0.15,0.33587786259541985
2022,"hicks, jordan",1051,75.3,-0.7749170145327127,0.36363636363636365,0.14102564102564102,0.2222222222222222,0.2727272727272727,0.41025641025641024,0.3333333333333333,0.18421052631578946,0.125,0.39473684210526316,0.40625,0.38235294117647056,0.21052631578947367,0.11764705882352941,0.3615819209039548
2022,"hernández, jonathan",523,74.7,-0.7949209008490274,0.0,0.09090909090909091,0.09523809523809523,1.0,0.5454545454545454,0.6666666666666666,0.1111111111111111,0.16666666666666666,0.3333333333333333,0.4666666666666667,0.2857142857142857,0.5555555555555556,0.14285714285714285,0.4782608695652174
2022,"snider, collin",583,74.6,-0.7972674356699838,0.16666666666666666,0.1282051282051282,0.08333333333333333,0.5,0.6410256410256411,0.5833333333333334,0.15,0.14285714285714285,0.35,0.5,0.35714285714285715,0.3,0.14285714285714285,0.32954545454545453
2022,"crowe, wil",1380,74.1,-0.8120149930869461,0.25,0.19047619047619047,0.16,0.875,0.5,0.5,0.019230769230769232,0.07692307692307693,0.4807692307692308,0.5256410256410257,0.2972972972972973,0.3076923076923077,0.13513513513513514,0.388646288209607
2022,"assad, javier",690,73.9,-0.8186894561566369,0.3333333333333333,0.11290322580645161,0.18518518518518517,0.6666666666666666,0.46774193548387094,0.4444444444444444,0.0967741935483871,0.05660377358490566,0.45161290322580644,0.39622641509433965,0.2777777777777778,0.4838709677419355,0.16666666666666666,0.4728682170542636
2022,"pilkington, konnor",954,73.7,-0.8264255524637859,0.21428571428571427,0.1625,0.15151515151515152,0.35714285714285715,0.4375,0.5757575757575758,0.05263157894736842,0.13114754098360656,0.5263157894736842,0.5409836065573771,0.36666666666666664,0.4473684210526316,0.1,0.45454545454545453
2022,"cuas, josé",693,72.5,-0.8618194670161712,0.25,0.16216216216216217,0.20833333333333334,0.25,0.4594594594594595,0.375,0.11538461538461539,0.09375,0.4230769230769231,0.4375,0.3181818181818182,0.3076923076923077,0.22727272727272727,0.31683168316831684
2022,"lange, alex",1050,72.4,-0.8661407539631136,0.2857142857142857,0.125,0.14814814814814814,0.2857142857142857,0.35714285714285715,0.2962962962962963,0.225,0.21739130434782608,0.5,0.5652173913043478,0.21875,0.275,0.125,0.4326923076923077
2022,"ortega, oliver",542,72.0,-0.8781803790919324,0.2857142857142857,0.08163265306122448,0.16666666666666666,0.42857142857142855,0.46938775510204084,0.4166666666666667,0.21428571428571427,0.18518518518518517,0.42857142857142855,0.5555555555555556,0.2857142857142857,0.42857142857142855,0.07142857142857142,0.26956521739130435
2022,"cabrera, edward",1215,71.4,-0.897940812925417,0.2857142857142857,0.175,0.19444444444444445,0.42857142857142855,0.4875,0.4722222222222222,0.09803921568627451,0.11764705882352941,0.39215686274509803,0.4,0.35,0.27450980392156865,0.175,0.39378238341968913
2022,"ort, kaleb",537,71.1,-0.9073501055901206,0.25,0.16666666666666666,0.13043478260869565,0.5,0.38095238095238093,0.43478260869565216,0.11764705882352941,0.18518518518518517,0.5882352941176471,0.3333333333333333,0.4,0.5882352941176471,0.06666666666666667,0.3804347826086957
2022,"givens, mychal",1035,70.9,-0.9140454901317044,0.38461538461538464,0.16393442622950818,0.15789473684210525,0.5384615384615384,0.4918032786885246,0.47368421052631576,0.08333333333333333,0.12962962962962962,0.3888888888888889,0.42592592592592593,0.25,0.3333333333333333,0.16666666666666666,0.34806629834254144
2022,"bello, brayan",1001,70.4,-0.9272659534346078,0.3333333333333333,0.15730337078651685,0.1956521739130435,0.7777777777777778,0.3595505617977528,0.4782608695652174,0.10204081632653061,0.07792207792207792,0.46938775510204084,0.38961038961038963,0.2692307692307692,0.3673469387755102,0.19230769230769232,0.38311688311688313
2022,"chapman, aroldis",679,69.1,-0.9682203351275799,0.0,0.125,0.22727272727272727,0.6,0.4375,0.5909090909090909,0.15,0.12903225806451613,0.3,0.25806451612903225,0.21739130434782608,0.25,0.391304347826087,0.41836734693877553
2022,"scott, tanner",1277,68.9,-0.9768036048404597,0.0,0.14814814814814814,0.15625,0.75,0.5185185185185185,0.40625,0.21052631578947367,0.2,0.3684210526315789,0.4444444444444444,0.2727272727272727,0.18421052631578946,0.25,0.336283185840708
2022,"jackson, zach",898,68.8,-0.9774580553989739,0.2,0.15217391304347827,0.12,0.6,0.43478260869565216,0.44,0.11764705882352941,0.21052631578947367,0.5294117647058824,0.4473684210526316,0.2857142857142857,0.23529411764705882,0.21428571428571427,0.44525547445255476
2022,"davidson, tucker",912,68.6,-0.9861692556939975,0.125,0.17857142857142858,0.2564102564102564,0.375,0.47619047619047616,0.46153846153846156,0.13157894736842105,0.15714285714285714,0.39473684210526316,0.4142857142857143,0.45714285714285713,0.47368421052631576,0.08571428571428572,0.3310344827586207
2022,"gutiérrez, vladimir",687,65.6,-1.08024747131538,0.18181818181818182,0.2153846153846154,0.16,0.45454545454545453,0.4153846153846154,0.48,0.15384615384615385,0.14,0.5,0.44,0.19230769230769232,0.46153846153846156,0.19230769230769232,0.3793103448275862
2022,"williams, devin",1070,65.3,-1.0872778931004905,,0.25,0.2777777777777778,,0.6785714285714286,0.5,0.1,0.13953488372093023,0.5,0.4418604651162791,0.1724137931034483,0.13333333333333333,0.10344827586206896,0.34946236559139787
2022,"gilbreath, lucas",796,65.1,-1.0948731734175345,0.3333333333333333,0.22727272727272727,0.25,0.6666666666666666,0.4090909090909091,0.42857142857142855,0.1,0.125,0.5,0.25,0.4166666666666667,0.45,0.08333333333333333,0.39097744360902253
2022,"dunn, justin",540,64.9,-1.101870519527587,0.2857142857142857,0.1568627450980392,0.10714285714285714,0.5714285714285714,0.4117647058823529,0.32142857142857145,0.11764705882352941,0.21875,0.47058823529411764,0.46875,0.4,0.5294117647058824,0.15,0.4189189189189189
2022,"lamet, dinelson",583,62.3,-1.1815123564646923,0.2857142857142857,0.11904761904761904,0.23809523809523808,0.5714285714285714,0.42857142857142855,0.47619047619047616,0.26666666666666666,0.10526315789473684,0.5333333333333333,0.42105263157894735,0.4,0.13333333333333333,0.2,0.4594594594594595
2022,"brash, matt",939,61.5,-1.2079969130110466,0.3333333333333333,0.2037037037037037,0.17647058823529413,0.5,0.42592592592592593,0.5588235294117647,0.28,0.1111111111111111,0.52,0.3611111111111111,0.375,0.24,0.125,0.3448275862068966
2022,"moll, sam",761,59.8,-1.259891799213251,0.2,0.13333333333333333,0.23529411764705882,0.4,0.5333333333333333,0.6470588235294118,0.1,0.20454545454545456,0.65,0.6363636363636364,0.4166666666666667,0.3,0.08333333333333333,0.3277310924369748
2022,"brazobán, huascar",635,58.6,-1.2986535960112155,0.0,0.2222222222222222,0.23529411764705882,0.75,0.6666666666666666,0.6470588235294118,0.16,0.22580645161290322,0.52,0.45161290322580644,0.2727272727272727,0.24,0.09090909090909091,0.46236559139784944
2022,"staumont, josh",731,53.0,-1.4750706266879468,0.16666666666666666,0.2,0.18181818181818182,0.8333333333333334,0.54,0.45454545454545453,0.15384615384615385,0.32,0.5384615384615384,0.52,0.32,0.23076923076923078,0.12,0.45528455284552843
2022,"davis, austin",1122,51.2,-1.5295591238992907,0.3333333333333333,0.25862068965517243,0.34210526315789475,0.4166666666666667,0.41379310344827586,0.5526315789473685,0.14634146341463414,0.16981132075471697,0.4878048780487805,0.4339622641509434,0.2727272727272727,0.34146341463414637,0.12121212121212122,0.32710280373831774
2022,"soto, gregory",1106,50.5,-1.5515021617186275,0.42857142857142855,0.16901408450704225,0.24,0.2857142857142857,0.4647887323943662,0.4,0.20833333333333334,0.2127659574468085,0.4166666666666667,0.46808510638297873,0.4166666666666667,0.375,0.16666666666666666,0.40454545454545454
2022,"flaherty, jack",662,40.7,-1.8614714216970585,0.5,0.1956521739130435,0.20833333333333334,0.8333333333333334,0.5434782608695652,0.5416666666666666,0.21212121212121213,0.2653061224489796,0.5757575757575758,0.5714285714285714,0.2962962962962963,0.30303030303030304,0.07407407407407407,0.3619047619047619
