season,pitcher_name,pitch_count,composure_plus,composure_score,walk_after_barrel,walk_after_hard_hit,walk_after_high_xba,first_ball_after_barrel,first_ball_after_hard_hit,first_ball_after_high_xba,walk_after_soft_hit,walk_after_low_xba,first_ball_after_soft_hit,first_ball_after_low_xba,hard_hit_after_walk,hard_hit_after_soft,walk_after_walk,ball_after_foul
2023,"martin, chris",736,154.1,1.6113773732511256,0.0,0.041666666666666664,0.0,0.0,0.125,0.05128205128205128,0.022727272727272728,0.024390243902439025,0.29545454545454547,0.3170731707317073,0.2,0.29545454545454547,0.0,0.3050847457627119
2023,"alexander, tyler",679,139.7,1.1813641966830564,0.0,0.0,0.03571428571428571,0.3333333333333333,0.3269230769230769,0.35714285714285715,0.10344827586206896,0.0,0.1724137931034483,0.2765957446808511,0.16666666666666666,0.3793103448275862,0.0,0.28169014084507044
2023,"speier, gabe",797,136.4,1.0842270027765004,0.1,0.05263157894736842,0.09090909090909091,0.1,0.17543859649122806,0.12121212121212122,0.0,0.0,0.2413793103448276,0.24390243902439024,0.5,0.41379310344827586,0.0,0.40816326530612246
2023,"ramirez, nick",659,136.0,1.071058770081781,0.0,0.04,0.034482758620689655,0.2857142857142857,0.38,0.3103448275862069,0.03333333333333333,0.061224489795918366,0.3,0.32653061224489793,0.1111111111111111,0.3,0.0,0.3402061855670103
2023,"nelson, kyle",883,133.5,0.9966179683213766,0.1,0.04838709677419355,0.0625,0.4,0.3064516129032258,0.34375,0.03333333333333333,0.0,0.3,0.3,0.18181818181818182,0.3,0.0,0.41509433962264153
2023,"kirby, george",2826,131.6,0.9413035019705471,0.025,0.031141868512110725,0.026143790849673203,0.325,0.3217993079584775,0.3333333333333333,0.021739130434782608,0.02531645569620253,0.2898550724637681,0.3080168776371308,0.25,0.42028985507246375,0.041666666666666664,0.3183279742765273
2023,"stephenson, robert",771,130.2,0.9001147624549252,0.0,0.07692307692307693,0.07692307692307693,0.2727272727272727,0.28205128205128205,0.3076923076923077,0.041666666666666664,0.029411764705882353,0.20833333333333334,0.29411764705882354,0.42857142857142855,0.125,0.07142857142857142,0.3211009174311927
2023,"graterol, brusdar",932,128.4,0.845604775035773,0.0,0.014285714285714285,0.075,0.42857142857142855,0.32857142857142857,0.375,0.07692307692307693,0.0,0.3333333333333333,0.34545454545454546,0.15384615384615385,0.3076923076923077,0.07692307692307693,0.2893401015228426
2023,"sánchez, cristopher",1460,128.1,0.8351330413676075,0.045454545454545456,0.034013605442176874,0.038461538461538464,0.36363636363636365,0.3741496598639456,0.3076923076923077,0.056338028169014086,0.08108108108108109,0.29577464788732394,0.3063063063063063,0.21052631578947367,0.36619718309859156,0.0,0.35319148936170214
2023,"garcia, robert",530,127.6,0.8221476104433914,0.0,0.12,0.18181818181818182,0.0,0.32,0.36363636363636365,0.07692307692307693,0.0,0.3076923076923077,0.2692307692307692,0.2222222222222222,0.19230769230769232,0.0,0.3879310344827586
2023,"greinke, zack",2221,127.1,0.8067055624087494,0.0,0.0635593220338983,0.04580152671755725,0.17647058823529413,0.3432203389830508,0.2748091603053435,0.019417475728155338,0.03208556149732621,0.3300970873786408,0.32620320855614976,0.36,0.4077669902912621,0.04,0.4140625
2023,"littell, zack",1336,126.3,0.783929820522145,0.041666666666666664,0.039735099337748346,0.05,0.3333333333333333,0.31788079470198677,0.3875,0.047619047619047616,0.009174311926605505,0.3492063492063492,0.27522935779816515,0.42857142857142855,0.42857142857142855,0.0,0.3235294117647059
2023,"gilbert, logan",2928,125.2,0.7495985600398197,0.04081632653061224,0.04113924050632911,0.056451612903225805,0.30612244897959184,0.35443037974683544,0.3064516129032258,0.019230769230769232,0.049107142857142856,0.34615384615384615,0.38839285714285715,0.23529411764705882,0.41346153846153844,0.029411764705882353,0.356401384083045
2023,"pepiot, ryan",654,124.7,0.7349860365945874,0.0,0.09615384615384616,0.0,0.3333333333333333,0.36538461538461536,0.3333333333333333,0.05405405405405406,0.10526315789473684,0.4594594594594595,0.3508771929824561,0.125,0.32432432432432434,0.0,0.3548387096774194
2023,"smith, will",881,124.6,0.7314616258474061,0.0,0.0847457627118644,0.0967741935483871,0.18181818181818182,0.4406779661016949,0.3548387096774194,0.0,0.08163265306122448,0.19230769230769232,0.30612244897959184,0.2727272727272727,0.38461538461538464,0.0,0.3223684210526316
2023,"borucki, ryan",531,124.5,0.7284003942404813,0.0,0.05714285714285714,0.0,0.0,0.3142857142857143,0.30434782608695654,0.06060606060606061,0.1111111111111111,0.21212121212121213,0.4444444444444444,0.6,0.3333333333333333,0.0,0.21839080459770116
2023,"rasmussen, drew",677,124.3,0.7241770128216897,0.0,0.05555555555555555,0.06896551724137931,0.5,0.24074074074074073,0.3793103448275862,0.034482758620689655,0.061224489795918366,0.2413793103448276,0.2857142857142857,0.45454545454545453,0.41379310344827586,0.0,0.39285714285714285
2023,"anderson, nick",548,124.1,0.7166414683520421,0.25,0.11904761904761904,0.047619047619047616,0.375,0.2857142857142857,0.19047619047619047,0.0,0.10714285714285714,0.3,0.2857142857142857,0.0,0.4,0.0,0.2765957446808511
2023,"stripling, ross",1456,124.1,0.7164702695196585,0.034482758620689655,0.03821656050955414,0.022988505747126436,0.2413793103448276,0.3503184713375796,0.3333333333333333,0.06666666666666667,0.05982905982905983,0.2833333333333333,0.3504273504273504,0.4444444444444444,0.4166666666666667,0.0,0.3817427385892116
2023,"rogers, tyler",1133,124.0,0.7145440423368321,0.0,0.07042253521126761,0.02631578947368421,0.25,0.4225352112676056,0.2894736842105263,0.08823529411764706,0.075,0.35294117647058826,0.35,0.25,0.22058823529411764,0.05,0.29357798165137616
2023,"cordero, jimmy",515,123.6,0.7027617207698426,0.0,0.1282051282051282,0.05263157894736842,0.0,0.358974358974359,0.3157894736842105,0.125,0.1111111111111111,0.375,0.2962962962962963,0.2,0.1875,0.0,0.27631578947368424
2023,"urías, julio",1853,122.3,0.6638376699977954,0.06896551724137931,0.05194805194805195,0.03409090909090909,0.41379310344827586,0.36363636363636365,0.3409090909090909,0.07692307692307693,0.07142857142857142,0.38461538461538464,0.35714285714285715,0.26666666666666666,0.31868131868131866,0.0,0.31179775280898875
2023,"varland, louis",1091,122.2,0.659583821997935,0.05,0.08411214953271028,0.11320754716981132,0.35,0.2336448598130841,0.32075471698113206,0.05555555555555555,0.0625,0.4444444444444444,0.275,0.3076923076923077,0.3055555555555556,0.0,0.31950207468879666
2023,"mantiply, joe",575,122.1,0.6577715870547719,0.0,0.0,0.0,0.2222222222222222,0.2916666666666667,0.22727272727272727,0.12,0.10526315789473684,0.52,0.42105263157894735,0.42857142857142855,0.4,0.0,0.37755102040816324
2023,"hoffman, jeff",876,121.9,0.6509977348460271,0.0,0.06666666666666667,0.08333333333333333,0.0,0.35555555555555557,0.3333333333333333,0.0,0.058823529411764705,0.22727272727272727,0.38235294117647056,0.2631578947368421,0.2727272727272727,0.15789473684210525,0.36416184971098264
2023,"faedo, alex",1035,121.4,0.6367558062288495,0.0,0.06818181818181818,0.023255813953488372,0.46153846153846156,0.36363636363636365,0.37209302325581395,0.023255813953488372,0.054945054945054944,0.3953488372093023,0.3076923076923077,0.3,0.3953488372093023,0.05,0.38860103626943004
2023,"foley, jason",1056,121.4,0.6379918294811915,0.0,0.021739130434782608,0.02040816326530612,0.3333333333333333,0.33695652173913043,0.3877551020408163,0.07317073170731707,0.08196721311475409,0.3170731707317073,0.32786885245901637,0.23076923076923078,0.43902439024390244,0.07692307692307693,0.3761904761904762
2023,"yarbrough, ryan",1426,121.3,0.6333792729713913,0.05263157894736842,0.06896551724137931,0.0945945945945946,0.3684210526315789,0.3103448275862069,0.25675675675675674,0.03,0.03816793893129771,0.32,0.24427480916030533,0.3157894736842105,0.31,0.10526315789473684,0.36330935251798563
2023,"whitlock, garrett",1195,120.8,0.617950446246464,0.0,0.07563025210084033,0.08620689655172414,0.35,0.29411764705882354,0.3103448275862069,0.057692307692307696,0.04225352112676056,0.3076923076923077,0.323943661971831,0.3333333333333333,0.5192307692307693,0.0,0.41363636363636364
2023,"eflin, zach",2581,120.7,0.6163505736942466,0.045454545454545456,0.05194805194805195,0.03636363636363636,0.22727272727272727,0.3246753246753247,0.2909090909090909,0.036231884057971016,0.02843601895734597,0.3188405797101449,0.33649289099526064,0.38461538461538464,0.391304347826087,0.11538461538461539,0.32708333333333334
2023,"scherzer, max",2469,120.7,0.6161484409446054,0.0,0.06829268292682927,0.03409090909090909,0.35294117647058826,0.3170731707317073,0.36363636363636365,0.06896551724137931,0.07027027027027027,0.28735632183908044,0.23783783783783785,0.25,0.3218390804597701,0.125,0.38181818181818183
2023,"topa, justin",1062,120.5,0.6091498861980559,0.0,0.0821917808219178,0.038461538461538464,0.4,0.3561643835616438,0.3076923076923077,0.0425531914893617,0.06779661016949153,0.3829787234042553,0.3389830508474576,0.2,0.3829787234042553,0.06666666666666667,0.3125
2023,"minter, a. j.",1072,120.4,0.6073202775928135,0.0,0.047619047619047616,0.029411764705882353,0.5,0.47619047619047616,0.4411764705882353,0.06896551724137931,0.07142857142857142,0.2413793103448276,0.3333333333333333,0.23529411764705882,0.27586206896551724,0.058823529411764705,0.37799043062200954
2023,"woodruff, brandon",1044,120.3,0.6055318977661189,0.0,0.07058823529411765,0.05128205128205128,0.2727272727272727,0.3058823529411765,0.2564102564102564,0.027777777777777776,0.0684931506849315,0.25,0.3972602739726027,0.25,0.5555555555555556,0.0625,0.3615023474178404
2023,"beck, tristan",1306,120.1,0.5970796448718595,0.05,0.046511627906976744,0.0,0.4,0.3643410852713178,0.3225806451612903,0.06153846153846154,0.07339449541284404,0.4,0.4036697247706422,0.35,0.4461538461538462,0.0,0.32
2023,"cano, yennier",1024,120.1,0.599310995830822,0.0,0.03896103896103896,0.0,0.14285714285714285,0.2857142857142857,0.21621621621621623,0.07317073170731707,0.09230769230769231,0.21951219512195122,0.4,0.3,0.3170731707317073,0.2,0.3333333333333333
2023,"scott, tanner",1220,119.9,0.5936818468515972,0.0,0.07142857142857142,0.10526315789473684,0.2,0.2857142857142857,0.3157894736842105,0.044444444444444446,0.03333333333333333,0.26666666666666666,0.31666666666666665,0.44,0.15555555555555556,0.16,0.2981651376146789
2023,"steele, justin",2683,119.8,0.5885196355112994,0.037037037037037035,0.04219409282700422,0.029850746268656716,0.4074074074074074,0.350210970464135,0.27611940298507465,0.07086614173228346,0.07246376811594203,0.4251968503937008,0.3719806763285024,0.3023255813953488,0.36220472440944884,0.046511627906976744,0.3459552495697074
2023,"teherán, julio",1083,119.4,0.5762120354821622,0.047619047619047616,0.05084745762711865,0.05263157894736842,0.3333333333333333,0.3474576271186441,0.3684210526315789,0.11475409836065574,0.08602150537634409,0.3114754098360656,0.3010752688172043,0.17647058823529413,0.4918032786885246,0.0,0.3404255319148936
2023,"holton, tyler",1199,119.3,0.575802586901756,0.14285714285714285,0.06818181818181818,0.11538461538461539,0.2857142857142857,0.36363636363636365,0.28846153846153844,0.015873015873015872,0.011363636363636364,0.3333333333333333,0.3409090909090909,0.26666666666666666,0.3333333333333333,0.06666666666666667,0.3282051282051282
2023,"milner, hoby",1027,119.1,0.5680985518379078,0.125,0.05,0.08333333333333333,0.125,0.31666666666666665,0.4583333333333333,0.10256410256410256,0.07547169811320754,0.38461538461538464,0.2641509433962264,0.23076923076923078,0.358974358974359,0.0,0.4329268292682927
2023,"falter, bailey",1297,118.9,0.563215951407401,0.041666666666666664,0.06428571428571428,0.05128205128205128,0.3333333333333333,0.38571428571428573,0.3974358974358974,0.03571428571428571,0.028037383177570093,0.3392857142857143,0.3644859813084112,0.3,0.42857142857142855,0.05,0.3358208955223881
2023,"iglesias, raisel",878,118.1,0.5395392328722719,0.0,0.08196721311475409,0.058823529411764705,0.4,0.32786885245901637,0.2647058823529412,0.03571428571428571,0.041666666666666664,0.39285714285714285,0.3125,0.5384615384615384,0.2857142857142857,0.07692307692307693,0.29878048780487804
2023,"lópez, pablo",3032,118.0,0.5355775917416897,0.03225806451612903,0.06995884773662552,0.037037037037037035,0.3548387096774194,0.3045267489711934,0.3148148148148148,0.0896551724137931,0.08333333333333333,0.30344827586206896,0.3055555555555556,0.42592592592592593,0.32413793103448274,0.05555555555555555,0.3554006968641115
2023,"ober, bailey",2327,117.9,0.533564560161705,0.07894736842105263,0.046875,0.0425531914893617,0.34210526315789475,0.359375,0.30851063829787234,0.11827956989247312,0.049723756906077346,0.3333333333333333,0.32044198895027626,0.2857142857142857,0.3763440860215054,0.05714285714285714,0.36419753086419754
2023,"taillon, jameson",2534,117.7,0.5263342124646475,0.02,0.06882591093117409,0.0390625,0.36,0.3360323886639676,0.2734375,0.056910569105691054,0.07575757575757576,0.24390243902439024,0.2676767676767677,0.4090909090909091,0.42276422764227645,0.09090909090909091,0.36
2023,"dodd, dylan",570,117.7,0.5257037173408883,0.0,0.06097560975609756,0.04878048780487805,0.23529411764705882,0.3048780487804878,0.34146341463414637,0.041666666666666664,0.05660377358490566,0.3333333333333333,0.33962264150943394,0.4166666666666667,0.4583333333333333,0.08333333333333333,0.30357142857142855
2023,"kluber, corey",990,117.6,0.5229861145954434,0.043478260869565216,0.05263157894736842,0.0425531914893617,0.17391304347826086,0.24210526315789474,0.2127659574468085,0.14285714285714285,0.0875,0.2619047619047619,0.3125,0.21739130434782608,0.42857142857142855,0.13043478260869565,0.3193717277486911
2023,"burke, brock",928,117.5,0.5204166674678643,0.0,0.023255813953488372,0.02040816326530612,0.26666666666666666,0.3023255813953488,0.3469387755102041,0.0,0.0,0.4375,0.39705882352941174,0.5,0.4375,0.16666666666666666,0.34579439252336447
2023,"bradford, cody",975,117.5,0.52161468159373,0.0,0.056179775280898875,0.046511627906976744,0.5,0.33707865168539325,0.4418604651162791,0.0,0.04054054054054054,0.40540540540540543,0.40540540540540543,0.25,0.43243243243243246,0.08333333333333333,0.3401015228426396
2023,"waldron, matt",673,117.3,0.5159189736191527,0.07142857142857142,0.06349206349206349,0.12,0.2857142857142857,0.3492063492063492,0.32,0.08333333333333333,0.05172413793103448,0.3055555555555556,0.3103448275862069,0.2727272727272727,0.4722222222222222,0.0,0.3282442748091603
2023,"webb, logan",3184,117.1,0.5083943364865664,0.02564102564102564,0.02932551319648094,0.03225806451612903,0.38461538461538464,0.36656891495601174,0.4,0.07258064516129033,0.048507462686567165,0.3790322580645161,0.34701492537313433,0.34285714285714286,0.4596774193548387,0.05714285714285714,0.3701754385964912
2023,"garcía, yimi",1101,116.8,0.4990268265581362,0.0,0.029850746268656716,0.044444444444444446,0.36363636363636365,0.34328358208955223,0.3111111111111111,0.10526315789473684,0.061224489795918366,0.4473684210526316,0.3877551020408163,0.5,0.2631578947368421,0.05555555555555555,0.3888888888888889
2023,"wheeler, zack",3158,116.8,0.4992696406231301,0.043478260869565216,0.06097560975609756,0.032,0.43478260869565216,0.4186991869918699,0.368,0.05844155844155844,0.08520179372197309,0.34415584415584416,0.40358744394618834,0.2978723404255319,0.35714285714285715,0.02127659574468085,0.3525641025641026
2023,"megill, trevor",602,116.7,0.49583700805514247,0.16666666666666666,0.0851063829787234,0.047619047619047616,0.16666666666666666,0.3617021276595745,0.23809523809523808,0.0,0.04,0.3333333333333333,0.36,0.23076923076923078,0.1111111111111111,0.23076923076923078,0.3490566037735849
2023,"brebbia, john",682,116.6,0.49416852085404434,0.1111111111111111,0.06382978723404255,0.09090909090909091,0.1111111111111111,0.3617021276595745,0.4090909090909091,0.0,0.08823529411764706,0.3076923076923077,0.23529411764705882,0.2727272727272727,0.38461538461538464,0.09090909090909091,0.42105263157894735
2023,"clevinger, mike",2105,116.5,0.4918505159768187,0.037037037037037035,0.047619047619047616,0.04395604395604396,0.2222222222222222,0.35978835978835977,0.27472527472527475,0.08333333333333333,0.056179775280898875,0.3333333333333333,0.3258426966292135,0.2916666666666667,0.3541666666666667,0.14583333333333334,0.31909547738693467
2023,"francis, bowden",539,116.3,0.4864855887674276,0.0,0.047619047619047616,0.0,0.3,0.38095238095238093,0.43478260869565216,0.0,0.02857142857142857,0.2857142857142857,0.2571428571428571,0.25,0.42857142857142855,0.25,0.33035714285714285
2023,"englert, mason",960,116.3,0.48431476110720373,0.05555555555555555,0.06666666666666667,0.05555555555555555,0.4444444444444444,0.4095238095238095,0.35185185185185186,0.06896551724137931,0.05454545454545454,0.3793103448275862,0.4,0.23529411764705882,0.4482758620689655,0.0,0.38202247191011235
2023,"hendricks, kyle",2112,116.3,0.4852170391694483,0.03571428571428571,0.052083333333333336,0.05504587155963303,0.35714285714285715,0.3854166666666667,0.3119266055045872,0.045454545454545456,0.06217616580310881,0.2922077922077922,0.32642487046632124,0.5357142857142857,0.3246753246753247,0.07142857142857142,0.31974921630094044
2023,"maton, phil",1047,116.2,0.4834909840754957,0.0,0.14545454545454545,0.06666666666666667,0.16666666666666666,0.3090909090909091,0.3,0.09523809523809523,0.10714285714285714,0.30952380952380953,0.2857142857142857,0.25,0.16666666666666666,0.10714285714285714,0.3224043715846995
2023,"banks, tanner",1012,116.1,0.47899754956945306,0.0,0.05813953488372093,0.046511627906976744,0.3076923076923077,0.38372093023255816,0.4186046511627907,0.0967741935483871,0.015384615384615385,0.2903225806451613,0.2923076923076923,0.3684210526315789,0.25806451612903225,0.15789473684210525,0.38323353293413176
2023,"gaddis, hunter",687,116.0,0.4756185483336836,0.0,0.027777777777777776,0.03125,0.2857142857142857,0.3194444444444444,0.375,0.06896551724137931,0.09230769230769231,0.27586206896551724,0.3076923076923077,0.3888888888888889,0.4482758620689655,0.1111111111111111,0.4090909090909091
2023,"raley, brooks",996,115.9,0.4742480973649987,0.0,0.10204081632653061,0.037037037037037035,0.42857142857142855,0.3673469387755102,0.2962962962962963,0.06666666666666667,0.13636363636363635,0.3333333333333333,0.38636363636363635,0.20833333333333334,0.3,0.041666666666666664,0.40384615384615385
2023,"freeland, kyle",2419,115.8,0.47100042420724636,0.043478260869565216,0.05821917808219178,0.034722222222222224,0.5217391304347826,0.3219178082191781,0.3819444444444444,0.03508771929824561,0.06511627906976744,0.3684210526315789,0.29767441860465116,0.4418604651162791,0.5,0.023255813953488372,0.37763713080168776
2023,"bednar, david",1122,115.8,0.4709945957406718,0.0,0.058823529411764705,0.06060606060606061,0.2222222222222222,0.3382352941176471,0.3333333333333333,0.05714285714285714,0.07017543859649122,0.45714285714285713,0.3684210526315789,0.35,0.3142857142857143,0.1,0.31877729257641924
2023,"ryan, joe",2685,115.7,0.46792333318364016,0.07894736842105263,0.06382978723404255,0.05555555555555555,0.23684210526315788,0.33617021276595743,0.26851851851851855,0.09782608695652174,0.05405405405405406,0.3804347826086957,0.3567567567567568,0.38461538461538464,0.3804347826086957,0.05128205128205128,0.33229329173166927
2023,"civale, aaron",2010,115.1,0.44994462258266266,0.045454545454545456,0.09714285714285714,0.06818181818181818,0.13636363636363635,0.30857142857142855,0.2840909090909091,0.08433734939759036,0.1095890410958904,0.3132530120481928,0.3013698630136986,0.35294117647058826,0.3493975903614458,0.058823529411764705,0.38726790450928383
2023,"vesia, alex",866,115.0,0.44667231015944797,0.0,0.030303030303030304,0.06666666666666667,0.2222222222222222,0.4393939393939394,0.6333333333333333,0.0,0.06818181818181818,0.46153846153846156,0.38636363636363635,0.5,0.15384615384615385,0.07142857142857142,0.40119760479041916
2023,"canning, griffin",2182,114.9,0.44477020578646936,0.06060606060606061,0.06878306878306878,0.05434782608695652,0.36363636363636365,0.3862433862433862,0.31521739130434784,0.030303030303030304,0.0728476821192053,0.2727272727272727,0.3841059602649007,0.3684210526315789,0.36363636363636365,0.07894736842105263,0.37789203084832906
2023,"gibaut, ian",1230,114.8,0.44097656889869036,0.0,0.13414634146341464,0.125,0.09090909090909091,0.25609756097560976,0.16666666666666666,0.038461538461538464,0.0958904109589041,0.34615384615384615,0.3424657534246575,0.2727272727272727,0.2692307692307692,0.13636363636363635,0.31048387096774194
2023,"strider, spencer",3102,114.7,0.43831219349742917,0.09090909090909091,0.07109004739336493,0.07894736842105263,0.24242424242424243,0.32701421800947866,0.34210526315789475,0.09803921568627451,0.08928571428571429,0.30392156862745096,0.2857142857142857,0.43548387096774194,0.27450980392156865,0.04838709677419355,0.3147208121827411
2023,"morgan, eli",1204,114.7,0.43742458868565004,0.05555555555555555,0.10126582278481013,0.10638297872340426,0.16666666666666666,0.4936708860759494,0.44680851063829785,0.04,0.015384615384615385,0.32,0.35384615384615387,0.17391304347826086,0.42,0.043478260869565216,0.3551020408163265
2023,"cobb, alex",2509,114.6,0.433385499493623,0.0625,0.06640625,0.0859375,0.28125,0.3359375,0.34375,0.09482758620689655,0.07100591715976332,0.2413793103448276,0.33727810650887574,0.43902439024390244,0.3275862068965517,0.04878048780487805,0.3842364532019704
2023,"sears, jp",2877,114.6,0.43576397941711786,0.05454545454545454,0.0888030888030888,0.07518796992481203,0.43636363636363634,0.3590733590733591,0.40601503759398494,0.10256410256410256,0.06578947368421052,0.3333333333333333,0.30701754385964913,0.25757575757575757,0.2905982905982906,0.045454545454545456,0.3608768971332209
2023,"matz, steven",1867,114.6,0.43342995301460235,0.0,0.04375,0.0375,0.3333333333333333,0.3375,0.275,0.10144927536231885,0.0703125,0.3188405797101449,0.421875,0.5,0.37681159420289856,0.06666666666666667,0.3735632183908046
2023,"chafin, andrew",922,114.4,0.42863283920958906,0.2,0.10204081632653061,0.06451612903225806,0.2,0.4489795918367347,0.3225806451612903,0.07142857142857142,0.02564102564102564,0.42857142857142855,0.38461538461538464,0.375,0.21428571428571427,0.0,0.45985401459854014
2023,"devenski, chris",685,114.1,0.4207523965418401,0.0,0.05660377358490566,0.03333333333333333,0.3076923076923077,0.2830188679245283,0.3,0.0,0.02631578947368421,0.28,0.2894736842105263,0.36363636363636365,0.4,0.2727272727272727,0.5267857142857143
2023,"romero, jojo",550,114.1,0.42031389398687413,0.0,0.05263157894736842,0.1111111111111111,0.5,0.3684210526315789,0.2777777777777778,0.15,0.06666666666666667,0.55,0.3,0.36363636363636365,0.25,0.0,0.4225352112676056
2023,"floro, dylan",969,114.0,0.4177325987365391,0.2,0.04838709677419355,0.075,0.4,0.22580645161290322,0.175,0.15151515151515152,0.11538461538461539,0.36363636363636365,0.36538461538461536,0.25,0.21212121212121213,0.0625,0.34146341463414637
2023,"kershaw, clayton",2029,113.8,0.40963834674356964,0.03571428571428571,0.10465116279069768,0.09302325581395349,0.14285714285714285,0.28488372093023256,0.313953488372093,0.1038961038961039,0.08571428571428572,0.4025974025974026,0.32857142857142857,0.38095238095238093,0.2857142857142857,0.047619047619047616,0.34574468085106386
2023,"mikolas, miles",3198,113.7,0.40910862997973624,0.05084745762711865,0.049315068493150684,0.05434782608695652,0.2033898305084746,0.32602739726027397,0.32608695652173914,0.07874015748031496,0.06439393939393939,0.2992125984251969,0.3522727272727273,0.4772727272727273,0.4645669291338583,0.06818181818181818,0.3488372093023256
2023,"fried, max",1244,113.5,0.4004659781765977,0.0,0.11702127659574468,0.1276595744680851,0.25,0.4148936170212766,0.44680851063829785,0.045454545454545456,0.06862745098039216,0.3181818181818182,0.46078431372549017,0.2222222222222222,0.3333333333333333,0.0,0.3285024154589372
2023,"gallegos, giovanny",886,113.5,0.4032336192099201,0.08333333333333333,0.027777777777777776,0.08108108108108109,0.3333333333333333,0.3333333333333333,0.3783783783783784,0.12,0.047619047619047616,0.36,0.3333333333333333,0.4,0.52,0.0,0.35074626865671643
2023,"nola, aaron",3094,113.4,0.39900429735644327,0.022727272727272728,0.06934306569343066,0.06666666666666667,0.4318181818181818,0.40145985401459855,0.34074074074074073,0.08130081300813008,0.060085836909871244,0.3252032520325203,0.38626609442060084,0.4186046511627907,0.3902439024390244,0.023255813953488372,0.3333333333333333
2023,"brash, matt",1306,113.3,0.39689124966744654,0.0,0.03076923076923077,0.0,0.2857142857142857,0.4153846153846154,0.47058823529411764,0.13333333333333333,0.07317073170731707,0.3333333333333333,0.2682926829268293,0.25,0.26666666666666666,0.1875,0.3763440860215054
2023,"lugo, seth",2378,113.3,0.3957536152757787,0.07894736842105263,0.06722689075630252,0.059322033898305086,0.3157894736842105,0.37815126050420167,0.3389830508474576,0.0375,0.062111801242236024,0.35,0.39751552795031053,0.4473684210526316,0.4375,0.02631578947368421,0.3543123543123543
2023,"lorenzen, michael",2369,113.2,0.39246027927122157,0.05555555555555555,0.06072874493927125,0.05263157894736842,0.2222222222222222,0.27125506072874495,0.3684210526315789,0.0989010989010989,0.08571428571428572,0.3626373626373626,0.30952380952380953,0.375,0.4065934065934066,0.08333333333333333,0.3392461197339246
2023,"miller, bryce",2095,113.2,0.392976804467584,0.02631578947368421,0.05741626794258373,0.0603448275862069,0.2631578947368421,0.3253588516746411,0.3103448275862069,0.05063291139240506,0.06289308176100629,0.3924050632911392,0.36477987421383645,0.3870967741935484,0.45569620253164556,0.0967741935483871,0.3170731707317073
2023,"skubal, tarik",1219,113.1,0.3910422732132829,0.0,0.06930693069306931,0.10526315789473684,0.5,0.45544554455445546,0.42105263157894735,0.08695652173913043,0.06493506493506493,0.3695652173913043,0.36363636363636365,0.3125,0.32608695652173914,0.0,0.2874493927125506
2023,"scholtens, jesse",1451,113.1,0.38914758526237986,0.047619047619047616,0.06474820143884892,0.027777777777777776,0.3333333333333333,0.302158273381295,0.2777777777777778,0.1320754716981132,0.09917355371900827,0.3018867924528302,0.371900826446281,0.5333333333333333,0.33962264150943394,0.03333333333333333,0.43859649122807015
2023,"junis, jakob",1395,113.1,0.3897821239394676,0.05555555555555555,0.07207207207207207,0.0967741935483871,0.3333333333333333,0.32432432432432434,0.3548387096774194,0.09259259259259259,0.056818181818181816,0.37037037037037035,0.23863636363636365,0.391304347826087,0.42592592592592593,0.043478260869565216,0.39732142857142855
2023,"alzolay, adbert",968,113.0,0.38817456706969894,0.0,0.0684931506849315,0.11627906976744186,0.2222222222222222,0.3561643835616438,0.37209302325581395,0.14285714285714285,0.045454545454545456,0.39285714285714285,0.3409090909090909,0.5,0.32142857142857145,0.0,0.35294117647058826
2023,"barría, jaime",1377,112.7,0.37665991062968596,0.07142857142857142,0.06611570247933884,0.07142857142857142,0.14285714285714285,0.2892561983471074,0.2619047619047619,0.08333333333333333,0.0660377358490566,0.375,0.39622641509433965,0.4230769230769231,0.4027777777777778,0.07692307692307693,0.4194915254237288
2023,"corbin, patrick",2925,112.2,0.3632032798648152,0.1111111111111111,0.0729483282674772,0.08875739644970414,0.3888888888888889,0.3252279635258359,0.35502958579881655,0.04838709677419355,0.05660377358490566,0.25806451612903225,0.29245283018867924,0.36666666666666664,0.4596774193548387,0.06666666666666667,0.3995433789954338
2023,"brasier, ryan",909,112.2,0.3636346724745416,0.0,0.07142857142857142,0.11428571428571428,0.0,0.35714285714285715,0.2571428571428571,0.07142857142857142,0.0425531914893617,0.32142857142857145,0.3829787234042553,0.5714285714285714,0.35714285714285715,0.09523809523809523,0.375
2023,"hoeing, bryan",1134,112.0,0.35819915274485636,0.047619047619047616,0.08620689655172414,0.06896551724137931,0.2857142857142857,0.3620689655172414,0.3275862068965517,0.10256410256410256,0.1,0.38461538461538464,0.4111111111111111,0.375,0.23076923076923078,0.041666666666666664,0.35625
2023,"payamps, joel",1126,111.7,0.34903735564714616,0.1111111111111111,0.08571428571428572,0.05405405405405406,0.3333333333333333,0.37142857142857144,0.40540540540540543,0.08333333333333333,0.10909090909090909,0.3888888888888889,0.36363636363636365,0.2,0.4166666666666667,0.0,0.4036144578313253
2023,"santos, gregory",1053,111.7,0.3487895709653973,0.0,0.1,0.14285714285714285,0.5,0.325,0.3877551020408163,0.05,0.014492753623188406,0.325,0.36231884057971014,0.38095238095238093,0.275,0.09523809523809523,0.3270440251572327
2023,"vest, will",784,111.5,0.34209789250731626,0.0,0.047619047619047616,0.037037037037037035,0.2,0.36507936507936506,0.2962962962962963,0.045454545454545456,0.08888888888888889,0.18181818181818182,0.26666666666666666,0.6666666666666666,0.5454545454545454,0.1111111111111111,0.2550335570469799
2023,"pérez, eury",1538,111.4,0.33956742400943984,0.041666666666666664,0.06299212598425197,0.07547169811320754,0.16666666666666666,0.3779527559055118,0.33962264150943394,0.07142857142857142,0.08411214953271028,0.39285714285714285,0.45794392523364486,0.25806451612903225,0.42857142857142855,0.06451612903225806,0.3102189781021898
2023,"fulmer, michael",950,111.3,0.336905671246624,0.0,0.1276595744680851,0.09090909090909091,0.14285714285714285,0.3191489361702128,0.24242424242424243,0.07692307692307693,0.10869565217391304,0.2564102564102564,0.2608695652173913,0.39285714285714285,0.2564102564102564,0.14285714285714285,0.38926174496644295
2023,"leone, dominic",898,111.2,0.3337697452473142,0.11764705882352941,0.07352941176470588,0.05263157894736842,0.4117647058823529,0.35294117647058826,0.23684210526315788,0.07407407407407407,0.09090909090909091,0.25925925925925924,0.38636363636363635,0.375,0.2222222222222222,0.125,0.43448275862068964
2023,"ryu, hyun jin",830,111.2,0.33272239338116777,0.07692307692307693,0.0684931506849315,0.07692307692307693,0.23076923076923078,0.3287671232876712,0.3333333333333333,0.0851063829787234,0.0958904109589041,0.5319148936170213,0.4520547945205479,0.42857142857142855,0.2978723404255319,0.0,0.3006993006993007
2023,"garrett, braxton",2486,111.2,0.3348545244631955,0.17647058823529413,0.06,0.09090909090909091,0.4117647058823529,0.36,0.3560606060606061,0.05825242718446602,0.037037037037037035,0.2621359223300971,0.345679012345679,0.3157894736842105,0.46601941747572817,0.05263157894736842,0.3627450980392157
2023,"bradley, taj",1822,111.1,0.3304023615849591,0.03225806451612903,0.07926829268292683,0.046511627906976744,0.41935483870967744,0.4024390243902439,0.4069767441860465,0.0851063829787234,0.06086956521739131,0.3191489361702128,0.3652173913043478,0.32432432432432434,0.2978723404255319,0.10810810810810811,0.30808080808080807
2023,"bradish, kyle",2642,111.1,0.3302480635434746,0.03333333333333333,0.07083333333333333,0.05172413793103448,0.23333333333333334,0.375,0.3448275862068966,0.08235294117647059,0.065,0.4588235294117647,0.44,0.2653061224489796,0.3411764705882353,0.10204081632653061,0.3568181818181818
2023,"houck, tanner",1742,111.1,0.3316034117719696,0.0,0.08571428571428572,0.029850746268656716,0.23809523809523808,0.34285714285714286,0.3283582089552239,0.09090909090909091,0.13636363636363635,0.45454545454545453,0.45454545454545453,0.35555555555555557,0.30303030303030304,0.044444444444444446,0.3680297397769517
2023,"sale, chris",1672,111.0,0.32659440589132516,0.13636363636363635,0.06722689075630252,0.05357142857142857,0.22727272727272727,0.33613445378151263,0.3392857142857143,0.07142857142857142,0.09401709401709402,0.37142857142857144,0.3418803418803419,0.2647058823529412,0.3142857142857143,0.11764705882352941,0.3569023569023569
2023,"zerpa, angel",707,111.0,0.3263220996451103,0.09090909090909091,0.0547945205479452,0.05714285714285714,0.7272727272727273,0.3835616438356164,0.42857142857142855,0.038461538461538464,0.05660377358490566,0.2692307692307692,0.3584905660377358,0.25,0.4230769230769231,0.08333333333333333,0.41379310344827586
2023,"winans, allan",536,110.6,0.31678156085174974,0.25,0.0425531914893617,0.08,0.25,0.3829787234042553,0.36,0.13636363636363635,0.08823529411764706,0.2727272727272727,0.5,0.25,0.2727272727272727,0.0,0.30434782608695654
2023,"keller, mitch",3122,110.6,0.3162686453135561,0.08888888888888889,0.10646387832699619,0.09933774834437085,0.35555555555555557,0.3193916349809886,0.3973509933774834,0.07432432432432433,0.0945945945945946,0.34459459459459457,0.32432432432432434,0.2878787878787879,0.30405405405405406,0.045454545454545456,0.3581081081081081
2023,"armstrong, shawn",799,110.5,0.3129102952824608,0.0,0.08928571428571429,0.038461538461538464,0.25,0.375,0.34615384615384615,0.13333333333333333,0.10909090909090909,0.26666666666666666,0.3090909090909091,0.42857142857142855,0.36666666666666664,0.07142857142857142,0.2556818181818182
2023,"schmidt, clarke",2714,110.5,0.3114449489480547,0.029411764705882353,0.06639004149377593,0.04201680672268908,0.4117647058823529,0.35684647302904565,0.36134453781512604,0.13970588235294118,0.11,0.33088235294117646,0.315,0.4074074074074074,0.3161764705882353,0.05555555555555555,0.37298387096774194
2023,"chapman, aroldis",1021,110.5,0.31286943758861124,0.1,0.05405405405405406,0.03571428571428571,0.3,0.2972972972972973,0.42857142857142855,0.13793103448275862,0.08571428571428572,0.41379310344827586,0.37142857142857144,0.21875,0.1724137931034483,0.15625,0.3006535947712418
2023,"rea, colin",2021,110.4,0.3082266422698886,0.04,0.09313725490196079,0.07446808510638298,0.24,0.3382352941176471,0.3404255319148936,0.09333333333333334,0.0759493670886076,0.3466666666666667,0.34177215189873417,0.4,0.36,0.075,0.34146341463414637
2023,"maeda, kenta",1702,110.2,0.3043088048153674,0.045454545454545456,0.07236842105263158,0.08108108108108109,0.45454545454545453,0.3618421052631579,0.47297297297297297,0.05357142857142857,0.05737704918032787,0.5,0.3770491803278688,0.3448275862068966,0.35714285714285715,0.034482758620689655,0.34726688102893893
2023,"berríos, josé",2945,110.1,0.30116497593348296,0.043478260869565216,0.0859375,0.08783783783783784,0.3695652173913043,0.40234375,0.3581081081081081,0.06060606060606061,0.08035714285714286,0.30303030303030304,0.35714285714285715,0.42105263157894735,0.3484848484848485,0.05263157894736842,0.33958333333333335
2023,"tonkin, michael",1287,110.1,0.30193208661490956,0.1111111111111111,0.06086956521739131,0.07547169811320754,0.5,0.3130434782608696,0.3584905660377358,0.05128205128205128,0.07228915662650602,0.3076923076923077,0.3493975903614458,0.5,0.41025641025641024,0.041666666666666664,0.3474903474903475
2023,"lynch, daniel",809,110.0,0.2978396676788413,0.07692307692307693,0.10465116279069768,0.09523809523809523,0.3076923076923077,0.37209302325581395,0.3333333333333333,0.02127659574468085,0.07692307692307693,0.3617021276595745,0.38461538461538464,0.35294117647058826,0.5319148936170213,0.0,0.3629032258064516
2023,"davidson, tucker",855,110.0,0.29828105952279854,0.0,0.05405405405405406,0.037037037037037035,0.45454545454545453,0.47297297297297297,0.5740740740740741,0.08823529411764706,0.11320754716981132,0.5588235294117647,0.3584905660377358,0.1875,0.20588235294117646,0.0625,0.3333333333333333
2023,"glasnow, tyler",1903,109.9,0.2955994346394068,0.12121212121212122,0.10559006211180125,0.136986301369863,0.24242424242424243,0.2919254658385093,0.3013698630136986,0.08064516129032258,0.06086956521739131,0.2903225806451613,0.26956521739130435,0.35294117647058826,0.4032258064516129,0.058823529411764705,0.41830065359477125
2023,"doval, camilo",1163,109.8,0.291464953922386,0.0,0.08771929824561403,0.07407407407407407,0.4,0.3157894736842105,0.4074074074074074,0.11428571428571428,0.06,0.42857142857142855,0.24,0.39285714285714285,0.3142857142857143,0.10714285714285714,0.3333333333333333
2023,"strahm, matt",1367,109.8,0.29139728691373024,0.17647058823529413,0.06481481481481481,0.07407407407407407,0.5294117647058824,0.4074074074074074,0.37037037037037035,0.02631578947368421,0.013333333333333334,0.2894736842105263,0.32,0.43478260869565216,0.39473684210526316,0.08695652173913043,0.32
2023,"pruitt, austin",763,109.7,0.2891667645708696,0.1,0.08064516129032258,0.027777777777777776,0.5,0.4032258064516129,0.3333333333333333,0.1,0.034482758620689655,0.36666666666666664,0.5344827586206896,0.36363636363636365,0.43333333333333335,0.0,0.40875912408759124
2023,"baker, bryan",793,109.7,0.2893630049919731,0.0,0.06666666666666667,0.13043478260869565,0.6,0.3111111111111111,0.391304347826087,0.045454545454545456,0.05,0.3181818181818182,0.325,0.5238095238095238,0.2727272727272727,0.09523809523809523,0.4406779661016949
2023,"montgomery, jordan",2923,109.6,0.2868387961492488,0.07894736842105263,0.052083333333333336,0.08391608391608392,0.3157894736842105,0.3611111111111111,0.36363636363636365,0.11564625850340136,0.07468879668049792,0.36054421768707484,0.3900414937759336,0.3333333333333333,0.40816326530612246,0.041666666666666664,0.39655172413793105
2023,"gallen, zac",3252,109.5,0.2830861122924986,0.018867924528301886,0.05357142857142857,0.05263157894736842,0.5094339622641509,0.36904761904761907,0.3684210526315789,0.05434782608695652,0.05092592592592592,0.358695652173913,0.32407407407407407,0.4423076923076923,0.3804347826086957,0.1346153846153846,0.39783001808318263
2023,"cole, gerrit",3286,109.5,0.2819952796877734,0.13513513513513514,0.06343283582089553,0.09285714285714286,0.2702702702702703,0.30223880597014924,0.3142857142857143,0.088,0.07860262008733625,0.392,0.37117903930131,0.3888888888888889,0.312,0.07407407407407407,0.37574850299401197
2023,"musgrove, joe",1561,109.4,0.2788939793906275,0.07142857142857142,0.06015037593984962,0.06779661016949153,0.21428571428571427,0.3533834586466165,0.3220338983050847,0.1076923076923077,0.09917355371900827,0.2923076923076923,0.3305785123966942,0.2413793103448276,0.38461538461538464,0.13793103448275862,0.3356164383561644
2023,"manning, matt",1183,109.3,0.2761162234212338,0.038461538461538464,0.05755395683453238,0.06779661016949153,0.2692307692307692,0.37410071942446044,0.2542372881355932,0.08,0.07547169811320754,0.24,0.3584905660377358,0.4583333333333333,0.44,0.125,0.3157894736842105
2023,"brogdon, connor",545,109.0,0.26904340989845554,0.0,0.03125,0.058823529411764705,0.6666666666666666,0.4375,0.5294117647058824,0.08695652173913043,0.14285714285714285,0.17391304347826086,0.25,0.16666666666666666,0.4782608695652174,0.08333333333333333,0.3711340206185567
2023,"castillo, luis",3209,108.9,0.26413155228216023,0.10638297872340426,0.06785714285714285,0.08759124087591241,0.425531914893617,0.3964285714285714,0.39416058394160586,0.08130081300813008,0.07692307692307693,0.3170731707317073,0.37104072398190047,0.2631578947368421,0.3983739837398374,0.05263157894736842,0.3275316455696203
2023,"shreve, chasen",753,108.8,0.2622554870718431,0.0,0.08,0.0,0.5555555555555556,0.46,0.4,0.09523809523809523,0.13333333333333333,0.3333333333333333,0.35555555555555557,0.42857142857142855,0.42857142857142855,0.0,0.3225806451612903
2023,"luzardo, jesús",2994,108.8,0.2611893819548269,0.046511627906976744,0.08433734939759036,0.08333333333333333,0.32558139534883723,0.40160642570281124,0.375,0.10891089108910891,0.08854166666666667,0.37623762376237624,0.3541666666666667,0.30357142857142855,0.2871287128712871,0.07142857142857142,0.3524904214559387
2023,"nardi, andrew",966,108.7,0.2604737807929895,0.0,0.11363636363636363,0.06896551724137931,0.25,0.4318181818181818,0.3793103448275862,0.08108108108108109,0.16981132075471697,0.21621621621621623,0.3018867924528302,0.3,0.35135135135135137,0.05,0.3671497584541063
2023,"harrison, kyle",588,108.6,0.256190259427054,0.0,0.11538461538461539,0.12,0.14285714285714285,0.40384615384615385,0.32,0.0,0.06818181818181818,0.5,0.4090909090909091,0.5714285714285714,0.2222222222222222,0.07142857142857142,0.3302752293577982
2023,"hernandez, jose",876,108.6,0.25471388752277113,0.25,0.08620689655172414,0.10810810810810811,0.3333333333333333,0.39655172413793105,0.2702702702702703,0.08,0.0425531914893617,0.4,0.2978723404255319,0.2857142857142857,0.28,0.07142857142857142,0.33093525179856115
2023,"sewald, paul",1042,108.4,0.250693682646981,0.2857142857142857,0.08,0.06060606060606061,0.7142857142857143,0.34,0.2727272727272727,0.058823529411764705,0.17647058823529413,0.23529411764705882,0.3137254901960784,0.3333333333333333,0.11764705882352941,0.041666666666666664,0.32727272727272727
2023,"sandlin, nick",1009,108.4,0.24924980420493906,0.0,0.11864406779661017,0.04,0.5,0.423728813559322,0.44,0.06451612903225806,0.13636363636363635,0.3548387096774194,0.38636363636363635,0.2727272727272727,0.2903225806451613,0.045454545454545456,0.28654970760233917
2023,"martínez, nick",1756,108.4,0.25112700356059087,0.09090909090909091,0.09565217391304348,0.07575757575757576,0.2727272727272727,0.34782608695652173,0.3181818181818182,0.09090909090909091,0.08,0.32954545454545453,0.39,0.24390243902439024,0.3068181818181818,0.12195121951219512,0.3726937269372694
2023,"bieber, shane",1957,108.3,0.24666699121675573,0.038461538461538464,0.05652173913043478,0.05504587155963303,0.4230769230769231,0.3347826086956522,0.3302752293577982,0.0945945945945946,0.0738255033557047,0.3783783783783784,0.3624161073825503,0.4444444444444444,0.5135135135135135,0.05555555555555555,0.3344947735191638
2023,"koch, matt",584,108.1,0.24106176215526529,0.25,0.07547169811320754,0.06896551724137931,0.625,0.39622641509433965,0.4827586206896552,0.038461538461538464,0.05555555555555555,0.3076923076923077,0.2777777777777778,0.2222222222222222,0.5384615384615384,0.0,0.32407407407407407
2023,"wells, tyler",1905,108.0,0.23800816255313403,0.11428571428571428,0.08074534161490683,0.07894736842105263,0.2857142857142857,0.35403726708074534,0.3157894736842105,0.06756756756756757,0.06993006993006994,0.32432432432432434,0.3776223776223776,0.3611111111111111,0.33783783783783783,0.1111111111111111,0.42318840579710143
2023,"moore, matt",858,107.9,0.2354694136569366,0.125,0.057692307692307696,0.038461538461538464,0.75,0.4230769230769231,0.4230769230769231,0.03571428571428571,0.07547169811320754,0.42857142857142855,0.49056603773584906,0.2857142857142857,0.42857142857142855,0.0,0.3522727272727273
2023,"houser, adrian",1859,107.9,0.2364243682152489,0.0,0.08900523560209424,0.08235294117647059,0.42857142857142855,0.39267015706806285,0.35294117647058826,0.04,0.07194244604316546,0.4266666666666667,0.38848920863309355,0.5,0.4266666666666667,0.029411764705882353,0.40425531914893614
2023,"lively, ben",1384,107.8,0.2312445881614306,0.043478260869565216,0.0684931506849315,0.05333333333333334,0.43478260869565216,0.4178082191780822,0.38666666666666666,0.06666666666666667,0.05,0.3333333333333333,0.35833333333333334,0.5,0.4,0.08333333333333333,0.36574074074074076
2023,"dunning, dane",2698,107.8,0.2329157414640278,0.08333333333333333,0.08764940239043825,0.10714285714285714,0.3055555555555556,0.3466135458167331,0.3,0.088,0.0794392523364486,0.376,0.397196261682243,0.35,0.376,0.05,0.3634408602150538
2023,"bassitt, chris",3160,107.6,0.22728676612383197,0.045454545454545456,0.07749077490774908,0.06060606060606061,0.38636363636363635,0.3763837638376384,0.3409090909090909,0.08695652173913043,0.075,0.40372670807453415,0.4083333333333333,0.38235294117647056,0.3416149068322981,0.08823529411764706,0.3073005093378608
2023,"mayza, tim",820,107.6,0.22680826075327756,0.0,0.11764705882352941,0.02857142857142857,0.5,0.3333333333333333,0.34285714285714286,0.03225806451612903,0.08823529411764706,0.25806451612903225,0.35294117647058826,0.3333333333333333,0.5483870967741935,0.1111111111111111,0.3870967741935484
2023,"alcántara, sandy",2726,107.5,0.22206676537230152,0.08333333333333333,0.06338028169014084,0.08633093525179857,0.3055555555555556,0.2992957746478873,0.3669064748201439,0.10294117647058823,0.07339449541284404,0.3602941176470588,0.3669724770642202,0.5576923076923077,0.40441176470588236,0.038461538461538464,0.2811918063314711
2023,"hill, rich",2536,107.5,0.22254717684132494,0.044444444444444446,0.08368200836820083,0.05384615384615385,0.4,0.39330543933054396,0.34615384615384615,0.08333333333333333,0.12138728323699421,0.4351851851851852,0.3815028901734104,0.4032258064516129,0.2962962962962963,0.04838709677419355,0.36080178173719374
2023,"richards, trevor",1367,107.4,0.219318023034439,0.0625,0.11392405063291139,0.05263157894736842,0.3125,0.35443037974683544,0.2631578947368421,0.05555555555555555,0.1111111111111111,0.2777777777777778,0.36507936507936506,0.3793103448275862,0.3888888888888889,0.10344827586206896,0.40869565217391307
2023,"wilson, bryse",1158,107.4,0.21991944281329978,0.06666666666666667,0.042105263157894736,0.022222222222222223,0.5333333333333333,0.3894736842105263,0.4444444444444444,0.11764705882352941,0.06097560975609756,0.37254901960784315,0.36585365853658536,0.2727272727272727,0.35294117647058826,0.13636363636363635,0.34649122807017546
2023,"beeks, jalen",732,107.4,0.21915682509213252,0.0,0.08,0.08,0.5555555555555556,0.36,0.48,0.0,0.09433962264150944,0.23076923076923078,0.3584905660377358,0.2857142857142857,0.4230769230769231,0.14285714285714285,0.36036036036036034
2023,"jax, griffin",1052,107.3,0.21720702571138137,0.0,0.029850746268656716,0.0625,0.4,0.373134328358209,0.4375,0.2222222222222222,0.06349206349206349,0.4444444444444444,0.42857142857142855,0.21052631578947367,0.26666666666666666,0.10526315789473684,0.3131868131868132
2023,"syndergaard, noah",1409,107.3,0.2170133955125426,0.15151515151515152,0.08609271523178808,0.06976744186046512,0.36363636363636365,0.3841059602649007,0.4186046511627907,0.07228915662650602,0.08620689655172414,0.3132530120481928,0.31896551724137934,0.32142857142857145,0.4457831325301205,0.03571428571428571,0.3524904214559387
2023,"bautista, félix",988,107.0,0.20912306947712986,0.0,0.07317073170731707,0.0,0.8,0.3902439024390244,0.4,0.1875,0.17142857142857143,0.1875,0.37142857142857144,0.14285714285714285,0.125,0.14285714285714285,0.3131868131868132
2023,"hernández, carlos",1257,107.0,0.20916752537685948,0.0625,0.08235294117647059,0.061224489795918366,0.5,0.4823529411764706,0.42857142857142855,0.037037037037037035,0.08163265306122448,0.4074074074074074,0.4489795918367347,0.43333333333333335,0.37037037037037035,0.0,0.3
2023,"cueto, johnny",860,106.9,0.20572397028190584,0.125,0.11688311688311688,0.1282051282051282,0.25,0.36363636363636365,0.3333333333333333,0.024390243902439025,0.05194805194805195,0.36585365853658536,0.38961038961038963,0.29411764705882354,0.43902439024390244,0.058823529411764705,0.3910891089108911
2023,"king, mike",1686,106.9,0.20652081938422923,0.10526315789473684,0.07894736842105263,0.041666666666666664,0.47368421052631576,0.39473684210526316,0.4722222222222222,0.08333333333333333,0.08,0.4027777777777778,0.32,0.17647058823529413,0.3333333333333333,0.11764705882352941,0.379746835443038
2023,"kahnle, tommy",688,106.8,0.2035519648855732,0.0,0.10526315789473684,0.0,0.3333333333333333,0.5,0.4375,0.08,0.0975609756097561,0.4,0.4146341463414634,0.2631578947368421,0.32,0.10526315789473684,0.3106796116504854
2023,"domínguez, seranthony",859,106.8,0.20285849576857506,0.1,0.07142857142857142,0.058823529411764705,0.3,0.4107142857142857,0.29411764705882354,0.21621621621621623,0.14634146341463414,0.32432432432432434,0.34146341463414637,0.28,0.21621621621621623,0.04,0.391304347826087
2023,"hentges, sam",857,106.8,0.20103105580595854,0.125,0.0958904109589041,0.05714285714285714,0.625,0.3972602739726027,0.42857142857142855,0.041666666666666664,0.08333333333333333,0.2916666666666667,0.3055555555555556,0.5294117647058824,0.4166666666666667,0.0,0.3333333333333333
2023,"suter, brent",1130,106.5,0.19458719952226625,0.2,0.09375,0.08108108108108109,0.2,0.34375,0.35135135135135137,0.10526315789473684,0.10810810810810811,0.3508771929824561,0.36486486486486486,0.2222222222222222,0.2807017543859649,0.07407407407407407,0.4632768361581921
2023,"la sorsa, joe",541,106.4,0.19027735729673126,0.0,0.1590909090909091,0.11538461538461539,0.5,0.3409090909090909,0.38461538461538464,0.0,0.0625,0.28,0.34375,0.35714285714285715,0.28,0.14285714285714285,0.2553191489361702
2023,"kelly, joe",715,106.2,0.18402409927251684,0.0,0.06666666666666667,0.2,0.16666666666666666,0.3,0.6666666666666666,0.1,0.07692307692307693,0.45,0.15384615384615385,0.21052631578947367,0.2,0.15789473684210525,0.2698412698412698
2023,"bello, brayan",2622,106.2,0.1846648936378232,0.029411764705882353,0.06463878326996197,0.07017543859649122,0.35294117647058826,0.311787072243346,0.34210526315789475,0.08547008547008547,0.08333333333333333,0.358974358974359,0.3489583333333333,0.39215686274509803,0.4700854700854701,0.11764705882352941,0.3773987206823028
2023,"bird, jake",1392,106.0,0.17913674858104098,0.0,0.08270676691729323,0.07462686567164178,0.22727272727272727,0.39097744360902253,0.3880597014925373,0.09302325581395349,0.10465116279069768,0.32558139534883723,0.47674418604651164,0.4375,0.3488372093023256,0.0625,0.34497816593886466
2023,"rodríguez, eduardo",2449,105.9,0.1759092683459777,0.0967741935483871,0.09950248756218906,0.1,0.3548387096774194,0.3283582089552239,0.37,0.07017543859649122,0.06832298136645963,0.35964912280701755,0.37888198757763975,0.44,0.35964912280701755,0.06,0.3456521739130435
2023,"olson, reese",1744,105.8,0.17385444396215075,0.034482758620689655,0.10559006211180125,0.125,0.41379310344827586,0.40372670807453415,0.3875,0.0,0.08403361344537816,0.37037037037037035,0.35294117647058826,0.4117647058823529,0.48148148148148145,0.029411764705882353,0.37333333333333335
2023,"chargois, j. t.",708,105.8,0.17392504190230249,0.0,0.10638297872340426,0.045454545454545456,0.2,0.40425531914893614,0.45454545454545453,0.05,0.08333333333333333,0.55,0.5277777777777778,0.4375,0.25,0.0625,0.3786407766990291
2023,"castro, miguel",1022,105.6,0.1665403358083375,0.125,0.07407407407407407,0.08571428571428572,0.375,0.42592592592592593,0.3142857142857143,0.20930232558139536,0.1746031746031746,0.3953488372093023,0.3968253968253968,0.16666666666666666,0.16279069767441862,0.0,0.2922077922077922
2023,"king, john",529,105.6,0.16577772217599307,0.0,0.058823529411764705,0.1,0.6666666666666666,0.3333333333333333,0.4666666666666667,0.10714285714285714,0.07894736842105263,0.5,0.3684210526315789,0.6666666666666666,0.21428571428571427,0.0,0.37333333333333335
2023,"jackson, luke",537,105.5,0.16287285948710656,0.14285714285714285,0.08108108108108109,0.05555555555555555,0.42857142857142855,0.2972972972972973,0.3888888888888889,0.0,0.1111111111111111,0.2857142857142857,0.4074074074074074,0.3076923076923077,0.35714285714285715,0.15384615384615385,0.43617021276595747
2023,"winder, josh",560,105.5,0.16375777571493297,0.0,0.10526315789473684,0.1,0.42857142857142855,0.2631578947368421,0.25,0.05263157894736842,0.09090909090909091,0.3684210526315789,0.29545454545454547,0.35714285714285715,0.47368421052631576,0.14285714285714285,0.44144144144144143
2023,"gausman, kevin",3071,105.5,0.1645460743576981,0.11627906976744186,0.12062256809338522,0.11290322580645161,0.3488372093023256,0.36186770428015563,0.3790322580645161,0.07272727272727272,0.08284023668639054,0.34545454545454546,0.3431952662721893,0.375,0.34545454545454546,0.03571428571428571,0.29372937293729373
2023,"wantz, andrew",663,105.5,0.16235966875884664,0.0,0.07894736842105263,0.18181818181818182,0.42857142857142855,0.2894736842105263,0.4090909090909091,0.09375,0.0975609756097561,0.34375,0.2926829268292683,0.2857142857142857,0.40625,0.07142857142857142,0.3467741935483871
2023,"peralta, freddy",2839,105.4,0.16013034003946144,0.08823529411764706,0.0625,0.09183673469387756,0.47058823529411764,0.390625,0.40816326530612246,0.12173913043478261,0.07303370786516854,0.4,0.29213483146067415,0.24561403508771928,0.28695652173913044,0.12280701754385964,0.41020408163265304
2023,"jiménez, joe",938,105.1,0.15076793287691795,0.06666666666666667,0.08333333333333333,0.05,0.4,0.375,0.4,0.045454545454545456,0.08695652173913043,0.45454545454545453,0.34782608695652173,0.3333333333333333,0.5454545454545454,0.06666666666666667,0.30057803468208094
2023,"herget, jimmy",521,105.0,0.1500992755027205,0.0,0.046511627906976744,0.07692307692307693,0.2222222222222222,0.32558139534883723,0.34615384615384615,0.18181818181818182,0.11538461538461539,0.2727272727272727,0.46153846153846156,0.7142857142857143,0.36363636363636365,0.0,0.36363636363636365
2023,"hjelle, sean",520,104.9,0.14647250410012008,0.16666666666666666,0.06521739130434782,0.16,0.16666666666666666,0.2826086956521739,0.2,0.1,0.06451612903225806,0.3,0.3548387096774194,0.3333333333333333,0.4,0.13333333333333333,0.3103448275862069
2023,"pagán, emilio",1071,104.9,0.1467835026876236,0.0,0.05319148936170213,0.025,0.16666666666666666,0.2978723404255319,0.2,0.03333333333333333,0.015151515151515152,0.4,0.3484848484848485,0.5555555555555556,0.5666666666666667,0.2777777777777778,0.352
2023,"fleming, josh",769,104.9,0.1456752240374592,0.0,0.058823529411764705,0.023809523809523808,0.3,0.4019607843137255,0.4523809523809524,0.07894736842105263,0.11594202898550725,0.3684210526315789,0.4057971014492754,0.47058823529411764,0.5,0.058823529411764705,0.4090909090909091
2023,"chirinos, yonny",1345,104.9,0.14640074056710886,0.0,0.06962025316455696,0.07042253521126761,0.32,0.3987341772151899,0.29577464788732394,0.08695652173913043,0.06481481481481481,0.41304347826086957,0.4444444444444444,0.3793103448275862,0.391304347826087,0.13793103448275862,0.30196078431372547
2023,"phillips, evan",924,104.6,0.13710951772268642,0.0,0.016666666666666666,0.0,0.3333333333333333,0.31666666666666665,0.3939393939393939,0.17647058823529413,0.10204081632653061,0.5294117647058824,0.42857142857142855,0.5714285714285714,0.4117647058823529,0.07142857142857142,0.24342105263157895
2023,"manaea, sean",2053,104.4,0.13173771606433038,0.125,0.10126582278481013,0.06896551724137931,0.2916666666666667,0.379746835443038,0.367816091954023,0.11764705882352941,0.088,0.4117647058823529,0.344,0.375,0.3088235294117647,0.0625,0.3598233995584989
2023,"webb, jacob",938,104.4,0.13004894706124526,0.0,0.06779661016949153,0.06896551724137931,0.2,0.3389830508474576,0.3448275862068966,0.20689655172413793,0.11904761904761904,0.27586206896551724,0.2857142857142857,0.4230769230769231,0.2413793103448276,0.15384615384615385,0.37222222222222223
2023,"long, sam",787,104.4,0.13247628871428035,0.08333333333333333,0.06896551724137931,0.0625,0.3333333333333333,0.27586206896551724,0.34375,0.17857142857142858,0.06382978723404255,0.5,0.3191489361702128,0.5625,0.32142857142857145,0.0625,0.35294117647058826
2023,"gibson, kyle",3039,104.4,0.130084867016857,0.09302325581395349,0.1021671826625387,0.06382978723404255,0.3488372093023256,0.4024767801857585,0.40425531914893614,0.07092198581560284,0.0735930735930736,0.3546099290780142,0.3463203463203463,0.3793103448275862,0.4326241134751773,0.06896551724137931,0.42081447963800905
2023,"walker, ryan",1080,104.4,0.12997137490547098,0.0,0.1,0.09375,0.7142857142857143,0.4166666666666667,0.46875,0.09523809523809523,0.03125,0.5714285714285714,0.40625,0.25,0.23809523809523808,0.08333333333333333,0.28901734104046245
2023,"stanek, ryne",866,104.2,0.12472561262466768,0.1111111111111111,0.13114754098360656,0.1,0.5555555555555556,0.39344262295081966,0.43333333333333335,0.047619047619047616,0.0625,0.47619047619047616,0.3541666666666667,0.45,0.2857142857142857,0.0,0.41379310344827586
2023,"bibee, tanner",2326,104.2,0.12358470233444421,0.17391304347826086,0.06930693069306931,0.06315789473684211,0.5652173913043478,0.4306930693069307,0.4,0.041666666666666664,0.056818181818181816,0.3020833333333333,0.3806818181818182,0.36,0.375,0.1,0.3746958637469586
2023,"wentz, joey",1931,104.1,0.12258498130811982,0.05263157894736842,0.08152173913043478,0.04716981132075472,0.3684210526315789,0.3532608695652174,0.41509433962264153,0.13580246913580246,0.09929078014184398,0.4074074074074074,0.3049645390070922,0.45454545454545453,0.30864197530864196,0.09090909090909091,0.3816568047337278
2023,"robertson, david",1077,104.0,0.11776661000310719,0.2,0.16666666666666666,0.03225806451612903,0.3,0.45,0.3548387096774194,0.058823529411764705,0.07017543859649122,0.29411764705882354,0.40350877192982454,0.4,0.4117647058823529,0.0,0.3674698795180723
2023,"holderman, colin",939,104.0,0.12015692818203096,0.16666666666666666,0.1,0.05714285714285714,0.3333333333333333,0.3142857142857143,0.2571428571428571,0.14285714285714285,0.15217391304347827,0.39285714285714285,0.34782608695652173,0.3157894736842105,0.2857142857142857,0.05263157894736842,0.4143646408839779
2023,"blach, ty",1264,103.9,0.1173250619265381,0.14814814814814814,0.0979020979020979,0.08695652173913043,0.4074074074074074,0.34965034965034963,0.3695652173913043,0.0967741935483871,0.07228915662650602,0.41935483870967744,0.3253012048192771,0.4482758620689655,0.3709677419354839,0.034482758620689655,0.31620553359683795
2023,"avila, pedro",895,103.8,0.11233312594244267,0.0,0.15625,0.058823529411764705,0.6,0.328125,0.35294117647058826,0.07894736842105263,0.12962962962962962,0.3684210526315789,0.2777777777777778,0.42857142857142855,0.2894736842105263,0.07142857142857142,0.4276315789473684
2023,"pérez, martín",2230,103.8,0.11355554843991704,0.09090909090909091,0.08849557522123894,0.07407407407407407,0.48484848484848486,0.38495575221238937,0.32407407407407407,0.07407407407407407,0.10106382978723404,0.3425925925925926,0.35106382978723405,0.3673469387755102,0.46296296296296297,0.061224489795918366,0.3424657534246575
2023,"sborz, josh",835,103.7,0.11044183112209731,0.0,0.0847457627118644,0.1111111111111111,0.4444444444444444,0.3559322033898305,0.2962962962962963,0.17391304347826086,0.06382978723404255,0.4782608695652174,0.3829787234042553,0.625,0.30434782608695654,0.0,0.3448275862068966
2023,"gray, sonny",2827,103.6,0.10826371779906055,0.05714285714285714,0.10486891385767791,0.0967741935483871,0.34285714285714286,0.3970037453183521,0.4032258064516129,0.09302325581395349,0.08695652173913043,0.4263565891472868,0.3961352657004831,0.2982456140350877,0.37209302325581395,0.05263157894736842,0.3920335429769392
2023,"pfaadt, brandon",1614,103.5,0.10417560494105854,0.17647058823529413,0.08024691358024691,0.0759493670886076,0.29411764705882354,0.3333333333333333,0.3037974683544304,0.078125,0.08527131782945736,0.4375,0.4186046511627907,0.41379310344827586,0.46875,0.034482758620689655,0.32653061224489793
2023,"desclafani, anthony",1553,103.5,0.10301592071486929,0.16,0.06818181818181818,0.12643678160919541,0.44,0.3806818181818182,0.3448275862068966,0.04918032786885246,0.034482758620689655,0.39344262295081966,0.39655172413793105,0.34782608695652173,0.4262295081967213,0.08695652173913043,0.35384615384615387
2023,"moreta, dauri",966,103.4,0.10060690525840425,0.1111111111111111,0.1,0.16,0.2222222222222222,0.34,0.32,0.09090909090909091,0.05660377358490566,0.48484848484848486,0.24528301886792453,0.48,0.30303030303030304,0.08,0.3469387755102041
2023,"swanson, erik",1059,103.3,0.0970819972700667,0.1111111111111111,0.10144927536231885,0.05263157894736842,0.2222222222222222,0.4057971014492754,0.39473684210526316,0.06451612903225806,0.11475409836065574,0.3870967741935484,0.39344262295081966,0.2857142857142857,0.3870967741935484,0.09523809523809523,0.3351063829787234
2023,"alexander, scott",706,103.2,0.09629238202259494,0.2,0.04225352112676056,0.029411764705882353,0.8,0.38028169014084506,0.4117647058823529,0.0,0.02,0.2857142857142857,0.3,0.625,0.47619047619047616,0.125,0.32
2023,"urquidy, josé",1098,103.2,0.09477644572729726,0.05555555555555555,0.07777777777777778,0.0425531914893617,0.3888888888888889,0.37777777777777777,0.44680851063829785,0.16393442622950818,0.11363636363636363,0.3770491803278688,0.3977272727272727,0.25925925925925924,0.36065573770491804,0.07407407407407407,0.3225806451612903
2023,"williams, gavin",1389,103.1,0.09159468446431161,0.0,0.1320754716981132,0.16363636363636364,0.45454545454545453,0.32075471698113206,0.3090909090909091,0.15789473684210525,0.0967741935483871,0.2807017543859649,0.3655913978494624,0.2564102564102564,0.40350877192982454,0.02564102564102564,0.4150197628458498
2023,"grove, michael",1146,103.0,0.09056253660423337,0.0,0.08771929824561403,0.09375,0.3157894736842105,0.3684210526315789,0.40625,0.1,0.05194805194805195,0.425,0.37662337662337664,0.47619047619047616,0.4,0.09523809523809523,0.35121951219512193
2023,"wicks, jordan",583,103.0,0.09009883111761571,0.0,0.058823529411764705,0.17391304347826086,0.8,0.43137254901960786,0.391304347826087,0.07142857142857142,0.09433962264150944,0.42857142857142855,0.41509433962264153,0.36363636363636365,0.32142857142857145,0.0,0.4421052631578947
2023,"loup, aaron",855,102.9,0.08689826689608394,0.2,0.09230769230769231,0.08571428571428572,0.5,0.26153846153846155,0.2571428571428571,0.05263157894736842,0.08888888888888889,0.5263157894736842,0.5333333333333333,0.23529411764705882,0.39473684210526316,0.058823529411764705,0.2994011976047904
2023,"stephan, trevor",1133,102.7,0.08075109077753223,0.0,0.09210526315789473,0.0851063829787234,0.4,0.3815789473684211,0.3617021276595745,0.06451612903225806,0.1320754716981132,0.3870967741935484,0.3584905660377358,0.3448275862068966,0.1935483870967742,0.1724137931034483,0.458128078817734
2023,"okert, steven",1021,102.6,0.07647247842331456,0.0,0.05555555555555555,0.06060606060606061,0.0,0.3888888888888889,0.2727272727272727,0.17857142857142858,0.13725490196078433,0.39285714285714285,0.49019607843137253,0.3181818181818182,0.32142857142857145,0.13636363636363635,0.3978494623655914
2023,"smyly, drew",2405,102.6,0.07751551079511314,0.03333333333333333,0.08854166666666667,0.14814814814814814,0.23333333333333334,0.3645833333333333,0.37962962962962965,0.11764705882352941,0.0893854748603352,0.36134453781512604,0.37988826815642457,0.2641509433962264,0.31932773109243695,0.11320754716981132,0.3989769820971867
2023,"cortés, néstor",1070,102.4,0.07180837202663544,0.07692307692307693,0.09302325581395349,0.13636363636363635,0.46153846153846156,0.29069767441860467,0.3181818181818182,0.06666666666666667,0.08536585365853659,0.35555555555555557,0.36585365853658536,0.42857142857142855,0.37777777777777777,0.09523809523809523,0.32589285714285715
2023,"puk, a. j.",959,102.4,0.07204417337845702,0.0,0.06666666666666667,0.03333333333333333,0.5454545454545454,0.43333333333333335,0.3,0.034482758620689655,0.020833333333333332,0.27586206896551724,0.3125,0.45454545454545453,0.20689655172413793,0.36363636363636365,0.3291139240506329
2023,"ramírez, erasmo",962,102.2,0.06489524388868034,0.13333333333333333,0.06542056074766354,0.14285714285714285,0.4,0.3364485981308411,0.42857142857142855,0.04878048780487805,0.04285714285714286,0.36585365853658536,0.3,0.26666666666666666,0.4878048780487805,0.13333333333333333,0.4157303370786517
2023,"mcclanahan, shane",1822,102.0,0.05961117488618736,0.1,0.07407407407407407,0.10714285714285714,0.43333333333333335,0.37037037037037035,0.39285714285714285,0.08333333333333333,0.06504065040650407,0.4444444444444444,0.36585365853658536,0.43902439024390244,0.375,0.07317073170731707,0.32371794871794873
2023,"flexen, chris",1755,101.9,0.055893944622073775,0.06451612903225806,0.07262569832402235,0.08181818181818182,0.41935483870967744,0.39106145251396646,0.36363636363636365,0.10126582278481013,0.06923076923076923,0.3924050632911392,0.4076923076923077,0.35,0.3670886075949367,0.125,0.3588039867109635
2023,"mlodzinski, carmen",621,101.8,0.053704494028250366,0.25,0.14705882352941177,0.15789473684210525,0.25,0.35294117647058826,0.3157894736842105,0.09523809523809523,0.08823529411764706,0.23809523809523808,0.20588235294117646,0.3333333333333333,0.3333333333333333,0.05555555555555555,0.3140495867768595
2023,"curry, xzavion",1501,101.8,0.05414623775623652,0.045454545454545456,0.07738095238095238,0.10126582278481013,0.13636363636363635,0.3630952380952381,0.4050632911392405,0.0975609756097561,0.061946902654867256,0.4634146341463415,0.3274336283185841,0.45161290322580644,0.4878048780487805,0.0967741935483871,0.32116788321167883
2023,"gott, trevor",990,101.8,0.054339583223511075,0.0,0.06666666666666667,0.05405405405405406,0.2857142857142857,0.44,0.4864864864864865,0.075,0.10526315789473684,0.4,0.43859649122807015,0.5,0.3,0.1111111111111111,0.31446540880503143
2023,"cosgrove, tom",838,101.8,0.0534582292761392,0.0,0.025,0.1,0.3333333333333333,0.45,0.35,0.2,0.1568627450980392,0.35,0.43137254901960786,0.3181818181818182,0.35,0.045454545454545456,0.348993288590604
2023,"wilson, steven",942,101.7,0.051446851787939875,0.125,0.2,0.2631578947368421,0.375,0.37777777777777777,0.21052631578947367,0.07407407407407407,0.1320754716981132,0.18518518518518517,0.2830188679245283,0.18518518518518517,0.25925925925925924,0.0,0.43859649122807015
2023,"priester, quinn",866,101.5,0.044944533701415205,0.07692307692307693,0.10869565217391304,0.02127659574468085,0.3076923076923077,0.32608695652173914,0.3191489361702128,0.046511627906976744,0.12903225806451613,0.37209302325581395,0.4032258064516129,0.39285714285714285,0.32558139534883723,0.17857142857142858,0.4126984126984127
2023,"gonzález, victor",514,101.5,0.04456259291688362,0.0,0.125,0.05555555555555555,0.2,0.34375,0.1111111111111111,0.043478260869565216,0.15151515151515152,0.4782608695652174,0.5454545454545454,0.375,0.391304347826087,0.125,0.3472222222222222
2023,"gore, mackenzie",2462,101.4,0.042938014806192,0.06976744186046512,0.08415841584158416,0.06140350877192982,0.3953488372093023,0.3910891089108911,0.35964912280701755,0.11764705882352941,0.11971830985915492,0.4470588235294118,0.44366197183098594,0.32727272727272727,0.32941176470588235,0.07272727272727272,0.36907216494845363
2023,"allen, logan",2134,101.4,0.042337928629435,0.07692307692307693,0.09,0.10679611650485436,0.23076923076923078,0.345,0.36893203883495146,0.12048192771084337,0.11038961038961038,0.39759036144578314,0.36363636363636365,0.4375,0.30120481927710846,0.08333333333333333,0.38957816377171217
2023,"voth, austin",667,101.3,0.038178746022186745,0.0,0.0851063829787234,0.045454545454545456,0.6,0.40425531914893614,0.45454545454545453,0.125,0.14285714285714285,0.25,0.35714285714285715,0.26666666666666666,0.5,0.06666666666666667,0.3643410852713178
2023,"quintana, jose",1231,101.2,0.03476816433149262,0.16666666666666666,0.12280701754385964,0.09523809523809523,0.4166666666666667,0.3508771929824561,0.3492063492063492,0.07936507936507936,0.08247422680412371,0.47619047619047616,0.422680412371134,0.25,0.38095238095238093,0.041666666666666664,0.42786069651741293
2023,"winn, keaton",594,101.2,0.034819811690108345,0.08333333333333333,0.10810810810810811,0.05,0.16666666666666666,0.3783783783783784,0.35,0.045454545454545456,0.10638297872340426,0.45454545454545453,0.3191489361702128,0.5384615384615384,0.5,0.07692307692307693,0.30851063829787234
2023,"germán, domingo",1655,101.2,0.03648917436470506,0.07692307692307693,0.07947019867549669,0.09210526315789473,0.46153846153846156,0.37748344370860926,0.39473684210526316,0.06493506493506493,0.11278195488721804,0.37662337662337664,0.39849624060150374,0.3157894736842105,0.37662337662337664,0.10526315789473684,0.3163265306122449
2023,"kaprielian, james",1097,101.1,0.03239923186526247,0.07692307692307693,0.10752688172043011,0.06521739130434782,0.23076923076923078,0.3118279569892473,0.34782608695652173,0.08888888888888889,0.07058823529411765,0.4222222222222222,0.4117647058823529,0.3333333333333333,0.4222222222222222,0.15151515151515152,0.32057416267942584
2023,"crawford, kutter",2100,101.1,0.033736265293588565,0.15384615384615385,0.11627906976744186,0.12857142857142856,0.38461538461538464,0.42441860465116277,0.4857142857142857,0.054945054945054944,0.05555555555555555,0.26373626373626374,0.34444444444444444,0.2894736842105263,0.3956043956043956,0.07894736842105263,0.3237250554323725
2023,"stratton, chris",1360,101.1,0.032935158006562715,0.058823529411764705,0.10784313725490197,0.061224489795918366,0.35294117647058826,0.45098039215686275,0.3469387755102041,0.13157894736842105,0.13636363636363635,0.39473684210526316,0.48863636363636365,0.375,0.34210526315789475,0.0,0.35315985130111527
2023,"white, brendan",669,101.0,0.028722022265467897,0.0,0.16981132075471697,0.17857142857142858,0.0,0.3018867924528302,0.32142857142857145,0.0,0.0625,0.4444444444444444,0.21875,0.5263157894736842,0.3888888888888889,0.15789473684210525,0.3185840707964602
2023,"abbott, andrew",1898,101.0,0.030524901670589664,0.043478260869565216,0.11612903225806452,0.08823529411764706,0.34782608695652173,0.432258064516129,0.36764705882352944,0.11627906976744186,0.10483870967741936,0.27906976744186046,0.4435483870967742,0.4772727272727273,0.3023255813953488,0.045454545454545456,0.403899721448468
2023,"pressly, ryan",1025,101.0,0.03007308739505494,0.09090909090909091,0.07526881720430108,0.07317073170731707,0.5454545454545454,0.40860215053763443,0.3902439024390244,0.12,0.09803921568627451,0.24,0.37254901960784315,0.47058823529411764,0.4,0.058823529411764705,0.3615819209039548
2023,"seabold, connor",1567,100.9,0.02568398783177726,0.13333333333333333,0.09202453987730061,0.05194805194805195,0.2,0.34355828220858897,0.4025974025974026,0.11764705882352941,0.07758620689655173,0.39705882352941174,0.3620689655172414,0.46875,0.39705882352941174,0.09375,0.3987138263665595
2023,"nelson, ryne",2358,100.9,0.025630723774714412,0.057692307692307696,0.07011070110701106,0.06557377049180328,0.3269230769230769,0.3800738007380074,0.39344262295081966,0.06451612903225806,0.07075471698113207,0.3978494623655914,0.35377358490566035,0.4523809523809524,0.5268817204301075,0.11904761904761904,0.3969298245614035
2023,"soroka, michael",537,100.9,0.026198768929702566,0.0,0.12,0.10344827586206896,0.45454545454545453,0.46,0.3448275862068966,0.08,0.10256410256410256,0.4,0.48717948717948717,0.4,0.24,0.06666666666666667,0.3488372093023256
2023,"velasquez, vince",653,100.9,0.02546595588267204,0.0,0.06557377049180328,0.0625,0.16666666666666666,0.32786885245901637,0.28125,0.09375,0.0851063829787234,0.40625,0.3617021276595745,0.5714285714285714,0.34375,0.21428571428571427,0.4017857142857143
2023,"vasquez, andrew",859,100.8,0.022737985463239248,0.3333333333333333,0.14285714285714285,0.07692307692307693,0.5,0.3877551020408163,0.34615384615384615,0.07317073170731707,0.13333333333333333,0.34146341463414637,0.3333333333333333,0.23076923076923078,0.1951219512195122,0.038461538461538464,0.3026315789473684
2023,"kremer, dean",2933,100.8,0.022495163434822253,0.044444444444444446,0.05017921146953405,0.056338028169014086,0.4666666666666667,0.3727598566308244,0.39436619718309857,0.0660377358490566,0.10047846889952153,0.4056603773584906,0.3684210526315789,0.2727272727272727,0.4528301886792453,0.18181818181818182,0.40298507462686567
2023,"lyles, jordan",2821,100.8,0.025189590935093133,0.037037037037037035,0.07446808510638298,0.06993006993006994,0.3888888888888889,0.45390070921985815,0.42657342657342656,0.10294117647058823,0.06976744186046512,0.4117647058823529,0.4069767441860465,0.4,0.4264705882352941,0.08,0.41317365269461076
2023,"covey, dylan",740,100.7,0.021978148018246605,0.16666666666666666,0.07017543859649122,0.07142857142857142,0.3333333333333333,0.3508771929824561,0.2857142857142857,0.08333333333333333,0.11538461538461539,0.3055555555555556,0.38461538461538464,0.4375,0.3611111111111111,0.125,0.3741496598639456
2023,"miley, wade",1876,100.5,0.013914655093969809,0.037037037037037035,0.0755813953488372,0.075,0.4074074074074074,0.4069767441860465,0.45,0.07446808510638298,0.10625,0.3829787234042553,0.3875,0.275,0.425531914893617,0.125,0.4129032258064516
2023,"finnegan, kyle",1118,100.5,0.014633825949560171,0.07142857142857142,0.08333333333333333,0.08333333333333333,0.2857142857142857,0.34375,0.3333333333333333,0.13513513513513514,0.14754098360655737,0.40540540540540543,0.4098360655737705,0.5217391304347826,0.2972972972972973,0.043478260869565216,0.35071090047393366
2023,"williamson, brandon",1940,100.5,0.015583910540749148,0.06896551724137931,0.08205128205128205,0.08,0.41379310344827586,0.441025641025641,0.35,0.07352941176470588,0.11409395973154363,0.4411764705882353,0.46308724832214765,0.35135135135135137,0.39705882352941174,0.05405405405405406,0.4228571428571429
2023,"harvey, hunter",967,100.3,0.008964205082850209,0.08333333333333333,0.0684931506849315,0.05714285714285714,0.6666666666666666,0.3561643835616438,0.5714285714285714,0.047619047619047616,0.06521739130434782,0.3333333333333333,0.32608695652173914,0.5833333333333334,0.42857142857142855,0.08333333333333333,0.34951456310679613
2023,"brito, jhony",1447,100.3,0.008726679297412799,0.08695652173913043,0.0625,0.08064516129032258,0.30434782608695654,0.359375,0.3225806451612903,0.08771929824561403,0.1016949152542373,0.42105263157894735,0.4661016949152542,0.3793103448275862,0.43859649122807015,0.10344827586206896,0.37906137184115524
2023,"singer, brady",2615,100.3,0.007771673360129402,0.10256410256410256,0.07612456747404844,0.08088235294117647,0.3076923076923077,0.3633217993079585,0.36764705882352944,0.14285714285714285,0.08542713567839195,0.42857142857142855,0.4221105527638191,0.5185185185185185,0.38392857142857145,0.037037037037037035,0.3193069306930693
2023,"weaver, luke",2260,100.2,0.005513749014598394,0.08108108108108109,0.0892018779342723,0.1271186440677966,0.43243243243243246,0.38967136150234744,0.4745762711864407,0.06451612903225806,0.07692307692307693,0.41935483870967744,0.3782051282051282,0.4,0.40860215053763443,0.05,0.33886255924170616
2023,"quantrill, cal",1714,100.2,0.006046168638999157,0.037037037037037035,0.08092485549132948,0.11363636363636363,0.48148148148148145,0.3988439306358382,0.4090909090909091,0.10989010989010989,0.08823529411764706,0.34065934065934067,0.3897058823529412,0.3333333333333333,0.37362637362637363,0.09523809523809523,0.43137254901960786
2023,"pivetta, nick",2387,100.2,0.0056458386668764024,0.10256410256410256,0.07537688442211055,0.11627906976744186,0.48717948717948717,0.4020100502512563,0.4069767441860465,0.08955223880597014,0.0684931506849315,0.373134328358209,0.3287671232876712,0.35294117647058826,0.29850746268656714,0.13725490196078433,0.37579617834394907
2023,"hicks, jordan",1124,100.1,0.00428365395634344,0.14285714285714285,0.11428571428571428,0.06451612903225806,0.2857142857142857,0.42857142857142855,0.3548387096774194,0.09090909090909091,0.07547169811320754,0.38636363636363635,0.4716981132075472,0.4,0.3409090909090909,0.06666666666666667,0.3950617283950617
2023,"young, alex",879,100.0,-0.0006982665849852893,0.2,0.07692307692307693,0.05714285714285714,0.2,0.38461538461538464,0.22857142857142856,0.18181818181818182,0.125,0.2727272727272727,0.375,0.5833333333333334,0.45454545454545453,0.0,0.3
2023,"clase, emmanuel",1133,99.9,-0.0025485442511160986,0.1,0.08139534883720931,0.125,0.5,0.4418604651162791,0.5,0.045454545454545456,0.07462686567164178,0.5,0.4626865671641791,0.4,0.38636363636363635,0.0,0.3113207547169811
2023,"fairbanks, pete",736,99.9,-0.00379732403520893,0.0,0.0967741935483871,0.058823529411764705,0.5,0.3548387096774194,0.23529411764705882,0.047619047619047616,0.0625,0.47619047619047616,0.5,0.09523809523809523,0.23809523809523808,0.3333333333333333,0.296551724137931
2023,"ottavino, adam",1035,99.8,-0.006116164641329802,0.0,0.07246376811594203,0.125,0.16666666666666666,0.3333333333333333,0.3333333333333333,0.22580645161290322,0.14814814814814814,0.45161290322580644,0.2777777777777778,0.375,0.3548387096774194,0.0625,0.4064516129032258
2023,"boyd, matt",1178,99.7,-0.007674395614319402,0.0625,0.05660377358490566,0.061224489795918366,0.5625,0.3490566037735849,0.40816326530612246,0.16279069767441862,0.11538461538461539,0.4186046511627907,0.41025641025641024,0.4230769230769231,0.3023255813953488,0.07692307692307693,0.385
2023,"irvin, cole",1275,99.6,-0.013031007208656643,0.04,0.06779661016949153,0.12307692307692308,0.28,0.3389830508474576,0.4,0.13725490196078433,0.07058823529411765,0.4117647058823529,0.43529411764705883,0.37037037037037035,0.39215686274509803,0.1111111111111111,0.3233082706766917
2023,"holmes, clay",1025,99.5,-0.015323624451801519,0.0,0.09090909090909091,0.0,0.6666666666666666,0.2987012987012987,0.35294117647058826,0.08,0.1320754716981132,0.44,0.41509433962264153,0.23076923076923078,0.44,0.19230769230769232,0.3192771084337349
2023,"darvish, yu",2219,99.5,-0.015731020371520063,0.08,0.09595959595959595,0.06666666666666667,0.44,0.4393939393939394,0.37142857142857144,0.07526881720430108,0.09259259259259259,0.3655913978494624,0.4506172839506173,0.3877551020408163,0.3548387096774194,0.10204081632653061,0.34025974025974026
2023,"france, j. p.",2206,99.5,-0.0152416458998495,0.09090909090909091,0.05803571428571429,0.1,0.48484848484848486,0.38392857142857145,0.41818181818181815,0.0784313725490196,0.078125,0.4117647058823529,0.421875,0.3333333333333333,0.4117647058823529,0.1111111111111111,0.4
2023,"murphy, chris",872,99.5,-0.013737413074346505,0.0,0.0967741935483871,0.10344827586206896,0.5555555555555556,0.45161290322580644,0.6206896551724138,0.1111111111111111,0.08196721311475409,0.4166666666666667,0.4918032786885246,0.2222222222222222,0.2777777777777778,0.05555555555555555,0.3465909090909091
2023,"paxton, james",1692,99.4,-0.01881693591704652,0.041666666666666664,0.0958904109589041,0.06349206349206349,0.2916666666666667,0.4315068493150685,0.42857142857142855,0.031746031746031744,0.08849557522123894,0.5079365079365079,0.39823008849557523,0.47058823529411764,0.38095238095238093,0.11764705882352941,0.3273809523809524
2023,"kikuchi, yusei",2818,99.3,-0.021559001310444206,0.09523809523809523,0.06766917293233082,0.06299212598425197,0.4523809523809524,0.40225563909774437,0.4251968503937008,0.1,0.0962566844919786,0.4222222222222222,0.39037433155080214,0.3829787234042553,0.36666666666666664,0.10638297872340426,0.371868978805395
2023,"gomber, austin",2167,99.2,-0.025251680679880005,0.14285714285714285,0.09561752988047809,0.12213740458015267,0.42857142857142855,0.3745019920318725,0.366412213740458,0.046296296296296294,0.05,0.37037037037037035,0.375,0.5476190476190477,0.48148148148148145,0.047619047619047616,0.3788300835654596
2023,"williams, trevor",2627,99.0,-0.03087292898393581,0.125,0.0873015873015873,0.11851851851851852,0.4375,0.4523809523809524,0.4444444444444444,0.064,0.036458333333333336,0.408,0.40625,0.4423076923076923,0.464,0.038461538461538464,0.373015873015873
2023,"estévez, carlos",1148,99.0,-0.02919514998649251,0.09090909090909091,0.12658227848101267,0.11363636363636363,0.36363636363636365,0.3670886075949367,0.38636363636363635,0.0,0.10416666666666667,0.2727272727272727,0.375,0.4,0.3181818181818182,0.16666666666666666,0.34765625
2023,"ragans, cole",1591,99.0,-0.029212468613969953,0.14285714285714285,0.0784313725490196,0.09259259259259259,0.2857142857142857,0.3333333333333333,0.24074074074074073,0.10526315789473684,0.09433962264150944,0.47368421052631576,0.4528301886792453,0.25,0.2982456140350877,0.175,0.3841059602649007
2023,"romano, jordan",937,98.9,-0.03178169097783378,0.2222222222222222,0.11290322580645161,0.0967741935483871,0.4444444444444444,0.4032258064516129,0.3548387096774194,0.034482758620689655,0.08333333333333333,0.27586206896551724,0.3958333333333333,0.35,0.3793103448275862,0.1,0.3055555555555556
2023,"miller, shelby",668,98.9,-0.03243330046359652,0.16666666666666666,0.09090909090909091,0.058823529411764705,0.5,0.36363636363636365,0.23529411764705882,0.2,0.125,0.4,0.425,0.35294117647058826,0.25,0.058823529411764705,0.3333333333333333
2023,"lambert, peter",1451,98.8,-0.03549091617422608,0.06666666666666667,0.057692307692307696,0.06944444444444445,0.5,0.4551282051282051,0.4583333333333333,0.11764705882352941,0.08411214953271028,0.4117647058823529,0.3925233644859813,0.46875,0.39215686274509803,0.0625,0.37969924812030076
2023,"gonsolin, tony",1670,98.8,-0.03560959597881218,0.1875,0.10559006211180125,0.13186813186813187,0.34375,0.32919254658385094,0.31868131868131866,0.1016949152542373,0.1015625,0.288135593220339,0.3359375,0.45454545454545453,0.3559322033898305,0.06818181818181818,0.37202380952380953
2023,"gray, jon",2403,98.7,-0.03900430575296061,0.13793103448275862,0.1016949152542373,0.1504424778761062,0.4482758620689655,0.3644067796610169,0.39823008849557523,0.14285714285714285,0.08108108108108109,0.32653061224489793,0.3081081081081081,0.3,0.3163265306122449,0.08333333333333333,0.3264840182648402
2023,"farmer, buck",1224,98.5,-0.04333475188410177,0.0,0.10588235294117647,0.10526315789473684,0.2,0.3058823529411765,0.3157894736842105,0.2,0.11392405063291139,0.4666666666666667,0.35443037974683544,0.39285714285714285,0.3111111111111111,0.10714285714285714,0.3829787234042553
2023,"ferrer, jose",563,98.4,-0.04872796223759581,0.3333333333333333,0.08108108108108109,0.0,0.3333333333333333,0.4594594594594595,0.16666666666666666,0.05263157894736842,0.11428571428571428,0.3157894736842105,0.42857142857142855,0.5555555555555556,0.3157894736842105,0.1111111111111111,0.36363636363636365
2023,"ashcraft, graham",2326,98.3,-0.051642772293169464,0.12903225806451613,0.09865470852017937,0.1111111111111111,0.3548387096774194,0.40358744394618834,0.35714285714285715,0.09821428571428571,0.07537688442211055,0.41964285714285715,0.41708542713567837,0.3448275862068966,0.33035714285714285,0.10344827586206896,0.3004807692307692
2023,"hand, brad",983,98.1,-0.057625105944020885,0.1,0.09523809523809523,0.13157894736842105,0.6,0.3333333333333333,0.34210526315789475,0.10344827586206896,0.10256410256410256,0.3103448275862069,0.3076923076923077,0.3333333333333333,0.3103448275862069,0.14285714285714285,0.3370165745856354
2023,"giolito, lucas",3207,98.0,-0.05843037450335492,0.10909090909090909,0.11235955056179775,0.07518796992481203,0.45454545454545453,0.3857677902621723,0.37593984962406013,0.07758620689655173,0.08530805687203792,0.3706896551724138,0.4075829383886256,0.42105263157894735,0.31896551724137934,0.11842105263157894,0.39311594202898553
2023,"cease, dylan",3268,98.0,-0.05834310312282314,0.03333333333333333,0.10894941634241245,0.1048951048951049,0.23333333333333334,0.41245136186770426,0.3356643356643357,0.14,0.12041884816753927,0.45,0.450261780104712,0.30120481927710846,0.35,0.07228915662650602,0.4032258064516129
2023,"wacha, michael",2225,98.0,-0.059052056452637405,0.1111111111111111,0.09042553191489362,0.09278350515463918,0.5185185185185185,0.39361702127659576,0.32989690721649484,0.06315789473684211,0.07228915662650602,0.42105263157894735,0.42771084337349397,0.16279069767441862,0.37894736842105264,0.18604651162790697,0.35096153846153844
2023,"ferguson, caleb",1067,97.8,-0.0657628533174217,0.0,0.1,0.08888888888888889,0.6666666666666666,0.4857142857142857,0.5111111111111111,0.16666666666666666,0.10869565217391304,0.23333333333333334,0.34782608695652173,0.39285714285714285,0.16666666666666666,0.10714285714285714,0.2803738317757009
2023,"carrasco, carlos",1592,97.6,-0.07190686357032633,0.03333333333333333,0.09392265193370165,0.03260869565217391,0.4666666666666667,0.39779005524861877,0.40217391304347827,0.09836065573770492,0.15126050420168066,0.4262295081967213,0.3865546218487395,0.3,0.45901639344262296,0.1,0.408
2023,"rogers, taylor",848,97.5,-0.07343896157411316,0.2,0.12244897959183673,0.15384615384615385,0.5,0.3877551020408163,0.38461538461538464,0.09090909090909091,0.075,0.22727272727272727,0.225,0.22727272727272727,0.22727272727272727,0.18181818181818182,0.3643410852713178
2023,"merryweather, julian",1230,97.5,-0.07319379087064785,0.09090909090909091,0.11688311688311688,0.07142857142857142,0.2727272727272727,0.33766233766233766,0.23809523809523808,0.17647058823529413,0.13725490196078433,0.35294117647058826,0.37254901960784315,0.36363636363636365,0.23529411764705882,0.15151515151515152,0.32367149758454106
2023,"thompson, mason",897,97.5,-0.07575132199844097,0.25,0.11594202898550725,0.16216216216216217,0.625,0.37681159420289856,0.4864864864864865,0.06521739130434782,0.05660377358490566,0.32608695652173914,0.2641509433962264,0.34782608695652173,0.34782608695652173,0.043478260869565216,0.32116788321167883
2023,"elder, bryce",2851,97.4,-0.07796436747396127,0.21428571428571427,0.10069444444444445,0.12195121951219512,0.4642857142857143,0.3819444444444444,0.3983739837398374,0.07766990291262135,0.08296943231441048,0.2815533980582524,0.36681222707423583,0.36764705882352944,0.34951456310679613,0.08823529411764706,0.3696581196581197
2023,"coulombe, danny",832,97.3,-0.08112006570741048,0.2857142857142857,0.07692307692307693,0.08,0.7142857142857143,0.48717948717948717,0.6,0.08571428571428572,0.1276595744680851,0.42857142857142855,0.3829787234042553,0.1111111111111111,0.2857142857142857,0.0,0.3953488372093023
2023,"soto, gregory",967,97.3,-0.07938873408945696,0.2222222222222222,0.1206896551724138,0.14814814814814814,0.4444444444444444,0.39655172413793105,0.37037037037037035,0.10526315789473684,0.03773584905660377,0.2631578947368421,0.2830188679245283,0.34782608695652173,0.2894736842105263,0.13043478260869565,0.3194444444444444
2023,"woo, bryan",1452,97.2,-0.08373087191102763,0.08333333333333333,0.13636363636363635,0.14814814814814814,0.6666666666666666,0.36363636363636365,0.48148148148148145,0.13043478260869565,0.10185185185185185,0.36231884057971014,0.3425925925925926,0.19444444444444445,0.36231884057971014,0.027777777777777776,0.3391003460207612
2023,"lynn, lance",3174,97.2,-0.08315222550993574,0.11320754716981132,0.10661764705882353,0.11258278145695365,0.4716981132075472,0.39338235294117646,0.4370860927152318,0.07142857142857142,0.09051724137931035,0.32857142857142857,0.3103448275862069,0.38028169014084506,0.4142857142857143,0.09859154929577464,0.41408934707903783
2023,"kelly, merrill",2810,97.1,-0.08642520902672086,0.11428571428571428,0.10358565737051793,0.0975609756097561,0.5428571428571428,0.38645418326693226,0.3333333333333333,0.06306306306306306,0.09473684210526316,0.35135135135135137,0.37894736842105264,0.43283582089552236,0.3963963963963964,0.1044776119402985,0.350187265917603
2023,"lambert, jimmy",689,97.0,-0.08868581951613391,0.15384615384615385,0.08771929824561403,0.11764705882352941,0.38461538461538464,0.42105263157894735,0.35294117647058826,0.14285714285714285,0.0967741935483871,0.3333333333333333,0.45161290322580644,0.47058823529411764,0.23809523809523808,0.058823529411764705,0.30357142857142855
2023,"pearson, nate",742,97.0,-0.08981750966816562,0.1111111111111111,0.09375,0.12,0.6666666666666666,0.453125,0.6,0.125,0.06818181818181818,0.1875,0.3181818181818182,0.2631578947368421,0.3125,0.10526315789473684,0.3879310344827586
2023,"brieske, beau",638,97.0,-0.09018293949637637,0.16666666666666666,0.0625,0.16666666666666666,0.3333333333333333,0.3541666666666667,0.4166666666666667,0.03571428571428571,0.023809523809523808,0.2857142857142857,0.3333333333333333,0.4,0.42857142857142855,0.2,0.3722627737226277
2023,"rosenberg, kenny",546,97.0,-0.08891379969779988,0.0,0.11363636363636363,0.15384615384615385,0.2857142857142857,0.45454545454545453,0.38461538461538464,0.13793103448275862,0.11764705882352941,0.3448275862068966,0.37254901960784315,0.3076923076923077,0.13793103448275862,0.15384615384615385,0.35789473684210527
2023,"durán, jhoan",1034,97.0,-0.09037409308751629,0.0,0.09230769230769231,0.038461538461538464,0.625,0.46153846153846156,0.5,0.13793103448275862,0.12244897959183673,0.41379310344827586,0.40816326530612246,0.43478260869565216,0.2413793103448276,0.08695652173913043,0.37435897435897436
2023,"severino, luis",1642,97.0,-0.09018042605529639,0.16666666666666666,0.10179640718562874,0.14285714285714285,0.26666666666666666,0.3413173652694611,0.30952380952380953,0.08333333333333333,0.08547008547008547,0.3333333333333333,0.38461538461538464,0.4,0.4666666666666667,0.08571428571428572,0.33787465940054495
2023,"stone, gavin",548,96.9,-0.09289022739127217,0.1111111111111111,0.11320754716981132,0.05714285714285714,0.3333333333333333,0.3584905660377358,0.3142857142857143,0.125,0.175,0.34375,0.4,0.46153846153846156,0.3125,0.07692307692307693,0.22077922077922077
2023,"lópez, reynaldo",1219,96.9,-0.09106470479029732,0.08333333333333333,0.109375,0.0975609756097561,0.4166666666666667,0.5,0.5365853658536586,0.13333333333333333,0.15217391304347827,0.3333333333333333,0.3695652173913043,0.25,0.2,0.0625,0.3707865168539326
2023,"anderson, grant",601,96.8,-0.09557168022118652,0.14285714285714285,0.07317073170731707,0.05263157894736842,0.5714285714285714,0.3170731707317073,0.3157894736842105,0.07142857142857142,0.0625,0.5,0.4583333333333333,0.38461538461538464,0.42857142857142855,0.15384615384615385,0.3711340206185567
2023,"suárez, andrew",521,96.6,-0.10268155802601735,0.0,0.09615384615384616,0.09090909090909091,0.42857142857142855,0.40384615384615385,0.36363636363636365,0.047619047619047616,0.10416666666666667,0.3333333333333333,0.3333333333333333,0.6428571428571429,0.38095238095238093,0.14285714285714285,0.41237113402061853
2023,"montero, rafael",1253,96.5,-0.10505856380789877,0.21428571428571427,0.13953488372093023,0.09803921568627451,0.5,0.37209302325581395,0.39215686274509803,0.14705882352941177,0.1016949152542373,0.47058823529411764,0.3559322033898305,0.2413793103448276,0.2647058823529412,0.034482758620689655,0.384297520661157
2023,"cisnero, josé",996,96.4,-0.1068174314721023,0.13333333333333333,0.09210526315789473,0.11627906976744186,0.4666666666666667,0.39473684210526316,0.5116279069767442,0.16129032258064516,0.12195121951219512,0.3225806451612903,0.3902439024390244,0.36,0.25806451612903225,0.04,0.2994652406417112
2023,"wesneski, hayden",1485,96.2,-0.11342883052064744,0.12903225806451613,0.12195121951219512,0.1774193548387097,0.2903225806451613,0.4065040650406504,0.4032258064516129,0.07936507936507936,0.08333333333333333,0.31746031746031744,0.4583333333333333,0.4666666666666667,0.3968253968253968,0.0,0.43724696356275305
2023,"mchugh, collin",1024,96.2,-0.11312649113804134,0.09090909090909091,0.06896551724137931,0.08620689655172414,0.18181818181818182,0.3793103448275862,0.3103448275862069,0.06976744186046512,0.125,0.4418604651162791,0.4375,0.4166666666666667,0.37209302325581395,0.16666666666666666,0.4012738853503185
2023,"duarte, daniel",572,96.0,-0.119612168070726,0.0,0.06666666666666667,0.1111111111111111,0.6666666666666666,0.4666666666666667,0.4444444444444444,0.125,0.1111111111111111,0.375,0.3111111111111111,0.25,0.25,0.1875,0.3157894736842105
2023,"detmers, reid",2610,96.0,-0.11851204448861935,0.08695652173913043,0.10377358490566038,0.08928571428571429,0.2608695652173913,0.4009433962264151,0.375,0.13636363636363635,0.147239263803681,0.3409090909090909,0.4049079754601227,0.4782608695652174,0.375,0.043478260869565216,0.3666026871401152
2023,"miller, bobby",1962,95.8,-0.12639452668041382,0.09523809523809523,0.10285714285714286,0.1111111111111111,0.5238095238095238,0.38857142857142857,0.4074074074074074,0.09782608695652174,0.07643312101910828,0.391304347826087,0.36942675159235666,0.5428571428571428,0.391304347826087,0.05714285714285714,0.36470588235294116
2023,"contreras, roansy",1146,95.7,-0.12948222583115643,0.0,0.09243697478991597,0.109375,0.35294117647058826,0.4369747899159664,0.453125,0.10256410256410256,0.06666666666666667,0.4358974358974359,0.3333333333333333,0.46875,0.5128205128205128,0.09375,0.3333333333333333
2023,"peterson, david",1969,95.7,-0.12926534626905317,0.0,0.09815950920245399,0.07954545454545454,0.375,0.4294478527607362,0.4318181818181818,0.1095890410958904,0.11650485436893204,0.5068493150684932,0.4563106796116505,0.28846153846153844,0.410958904109589,0.09615384615384616,0.3824451410658307
2023,"heaney, andrew",2605,95.6,-0.13080384026018896,0.15384615384615385,0.12162162162162163,0.1941747572815534,0.358974358974359,0.3153153153153153,0.3883495145631068,0.13157894736842105,0.10555555555555556,0.3815789473684211,0.31666666666666665,0.3333333333333333,0.32894736842105265,0.045454545454545456,0.374
2023,"machado, andrés",784,95.4,-0.13570855196358667,0.3125,0.1206896551724138,0.11764705882352941,0.375,0.4827586206896552,0.5,0.030303030303030304,0.06976744186046512,0.3939393939393939,0.4883720930232558,0.3333333333333333,0.3333333333333333,0.0,0.36486486486486486
2023,"morton, charlie",2861,95.3,-0.13979271706635596,0.06060606060606061,0.11711711711711711,0.08181818181818182,0.2727272727272727,0.35585585585585583,0.36363636363636365,0.1415929203539823,0.1301775147928994,0.40707964601769914,0.378698224852071,0.3,0.336283185840708,0.14444444444444443,0.3900523560209424
2023,"helsley, ryan",611,95.3,-0.14000339783821544,0.0,0.1111111111111111,0.0,1.0,0.5555555555555556,0.4444444444444444,0.15384615384615385,0.045454545454545456,0.5384615384615384,0.2727272727272727,0.17647058823529413,0.15384615384615385,0.23529411764705882,0.3305785123966942
2023,"assad, javier",1713,95.3,-0.14052286496800512,0.07407407407407407,0.08163265306122448,0.0975609756097561,0.48148148148148145,0.47619047619047616,0.524390243902439,0.11235955056179775,0.08547008547008547,0.4044943820224719,0.36752136752136755,0.40476190476190477,0.3146067415730337,0.09523809523809523,0.39925373134328357
2023,"ginkel, kevin",1060,95.1,-0.14689221350660045,0.09090909090909091,0.140625,0.1111111111111111,0.6363636363636364,0.359375,0.48148148148148145,0.15151515151515152,0.11320754716981132,0.42424242424242425,0.37735849056603776,0.4090909090909091,0.2727272727272727,0.0,0.39779005524861877
2023,"kelly, kevin",1068,94.8,-0.15620913049468074,0.2,0.10666666666666667,0.08333333333333333,0.6,0.4533333333333333,0.3611111111111111,0.0625,0.0821917808219178,0.2708333333333333,0.4383561643835616,0.3181818181818182,0.3333333333333333,0.13636363636363635,0.3465909090909091
2023,"llovera, mauricio",633,94.8,-0.1540258964843476,0.0,0.0851063829787234,0.0,0.2,0.2765957446808511,0.25,0.16666666666666666,0.2647058823529412,0.4583333333333333,0.47058823529411764,0.375,0.375,0.125,0.37735849056603776
2023,"jansen, kenley",728,94.8,-0.15360475483036712,0.16666666666666666,0.13953488372093023,0.13636363636363635,0.3333333333333333,0.3023255813953488,0.3181818181818182,0.15789473684210525,0.11904761904761904,0.3684210526315789,0.40476190476190477,0.3333333333333333,0.3157894736842105,0.05555555555555555,0.3288590604026846
2023,"blackburn, paul",1880,94.7,-0.158996931788767,0.05555555555555555,0.10344827586206896,0.07142857142857142,0.2777777777777778,0.42758620689655175,0.44047619047619047,0.08333333333333333,0.11666666666666667,0.4523809523809524,0.48333333333333334,0.3333333333333333,0.30952380952380953,0.14285714285714285,0.4332344213649852
2023,"waldichuk, ken",2558,94.6,-0.161665554682108,0.09090909090909091,0.12560386473429952,0.11214953271028037,0.3333333333333333,0.463768115942029,0.40186915887850466,0.06666666666666667,0.10810810810810811,0.4,0.42702702702702705,0.30666666666666664,0.2761904761904762,0.13333333333333333,0.39705882352941174
2023,"strzelecki, peter",657,94.6,-0.16171856602597384,0.0,0.1,0.1,0.0,0.4,0.3,0.0625,0.14705882352941177,0.3125,0.4117647058823529,0.0625,0.4375,0.3125,0.36363636363636365
2023,"eovaldi, nathan",2235,94.5,-0.16326590628666401,0.0967741935483871,0.1065989847715736,0.10465116279069768,0.41935483870967744,0.37055837563451777,0.3488372093023256,0.061224489795918366,0.11976047904191617,0.4489795918367347,0.46107784431137727,0.3333333333333333,0.37755102040816324,0.11764705882352941,0.41025641025641024
2023,"keuchel, dallas",658,94.5,-0.1641306007509373,0.125,0.1016949152542373,0.10526315789473684,0.25,0.3050847457627119,0.42105263157894735,0.07317073170731707,0.125,0.4146341463414634,0.3125,0.5789473684210527,0.3902439024390244,0.10526315789473684,0.35789473684210527
2023,"morán, jovani",756,94.4,-0.1661351552224381,0.0,0.13333333333333333,0.10526315789473684,0.2,0.5,0.5263157894736842,0.1111111111111111,0.15555555555555556,0.4722222222222222,0.4444444444444444,0.36363636363636365,0.1111111111111111,0.09090909090909091,0.38202247191011235
2023,"edwards, carl",574,94.3,-0.17021842279956126,0.25,0.08823529411764706,0.13043478260869565,0.25,0.4117647058823529,0.4782608695652174,0.15,0.11764705882352941,0.5,0.38235294117647056,0.0625,0.35,0.0625,0.3148148148148148
2023,"muñoz, andrés",848,94.3,-0.16835712275318582,0.25,0.1,0.08695652173913043,0.5,0.35,0.34782608695652173,0.07407407407407407,0.10526315789473684,0.4074074074074074,0.42105263157894735,0.3333333333333333,0.4074074074074074,0.08333333333333333,0.408
2023,"may, trevor",798,94.0,-0.1775664571669088,0.0,0.1111111111111111,0.09375,0.16666666666666666,0.46296296296296297,0.375,0.10344827586206896,0.15789473684210525,0.41379310344827586,0.3684210526315789,0.375,0.27586206896551724,0.16666666666666666,0.3333333333333333
2023,"sandoval, patrick",2631,94.0,-0.17795472309930765,0.06666666666666667,0.1179245283018868,0.10714285714285714,0.4,0.3490566037735849,0.48214285714285715,0.08196721311475409,0.14207650273224043,0.4344262295081967,0.34972677595628415,0.2535211267605634,0.3114754098360656,0.15492957746478872,0.3080459770114943
2023,"lodolo, nick",649,94.0,-0.17745587657783143,0.0,0.13636363636363635,0.18518518518518517,0.3076923076923077,0.42424242424242425,0.37037037037037035,0.1,0.13513513513513514,0.3,0.3783783783783784,0.7142857142857143,0.3,0.0,0.3611111111111111
2023,"poche, colin",931,93.8,-0.18524158523101486,0.125,0.05357142857142857,0.10714285714285714,0.375,0.4642857142857143,0.5,0.11538461538461539,0.05263157894736842,0.5,0.5087719298245614,0.13636363636363635,0.3076923076923077,0.18181818181818182,0.34591194968553457
2023,"winckowski, josh",1394,93.8,-0.1840958275519824,0.125,0.06086956521739131,0.11475409836065574,0.5,0.41739130434782606,0.4918032786885246,0.1320754716981132,0.10638297872340426,0.41509433962264153,0.40425531914893614,0.3448275862068966,0.49056603773584906,0.034482758620689655,0.30522088353413657
2023,"criswell, cooper",558,93.8,-0.18535477595787778,0.0,0.1346153846153846,0.1,0.6666666666666666,0.5,0.5333333333333333,0.06060606060606061,0.0851063829787234,0.18181818181818182,0.3617021276595745,0.3076923076923077,0.3939393939393939,0.15384615384615385,0.37373737373737376
2023,"valdez, framber",2962,93.7,-0.18876900171921787,0.14285714285714285,0.08012820512820513,0.08450704225352113,0.3333333333333333,0.3782051282051282,0.4014084507042254,0.08333333333333333,0.08205128205128205,0.4375,0.4358974358974359,0.4090909090909091,0.4375,0.13636363636363635,0.350104821802935
2023,"greene, hunter",2093,93.7,-0.18741512487334724,0.20833333333333334,0.11801242236024845,0.14864864864864866,0.2916666666666667,0.391304347826087,0.28378378378378377,0.06451612903225806,0.12280701754385964,0.3709677419354839,0.40350877192982454,0.28846153846153844,0.3387096774193548,0.11538461538461539,0.38424821002386633
2023,"rodón, carlos",1134,93.6,-0.1911823890204559,0.043478260869565216,0.10091743119266056,0.05263157894736842,0.2608695652173913,0.3944954128440367,0.3684210526315789,0.21428571428571427,0.1728395061728395,0.35714285714285715,0.41975308641975306,0.4,0.2857142857142857,0.1,0.32941176470588235
2023,"walker, taijuan",2840,93.5,-0.1923052933896442,0.14285714285714285,0.10175438596491228,0.056,0.45714285714285713,0.41403508771929826,0.472,0.08771929824561403,0.12554112554112554,0.40350877192982454,0.3939393939393939,0.4,0.40350877192982454,0.08,0.4288747346072187
2023,"garcía, luis",1014,93.4,-0.1960348716585353,0.1111111111111111,0.1125,0.07692307692307693,0.5555555555555556,0.5,0.48717948717948717,0.11428571428571428,0.11764705882352941,0.34285714285714286,0.39215686274509803,0.36,0.2857142857142857,0.08,0.37572254335260113
2023,"burnes, corbin",3081,93.3,-0.19919794837300697,0.15384615384615385,0.12093023255813953,0.13385826771653545,0.46153846153846156,0.4372093023255814,0.4251968503937008,0.13636363636363635,0.1087866108786611,0.36363636363636365,0.39330543933054396,0.3472222222222222,0.22077922077922077,0.06944444444444445,0.38645418326693226
2023,"rodriguez, grayson",2104,93.3,-0.19965453995733848,0.25,0.1319796954314721,0.10112359550561797,0.4583333333333333,0.4010152284263959,0.43820224719101125,0.041666666666666664,0.05,0.4166666666666667,0.39166666666666666,0.575,0.3611111111111111,0.05,0.3530751708428246
2023,"rom, drew",672,93.2,-0.2026139150094945,0.07692307692307693,0.11940298507462686,0.030303030303030304,0.38461538461538464,0.4925373134328358,0.42424242424242425,0.15384615384615385,0.14893617021276595,0.5,0.46808510638297873,0.35294117647058826,0.2692307692307692,0.058823529411764705,0.3697478991596639
2023,"lauer, eric",847,93.2,-0.20286369964454692,0.2,0.09523809523809523,0.11764705882352941,0.45,0.38095238095238093,0.4117647058823529,0.13043478260869565,0.08333333333333333,0.5652173913043478,0.2916666666666667,0.3181818181818182,0.34782608695652173,0.09090909090909091,0.3393939393939394
2023,"harris, hogan",1109,93.2,-0.2038359069141675,0.16666666666666666,0.09174311926605505,0.10869565217391304,0.3888888888888889,0.4036697247706422,0.41304347826086957,0.13513513513513514,0.024691358024691357,0.35135135135135137,0.38271604938271603,0.3103448275862069,0.40540540540540543,0.1724137931034483,0.37755102040816324
2023,"lawrence, justin",1199,93.1,-0.20535774143006474,0.0,0.08139534883720931,0.175,0.5555555555555556,0.37209302325581395,0.35,0.1891891891891892,0.14492753623188406,0.2972972972972973,0.34782608695652173,0.2972972972972973,0.35135135135135137,0.10810810810810811,0.2976190476190476
2023,"brigham, jeff",681,93.0,-0.20932142795518466,0.2727272727272727,0.14285714285714285,0.19047619047619047,0.36363636363636365,0.38095238095238093,0.3333333333333333,0.08333333333333333,0.05714285714285714,0.25,0.4,0.36363636363636365,0.16666666666666666,0.13636363636363635,0.3700787401574803
2023,"ohtani, shohei",2097,93.0,-0.20854876924759158,0.1724137931034483,0.11805555555555555,0.12,0.4827586206896552,0.4166666666666667,0.4,0.1,0.16058394160583941,0.3333333333333333,0.3722627737226277,0.296875,0.23333333333333334,0.09375,0.37967914438502676
2023,"gonzales, marco",811,92.7,-0.21641320740370584,0.2,0.07058823529411765,0.11363636363636363,0.6,0.43529411764705883,0.4090909090909091,0.0625,0.08571428571428572,0.28125,0.38571428571428573,0.6470588235294118,0.40625,0.058823529411764705,0.3466666666666667
2023,"mcgough, scott",1243,92.7,-0.21666930845945415,0.125,0.09302325581395349,0.13043478260869565,0.5,0.43023255813953487,0.5,0.14285714285714285,0.1016949152542373,0.4857142857142857,0.4406779661016949,0.3333333333333333,0.2,0.07407407407407407,0.28837209302325584
2023,"verlander, justin",2605,92.6,-0.21886079547941434,0.1282051282051282,0.10810810810810811,0.12037037037037036,0.48717948717948717,0.444015444015444,0.4722222222222222,0.041237113402061855,0.06435643564356436,0.4742268041237113,0.46534653465346537,0.26,0.41237113402061853,0.12,0.3135755258126195
2023,"chavez, jesse",582,92.6,-0.2216948207630038,0.0,0.09375,0.17647058823529413,0.0,0.375,0.5294117647058824,0.29411764705882354,0.125,0.4117647058823529,0.3125,0.42857142857142855,0.17647058823529413,0.07142857142857142,0.4125
2023,"martinez, adrián",945,92.6,-0.2204335379483337,0.13333333333333333,0.13414634146341464,0.13043478260869565,0.5333333333333333,0.4268292682926829,0.3695652173913043,0.05128205128205128,0.08196721311475409,0.46153846153846156,0.5081967213114754,0.4090909090909091,0.23076923076923078,0.09090909090909091,0.44936708860759494
2023,"cabrera, génesis",963,92.6,-0.22118265671644563,0.07142857142857142,0.06944444444444445,0.06060606060606061,0.42857142857142855,0.4027777777777778,0.45454545454545453,0.18518518518518517,0.08333333333333333,0.4074074074074074,0.4375,0.4444444444444444,0.5555555555555556,0.05555555555555555,0.34285714285714286
2023,"suárez, ranger",2024,92.5,-0.2221357145018103,0.21428571428571427,0.11299435028248588,0.09473684210526316,0.42857142857142855,0.3559322033898305,0.3894736842105263,0.15151515151515152,0.11363636363636363,0.47474747474747475,0.4015151515151515,0.3877551020408163,0.37373737373737376,0.02040816326530612,0.41846153846153844
2023,"thompson, zack",1169,92.4,-0.22606371613791534,0.07692307692307693,0.07216494845360824,0.09259259259259259,0.38461538461538464,0.44329896907216493,0.46296296296296297,0.07142857142857142,0.05555555555555555,0.40476190476190477,0.4722222222222222,0.38461538461538464,0.5,0.15384615384615385,0.3604060913705584
2023,"clarke, taylor",1074,92.3,-0.22899963047989763,0.11764705882352941,0.11842105263157894,0.10204081632653061,0.4117647058823529,0.40789473684210525,0.42857142857142855,0.12903225806451613,0.11666666666666667,0.25806451612903225,0.3,0.2916666666666667,0.3548387096774194,0.16666666666666666,0.37735849056603776
2023,"law, derek",962,92.0,-0.23849874476077954,0.3333333333333333,0.1724137931034483,0.1111111111111111,0.3333333333333333,0.4827586206896552,0.2777777777777778,0.02857142857142857,0.12727272727272726,0.22857142857142856,0.36363636363636365,0.44,0.22857142857142856,0.08,0.5
2023,"lucchesi, joey",700,91.9,-0.24021798965207652,0.14285714285714285,0.10294117647058823,0.13513513513513514,0.14285714285714285,0.38235294117647056,0.32432432432432434,0.20930232558139536,0.16666666666666666,0.3953488372093023,0.43333333333333335,0.5,0.27906976744186046,0.0,0.4528301886792453
2023,"weathers, ryan",1073,91.9,-0.24190814630874694,0.07142857142857142,0.12087912087912088,0.09302325581395349,0.5,0.42857142857142855,0.3953488372093023,0.13333333333333333,0.10989010989010989,0.4222222222222222,0.4835164835164835,0.41379310344827586,0.3111111111111111,0.06896551724137931,0.4685714285714286
2023,"senga, kodai",2803,91.7,-0.2457103591389184,0.1111111111111111,0.10849056603773585,0.08928571428571429,0.4074074074074074,0.42452830188679247,0.41964285714285715,0.10309278350515463,0.12883435582822086,0.4639175257731959,0.4294478527607362,0.275,0.25773195876288657,0.15,0.42283298097251587
2023,"weems, jordan",941,91.6,-0.250825814947398,0.15384615384615385,0.11290322580645161,0.16129032258064516,0.38461538461538464,0.3387096774193548,0.41935483870967744,0.11538461538461539,0.047619047619047616,0.5769230769230769,0.42857142857142855,0.4166666666666667,0.4230769230769231,0.041666666666666664,0.3885350318471338
2023,"faucher, calvin",516,91.6,-0.2497902859297705,0.0,0.16666666666666666,0.11538461538461539,0.5,0.4444444444444444,0.38461538461538464,0.15384615384615385,0.12,0.38461538461538464,0.32,0.2727272727272727,0.38461538461538464,0.09090909090909091,0.38461538461538464
2023,"wood, alex",1710,91.2,-0.26077602186535953,0.11764705882352941,0.10457516339869281,0.07936507936507936,0.5294117647058824,0.41830065359477125,0.47619047619047616,0.13559322033898305,0.10569105691056911,0.423728813559322,0.3821138211382114,0.40425531914893614,0.3728813559322034,0.0851063829787234,0.3190789473684211
2023,"blanco, ronel",906,91.1,-0.2650210530371779,0.125,0.17647058823529413,0.13513513513513514,0.5,0.4264705882352941,0.35135135135135137,0.10344827586206896,0.08771929824561403,0.4482758620689655,0.42105263157894735,0.5333333333333333,0.3103448275862069,0.0,0.39759036144578314
2023,"javier, cristian",2886,90.8,-0.27441655815372373,0.19047619047619047,0.1,0.1111111111111111,0.42857142857142855,0.4583333333333333,0.46296296296296297,0.1326530612244898,0.0861244019138756,0.46938775510204084,0.4688995215311005,0.42424242424242425,0.2755102040816326,0.045454545454545456,0.4139194139194139
2023,"brown, hunter",2725,90.7,-0.27630584487221993,0.1111111111111111,0.10683760683760683,0.1111111111111111,0.4222222222222222,0.3974358974358974,0.39814814814814814,0.15,0.1411764705882353,0.375,0.43529411764705883,0.3389830508474576,0.35,0.0847457627118644,0.34990439770554493
2023,"baumann, mike",1081,90.5,-0.2816147415377456,0.15384615384615385,0.10588235294117647,0.10526315789473684,0.38461538461538464,0.3176470588235294,0.2631578947368421,0.10344827586206896,0.15789473684210525,0.3448275862068966,0.40350877192982454,0.4,0.4482758620689655,0.12,0.45023696682464454
2023,"vásquez, randy",669,90.4,-0.2871980791955095,0.0,0.1568627450980392,0.1388888888888889,0.0,0.37254901960784315,0.3888888888888889,0.15151515151515152,0.18604651162790697,0.45454545454545453,0.4186046511627907,0.23529411764705882,0.48484848484848486,0.058823529411764705,0.31690140845070425
2023,"almonte, yency",807,90.2,-0.2923944754219596,0.16666666666666666,0.1875,0.13333333333333333,0.3333333333333333,0.4166666666666667,0.3333333333333333,0.04,0.11363636363636363,0.44,0.3181818181818182,0.35,0.24,0.15,0.4205607476635514
2023,"barlow, scott",1209,90.2,-0.29137966261950354,0.16666666666666666,0.13333333333333333,0.15,0.6666666666666666,0.4166666666666667,0.45,0.10638297872340426,0.06,0.3191489361702128,0.3,0.3235294117647059,0.2765957446808511,0.14705882352941177,0.4198895027624309
2023,"may, dustin",736,89.8,-0.30345010587999505,0.14285714285714285,0.12857142857142856,0.13043478260869565,0.42857142857142855,0.37142857142857144,0.43478260869565216,0.0,0.05172413793103448,0.3793103448275862,0.3793103448275862,0.4444444444444444,0.5172413793103449,0.16666666666666666,0.33548387096774196
2023,"moll, sam",1058,89.6,-0.31037809925382603,0.0,0.08064516129032258,0.12,0.5,0.27419354838709675,0.52,0.17142857142857143,0.11320754716981132,0.5714285714285714,0.41509433962264153,0.2727272727272727,0.2857142857142857,0.18181818181818182,0.41798941798941797
2023,"irvin, jake",2149,89.6,-0.3099100328047231,0.02702702702702703,0.10550458715596331,0.07777777777777778,0.40540540540540543,0.41743119266055045,0.4,0.1917808219178082,0.16666666666666666,0.3972602739726027,0.41975308641975306,0.47368421052631576,0.3424657534246575,0.07017543859649122,0.3558897243107769
2023,"turnbull, spencer",556,89.6,-0.3105273115125802,0.125,0.1346153846153846,0.13333333333333333,0.375,0.46153846153846156,0.5,0.15384615384615385,0.1282051282051282,0.38461538461538464,0.3076923076923077,0.4117647058823529,0.2692307692307692,0.058823529411764705,0.3655913978494624
2023,"hill, tim",718,89.6,-0.3104369456064114,0.125,0.11764705882352941,0.14814814814814814,0.25,0.4411764705882353,0.25925925925925924,0.13793103448275862,0.11627906976744186,0.4482758620689655,0.5116279069767442,0.47368421052631576,0.4827586206896552,0.0,0.3087248322147651
2023,"flaherty, jack",2638,89.5,-0.3119160236796556,0.22580645161290322,0.12962962962962962,0.09836065573770492,0.3548387096774194,0.4166666666666667,0.4098360655737705,0.06363636363636363,0.10303030303030303,0.37272727272727274,0.4121212121212121,0.2361111111111111,0.4,0.1527777777777778,0.3957345971563981
2023,"battenfield, peyton",551,89.2,-0.32293753146466725,0.13333333333333333,0.10294117647058823,0.125,0.4666666666666667,0.4264705882352941,0.46875,0.0,0.06976744186046512,0.09090909090909091,0.32558139534883723,0.6363636363636364,0.5454545454545454,0.18181818181818182,0.3434343434343434
2023,"adam, jason",909,88.9,-0.33124027035620607,0.09090909090909091,0.18,0.09375,0.36363636363636365,0.38,0.4375,0.041666666666666664,0.1111111111111111,0.375,0.3888888888888889,0.32142857142857145,0.2916666666666667,0.21428571428571427,0.33557046979865773
2023,"shuster, jared",864,88.8,-0.3321134583378854,0.08333333333333333,0.09090909090909091,0.13953488372093023,0.6666666666666666,0.3409090909090909,0.3488372093023256,0.1794871794871795,0.125,0.41025641025641024,0.3875,0.28,0.38461538461538464,0.12,0.35294117647058826
2023,"cox, austin",578,88.2,-0.3514402171029563,0.0,0.1702127659574468,0.125,0.16666666666666666,0.3404255319148936,0.4583333333333333,0.0625,0.21212121212121213,0.5625,0.42424242424242425,0.5,0.3125,0.05555555555555555,0.36470588235294116
2023,"leiter, mark",1057,88.2,-0.3507624183543922,0.2222222222222222,0.1694915254237288,0.16129032258064516,0.3333333333333333,0.4067796610169492,0.45161290322580644,0.16,0.07142857142857142,0.44,0.38095238095238093,0.25,0.16,0.10714285714285714,0.4105960264900662
2023,"gray, josiah",2817,88.1,-0.3554653854264888,0.14285714285714285,0.11818181818181818,0.1111111111111111,0.35714285714285715,0.4,0.36507936507936506,0.1328125,0.15544041450777202,0.390625,0.41450777202072536,0.2441860465116279,0.3125,0.1511627906976744,0.4178498985801217
2023,"anderson, tyler",2435,88.0,-0.3568211071139242,0.11428571428571428,0.12626262626262627,0.12096774193548387,0.45714285714285713,0.42424242424242425,0.46774193548387094,0.12307692307692308,0.135,0.38461538461538464,0.385,0.3787878787878788,0.3384615384615385,0.09090909090909091,0.37383177570093457
2023,"suarez, josé",624,88.0,-0.358522604995743,0.16666666666666666,0.09803921568627451,0.11428571428571428,0.3333333333333333,0.35294117647058826,0.37142857142857144,0.2,0.14893617021276595,0.5,0.46808510638297873,0.2777777777777778,0.23333333333333334,0.1111111111111111,0.3711340206185567
2023,"ureña, josé",771,87.9,-0.35930714112078727,0.2,0.15,0.2,0.4666666666666667,0.375,0.325,0.09375,0.1111111111111111,0.3125,0.4444444444444444,0.35,0.375,0.05,0.4393939393939394
2023,"frías, luis",539,87.8,-0.36439335481551466,0.14285714285714285,0.15,0.08333333333333333,0.2857142857142857,0.325,0.25,0.0,0.19444444444444445,0.23076923076923078,0.5,0.35294117647058826,0.5384615384615384,0.17647058823529413,0.35051546391752575
2023,"neris, héctor",1094,87.7,-0.36671036490390774,0.08333333333333333,0.16666666666666666,0.1875,0.3333333333333333,0.3541666666666667,0.4375,0.08333333333333333,0.11764705882352941,0.4444444444444444,0.37254901960784315,0.24242424242424243,0.3055555555555556,0.15151515151515152,0.3271889400921659
2023,"wainwright, adam",1793,87.6,-0.3678352851351021,0.15384615384615385,0.08333333333333333,0.06896551724137931,0.5384615384615384,0.484375,0.5086206896551724,0.07216494845360824,0.07042253521126761,0.4536082474226804,0.47183098591549294,0.41025641025641024,0.44329896907216493,0.1282051282051282,0.41832669322709165
2023,"shaw, bryan",774,87.6,-0.36857852243778894,0.0,0.14285714285714285,0.038461538461538464,0.75,0.44642857142857145,0.4230769230769231,0.09523809523809523,0.14634146341463414,0.5238095238095238,0.34146341463414637,0.3181818181818182,0.42857142857142855,0.13636363636363635,0.4507042253521127
2023,"hamilton, ian",986,87.5,-0.37179698609619377,0.0,0.10344827586206896,0.11764705882352941,0.42857142857142855,0.4827586206896552,0.4117647058823529,0.16666666666666666,0.17543859649122806,0.4722222222222222,0.5263157894736842,0.3333333333333333,0.2777777777777778,0.07407407407407407,0.3416149068322981
2023,"abreu, bryan",1218,87.2,-0.3819131904363717,0.08333333333333333,0.1111111111111111,0.05555555555555555,0.5,0.4722222222222222,0.5,0.2,0.13333333333333333,0.5,0.4222222222222222,0.24242424242424243,0.2,0.15151515151515152,0.3333333333333333
2023,"jackson, andre",1002,87.2,-0.38034582146213175,0.1111111111111111,0.057692307692307696,0.1,0.6111111111111112,0.4519230769230769,0.48,0.09375,0.0625,0.3125,0.359375,0.38095238095238093,0.4375,0.23809523809523808,0.3723404255319149
2023,"wright, kyle",576,87.2,-0.38203520789348583,0.0,0.15254237288135594,0.09523809523809523,0.3,0.423728813559322,0.3333333333333333,0.09090909090909091,0.17073170731707318,0.3181818181818182,0.4634146341463415,0.25,0.4090909090909091,0.2,0.3611111111111111
2023,"schreiber, john",830,87.0,-0.38635784300193604,0.2,0.17647058823529413,0.13636363636363635,0.0,0.29411764705882354,0.4090909090909091,0.2857142857142857,0.08823529411764706,0.5714285714285714,0.4117647058823529,0.34615384615384615,0.23809523809523808,0.038461538461538464,0.31788079470198677
2023,"adon, joan",928,86.5,-0.40202220594114746,0.10526315789473684,0.13402061855670103,0.13043478260869565,0.47368421052631576,0.422680412371134,0.3695652173913043,0.1724137931034483,0.14925373134328357,0.3793103448275862,0.44776119402985076,0.4782608695652174,0.41379310344827586,0.0,0.3258426966292135
2023,"anderson, chase",1449,86.5,-0.40292394770296913,0.15,0.10743801652892562,0.140625,0.6,0.4132231404958678,0.4375,0.0945945945945946,0.06923076923076923,0.40540540540540543,0.49230769230769234,0.28205128205128205,0.36486486486486486,0.15384615384615385,0.38188976377952755
2023,"pallante, andre",1140,86.4,-0.40476147702318566,0.0,0.09090909090909091,0.1,0.42857142857142855,0.36363636363636365,0.4,0.15555555555555556,0.15492957746478872,0.4444444444444444,0.4084507042253521,0.4838709677419355,0.4444444444444444,0.12903225806451613,0.3622448979591837
2023,"hernández, jonathan",557,86.1,-0.415260877448017,0.2857142857142857,0.11764705882352941,0.09523809523809523,0.7142857142857143,0.4117647058823529,0.38095238095238093,0.15,0.16666666666666666,0.3,0.4,0.06666666666666667,0.3,0.13333333333333333,0.3333333333333333
2023,"sheehan, emmet",1031,85.9,-0.42045334255185157,0.13333333333333333,0.075,0.038461538461538464,0.6666666666666666,0.5125,0.38461538461538464,0.03225806451612903,0.0875,0.5806451612903226,0.475,0.23076923076923078,0.45161290322580644,0.23076923076923078,0.4418604651162791
2023,"brazobán, huascar",1025,85.8,-0.4222593721030575,0.1111111111111111,0.0847457627118644,0.13333333333333333,0.5555555555555556,0.3389830508474576,0.5,0.23809523809523808,0.14754098360655737,0.4523809523809524,0.3114754098360656,0.10344827586206896,0.19047619047619047,0.20689655172413793,0.3567251461988304
2023,"karinchak, james",740,85.6,-0.42890630422074744,0.25,0.17142857142857143,0.10526315789473684,0.375,0.42857142857142855,0.42105263157894735,0.0,0.07407407407407407,0.4166666666666667,0.4444444444444444,0.2222222222222222,0.3333333333333333,0.2222222222222222,0.3360655737704918
2023,"middleton, keynan",858,85.4,-0.43450118982098096,0.3333333333333333,0.2,0.1935483870967742,0.5555555555555556,0.425,0.41935483870967744,0.07317073170731707,0.10256410256410256,0.34146341463414637,0.41025641025641024,0.22727272727272727,0.34146341463414637,0.0,0.3836477987421384
2023,"alvarado, josé",745,85.2,-0.441505494981319,0.3333333333333333,0.11627906976744186,0.14285714285714285,0.3333333333333333,0.46511627906976744,0.38095238095238093,0.09090909090909091,0.1111111111111111,0.18181818181818182,0.4444444444444444,0.25,0.2727272727272727,0.1875,0.3006535947712418
2023,"lópez, jorge",980,85.0,-0.44790397598418186,0.25,0.10112359550561797,0.1568627450980392,0.5833333333333334,0.38202247191011235,0.45098039215686275,0.09523809523809523,0.05660377358490566,0.38095238095238093,0.2641509433962264,0.30434782608695654,0.47619047619047616,0.17391304347826086,0.3780487804878049
2023,"abbott, cory",703,84.3,-0.468492529496747,0.07142857142857142,0.09230769230769231,0.18181818181818182,0.21428571428571427,0.3076923076923077,0.2727272727272727,0.07142857142857142,0.13513513513513514,0.5,0.40540540540540543,0.4090909090909091,0.5714285714285714,0.18181818181818182,0.3671875
2023,"stroman, marcus",2208,83.9,-0.48078489907549793,0.16666666666666666,0.06451612903225806,0.0761904761904762,0.7222222222222222,0.43317972350230416,0.47619047619047616,0.14666666666666667,0.125,0.4266666666666667,0.46710526315789475,0.4074074074074074,0.49333333333333335,0.07407407407407407,0.38016528925619836
2023,"henry, tommy",1396,83.7,-0.4851046399322064,0.15,0.08396946564885496,0.029850746268656716,0.55,0.4580152671755725,0.5074626865671642,0.11267605633802817,0.1366906474820144,0.4084507042253521,0.45323741007194246,0.2571428571428571,0.352112676056338,0.22857142857142856,0.35772357723577236
2023,"johnson, pierce",1089,83.6,-0.48934952665801246,0.3333333333333333,0.14864864864864866,0.175,0.6666666666666666,0.4594594594594595,0.55,0.0,0.0625,0.36363636363636365,0.375,0.3333333333333333,0.3181818181818182,0.1111111111111111,0.3595505617977528
2023,"honeywell, brent",947,83.5,-0.4898090279796675,0.0,0.10465116279069768,0.17391304347826086,0.5,0.4418604651162791,0.5,0.11538461538461539,0.058823529411764705,0.46153846153846156,0.43137254901960786,0.4642857142857143,0.34615384615384615,0.17857142857142858,0.3930635838150289
2023,"ward, thaddeus",685,83.3,-0.49796928512301175,0.0,0.1590909090909091,0.09090909090909091,0.4444444444444444,0.45454545454545453,0.5,0.10526315789473684,0.07894736842105263,0.5263157894736842,0.4473684210526316,0.4444444444444444,0.3157894736842105,0.18518518518518517,0.3431372549019608
2023,"bielak, brandon",1388,83.2,-0.5014423438743234,0.041666666666666664,0.08029197080291971,0.03333333333333333,0.375,0.4233576642335766,0.48333333333333334,0.09090909090909091,0.12149532710280374,0.5818181818181818,0.5420560747663551,0.4117647058823529,0.45454545454545453,0.20588235294117646,0.38495575221238937
2023,"silseth, chase",889,83.2,-0.4992868855850223,0.07142857142857142,0.08333333333333333,0.1875,0.21428571428571427,0.2777777777777778,0.28125,0.2903225806451613,0.14814814814814814,0.5483870967741935,0.3888888888888889,0.2,0.25806451612903225,0.2,0.3591549295774648
2023,"herrin, tim",510,83.1,-0.5031657710322289,0.0,0.16666666666666666,0.13333333333333333,0.6666666666666666,0.3333333333333333,0.3333333333333333,0.1,0.04,0.7,0.44,0.3076923076923077,0.35,0.23076923076923078,0.3
2023,"hudson, dakota",1318,83.1,-0.5040594289525363,0.09090909090909091,0.0738255033557047,0.12857142857142856,0.36363636363636365,0.40939597315436244,0.37142857142857144,0.1320754716981132,0.08653846153846154,0.4339622641509434,0.46153846153846156,0.3783783783783784,0.4716981132075472,0.21621621621621623,0.336283185840708
2023,"martinez, seth",773,83.1,-0.5018583751506134,0.1,0.1896551724137931,0.09090909090909091,0.2,0.3103448275862069,0.30303030303030304,0.19047619047619047,0.2564102564102564,0.42857142857142855,0.5641025641025641,0.34782608695652173,0.38095238095238093,0.0,0.39705882352941174
2023,"kowar, jackson",568,82.9,-0.5086350435186552,0.2,0.15789473684210525,0.1111111111111111,0.2,0.4473684210526316,0.3333333333333333,0.16666666666666666,0.11764705882352941,0.3333333333333333,0.38235294117647056,0.2631578947368421,0.2777777777777778,0.21052631578947367,0.36082474226804123
2023,"bickford, phil",1248,82.5,-0.5223292460616655,0.1111111111111111,0.17777777777777778,0.17777777777777778,0.3888888888888889,0.35555555555555557,0.3333333333333333,0.125,0.11538461538461539,0.375,0.3076923076923077,0.2571428571428571,0.4583333333333333,0.17142857142857143,0.3728813559322034
2023,"soriano, george",888,82.2,-0.5305644967638408,0.1,0.1038961038961039,0.05,0.5,0.5064935064935064,0.55,0.037037037037037035,0.16363636363636364,0.48148148148148145,0.509090909090909,0.4074074074074074,0.4074074074074074,0.14814814814814814,0.3106060606060606
2023,"oviedo, johan",2993,82.0,-0.5345098785992438,0.225,0.14545454545454545,0.16417910447761194,0.475,0.44727272727272727,0.373134328358209,0.08264462809917356,0.12334801762114538,0.38016528925619836,0.4581497797356828,0.4044943820224719,0.371900826446281,0.07865168539325842,0.37424547283702214
2023,"woodford, jake",910,81.8,-0.5407241816493566,0.0,0.1326530612244898,0.18604651162790697,0.5,0.46938775510204084,0.4418604651162791,0.07407407407407407,0.14285714285714285,0.4074074074074074,0.5,0.4782608695652174,0.5185185185185185,0.043478260869565216,0.40397350993377484
2023,"snell, blake",3170,81.6,-0.5490722545333533,0.13793103448275862,0.1256544502617801,0.08571428571428572,0.5517241379310345,0.39267015706806285,0.41904761904761906,0.1588785046728972,0.1497005988023952,0.42990654205607476,0.49101796407185627,0.25,0.2803738317757009,0.18,0.42247191011235957
2023,"jameson, drey",674,80.7,-0.5745166519197776,0.26666666666666666,0.14285714285714285,0.1724137931034483,0.4666666666666667,0.45714285714285713,0.4827586206896552,0.05263157894736842,0.1,0.2631578947368421,0.38,0.29411764705882354,0.3684210526315789,0.17647058823529413,0.3333333333333333
2023,"peralta, wandy",882,80.5,-0.5801989550876671,0.0,0.14,0.06666666666666667,0.2857142857142857,0.4,0.43333333333333335,0.2,0.3333333333333333,0.4,0.4358974358974359,0.3548387096774194,0.32,0.06451612903225806,0.40816326530612246
2023,"liberatore, matthew",1063,80.4,-0.5836915177711411,0.23529411764705882,0.11009174311926606,0.06,0.35294117647058826,0.44036697247706424,0.42,0.14285714285714285,0.16666666666666666,0.45714285714285713,0.4583333333333333,0.5,0.4,0.08333333333333333,0.37967914438502676
2023,"verhagen, drew",1052,79.9,-0.5985377581283995,0.3076923076923077,0.19117647058823528,0.1388888888888889,0.23076923076923078,0.38235294117647056,0.3888888888888889,0.15151515151515152,0.12280701754385964,0.30303030303030304,0.2631578947368421,0.5161290322580645,0.2727272727272727,0.12903225806451613,0.36024844720496896
2023,"peguero, elvis",921,79.8,-0.6006671366145555,0.2,0.16901408450704225,0.10256410256410256,0.6,0.4507042253521127,0.4358974358974359,0.15151515151515152,0.1724137931034483,0.3939393939393939,0.4482758620689655,0.4642857142857143,0.2727272727272727,0.03571428571428571,0.3305785123966942
2023,"ortiz, luis",1462,79.8,-0.6002560643540438,0.10344827586206896,0.14130434782608695,0.12195121951219512,0.3793103448275862,0.4076086956521739,0.36585365853658536,0.09090909090909091,0.09523809523809523,0.6136363636363636,0.45714285714285713,0.42857142857142855,0.5,0.14285714285714285,0.38738738738738737
2023,"cruz, fernando",1122,79.5,-0.6104692117502071,0.14285714285714285,0.1388888888888889,0.13157894736842105,0.5714285714285714,0.4583333333333333,0.5526315789473685,0.0,0.10869565217391304,0.5172413793103449,0.4782608695652174,0.14814814814814814,0.41379310344827586,0.2222222222222222,0.2932692307692308
2023,"williams, devin",952,79.1,-0.623431812394789,0.2,0.13157894736842105,0.23076923076923078,0.6,0.3684210526315789,0.46153846153846156,0.07142857142857142,0.05263157894736842,0.6071428571428571,0.47368421052631576,0.17857142857142858,0.32142857142857145,0.17857142857142858,0.34965034965034963
2023,"bernardino, brennan",867,78.8,-0.6297726183141805,0.25,0.16981132075471697,0.2,0.375,0.49056603773584906,0.43333333333333335,0.1,0.08333333333333333,0.45,0.6111111111111112,0.3157894736842105,0.15,0.10526315789473684,0.34615384615384615
2023,"davis, noah",602,78.8,-0.6301420031280021,0.0,0.1875,0.13636363636363635,0.16666666666666666,0.4583333333333333,0.5,0.16666666666666666,0.14634146341463414,0.375,0.43902439024390244,0.3333333333333333,0.5,0.1111111111111111,0.29365079365079366
2023,"megill, tylor",2237,78.7,-0.635283110893306,0.2571428571428571,0.13023255813953488,0.11214953271028037,0.5142857142857142,0.4511627906976744,0.3925233644859813,0.1797752808988764,0.12987012987012986,0.5393258426966292,0.487012987012987,0.4126984126984127,0.3146067415730337,0.047619047619047616,0.38858695652173914
2023,"rucker, michael",720,78.5,-0.6397272069728153,0.0,0.16666666666666666,0.09090909090909091,0.625,0.4666666666666667,0.45454545454545453,0.07692307692307693,0.15151515151515152,0.46153846153846156,0.5151515151515151,0.4,0.5384615384615384,0.1,0.42727272727272725
2023,"hollowell, gavin",617,78.4,-0.6416177077232884,0.0,0.0975609756097561,0.047619047619047616,0.7142857142857143,0.4878048780487805,0.47619047619047616,0.12,0.16666666666666666,0.56,0.4444444444444444,0.21739130434782608,0.48,0.21739130434782608,0.2702702702702703
2023,"graveman, kendall",1116,78.3,-0.6454751008194929,0.18181818181818182,0.18055555555555555,0.20930232558139536,0.36363636363636365,0.3055555555555556,0.37209302325581395,0.20689655172413793,0.14814814814814814,0.4482758620689655,0.4074074074074074,0.16666666666666666,0.3103448275862069,0.1111111111111111,0.4484848484848485
2023,"pérez, cionel",888,78.3,-0.6448534947070956,0.25,0.08571428571428572,0.06666666666666667,0.5,0.4714285714285714,0.4,0.07894736842105263,0.10526315789473684,0.39473684210526316,0.45614035087719296,0.375,0.42105263157894735,0.25,0.37583892617449666
2023,"medina, luis",1958,78.3,-0.6470635339616873,0.1111111111111111,0.11834319526627218,0.11538461538461539,0.3888888888888889,0.5088757396449705,0.47435897435897434,0.14285714285714285,0.15151515151515152,0.5844155844155844,0.5378787878787878,0.2786885245901639,0.38961038961038963,0.09836065573770492,0.36827195467422097
2023,"muller, kyle",1461,77.9,-0.6585631774789202,0.16666666666666666,0.0967741935483871,0.125,0.4666666666666667,0.4838709677419355,0.55,0.17647058823529413,0.10309278350515463,0.43137254901960786,0.4639175257731959,0.55,0.39215686274509803,0.075,0.3225806451612903
2023,"davies, zach",1501,77.6,-0.6667875946504598,0.2,0.10416666666666667,0.13513513513513514,0.3,0.4097222222222222,0.47297297297297297,0.11475409836065574,0.09375,0.5081967213114754,0.46875,0.5897435897435898,0.3442622950819672,0.15384615384615385,0.3902439024390244
2023,"de los santos, enyel",1059,77.4,-0.6722755122235611,0.46153846153846156,0.17567567567567569,0.21951219512195122,0.23076923076923078,0.33783783783783783,0.43902439024390244,0.03571428571428571,0.07017543859649122,0.4642857142857143,0.38596491228070173,0.4,0.42857142857142855,0.08,0.33658536585365856
2023,"cabrera, edward",1806,77.3,-0.6765095049214341,0.11764705882352941,0.17073170731707318,0.12,0.47058823529411764,0.4796747967479675,0.5,0.13043478260869565,0.14018691588785046,0.42028985507246375,0.42990654205607476,0.26153846153846155,0.3188405797101449,0.16923076923076924,0.3620689655172414
2023,"hartwig, grant",643,76.5,-0.6992558925881074,0.2,0.1590909090909091,0.125,0.4,0.5,0.2916666666666667,0.12,0.18604651162790697,0.32,0.46511627906976744,0.5,0.28,0.125,0.42727272727272725
2023,"díaz, alexis",1166,76.5,-0.6995592488528167,0.0,0.13333333333333333,0.24,0.3333333333333333,0.4166666666666667,0.4,0.2727272727272727,0.1568627450980392,0.5,0.45098039215686275,0.3111111111111111,0.2727272727272727,0.08888888888888889,0.43147208121827413
2023,"kuhl, chad",774,76.3,-0.7043962841015958,0.0,0.13432835820895522,0.08823529411764706,0.46153846153846156,0.4925373134328358,0.5294117647058824,0.15,0.11764705882352941,0.5,0.5,0.4642857142857143,0.35,0.17857142857142858,0.4811320754716981
2023,"manoah, alek",1697,76.1,-0.7126095582266322,0.18181818181818182,0.1476510067114094,0.16666666666666666,0.5,0.40268456375838924,0.3787878787878788,0.14705882352941177,0.14814814814814814,0.35294117647058826,0.37962962962962965,0.3125,0.45588235294117646,0.140625,0.41515151515151516
2023,"lamet, dinelson",605,75.4,-0.7323705809271606,0.1,0.125,0.12,0.4,0.4375,0.56,0.16666666666666666,0.09523809523809523,0.6666666666666666,0.47619047619047616,0.4782608695652174,0.3333333333333333,0.13043478260869565,0.38181818181818183
2023,"sims, lucas",1062,75.1,-0.7410903947427565,0.1,0.2,0.13636363636363635,0.6,0.4,0.5,0.19230769230769232,0.1702127659574468,0.5,0.40425531914893614,0.28888888888888886,0.23076923076923078,0.1111111111111111,0.37362637362637363
2023,"cuas, josé",1177,74.9,-0.7465289103985091,0.05555555555555555,0.11392405063291139,0.16,0.5,0.4050632911392405,0.42,0.24242424242424243,0.19642857142857142,0.42424242424242425,0.4107142857142857,0.20512820512820512,0.3939393939393939,0.15384615384615385,0.38860103626943004
2023,"feltner, ryan",784,74.6,-0.7566114716096317,0.4,0.21568627450980393,0.12121212121212122,0.2,0.29411764705882354,0.3333333333333333,0.1794871794871795,0.2,0.3333333333333333,0.2909090909090909,0.2962962962962963,0.1794871794871795,0.18518518518518517,0.37037037037037035
2023,"smith, drew",1083,74.1,-0.770446918607356,0.16666666666666666,0.15789473684210525,0.12903225806451613,0.5,0.5087719298245614,0.5483870967741935,0.13043478260869565,0.125,0.5652173913043478,0.42857142857142855,0.40625,0.5217391304347826,0.03125,0.36818181818181817
2023,"bummer, aaron",1114,73.7,-0.7821719730880597,0.3333333333333333,0.14084507042253522,0.22580645161290322,0.3333333333333333,0.36619718309859156,0.3225806451612903,0.14814814814814814,0.08888888888888889,0.4074074074074074,0.3333333333333333,0.2903225806451613,0.4074074074074074,0.1935483870967742,0.35570469798657717
2023,"yates, kirby",1063,73.4,-0.7907821257467597,0.15384615384615385,0.14516129032258066,0.14814814814814814,0.38461538461538464,0.43548387096774194,0.37037037037037035,0.2222222222222222,0.17647058823529413,0.3333333333333333,0.4411764705882353,0.35,0.3333333333333333,0.15,0.395
2023,"marsh, alec",1342,73.1,-0.8010385212009643,0.25,0.18584070796460178,0.19642857142857142,0.5,0.4336283185840708,0.44642857142857145,0.1702127659574468,0.1686746987951807,0.3617021276595745,0.3855421686746988,0.20454545454545456,0.40425531914893614,0.06818181818181818,0.365296803652968
2023,"diekman, jake",999,72.4,-0.8207148641272803,0.25,0.16666666666666666,0.3103448275862069,0.5,0.3958333333333333,0.4827586206896552,0.22580645161290322,0.14,0.3548387096774194,0.34,0.34375,0.22580645161290322,0.03125,0.37888198757763975
2023,"miller, mason",611,72.3,-0.8256842072991676,0.3333333333333333,0.20512820512820512,0.058823529411764705,0.3333333333333333,0.4358974358974359,0.47058823529411764,0.08333333333333333,0.17391304347826086,0.4166666666666667,0.41304347826086957,0.47368421052631576,0.4166666666666667,0.10526315789473684,0.40476190476190477
2023,"abreu, albert",1055,72.3,-0.8259845819836015,0.3333333333333333,0.18666666666666668,0.1935483870967742,0.5833333333333334,0.4533333333333333,0.45161290322580644,0.05,0.125,0.3,0.35714285714285715,0.2702702702702703,0.325,0.1891891891891892,0.36942675159235666
2023,"ramírez, yohan",719,72.2,-0.8265285838892689,0.0,0.18604651162790697,0.1,0.0,0.4883720930232558,0.3,0.2,0.3142857142857143,0.52,0.6,0.34615384615384615,0.24,0.11538461538461539,0.33035714285714285
2023,"saucedo, tayler",791,71.9,-0.8366449426190307,0.16666666666666666,0.21052631578947367,0.0,0.5,0.47368421052631576,0.5217391304347826,0.24242424242424243,0.16216216216216217,0.5151515151515151,0.43243243243243246,0.4583333333333333,0.21212121212121213,0.125,0.3389830508474576
2023,"ruiz, josé",825,71.9,-0.8376052937167674,0.3,0.19672131147540983,0.16666666666666666,0.5,0.4426229508196721,0.4523809523809524,0.10344827586206896,0.15217391304347827,0.5517241379310345,0.32608695652173914,0.4166666666666667,0.41379310344827586,0.041666666666666664,0.4132231404958678
2023,"hader, josh",1053,71.1,-0.8602773029730136,0.25,0.23684210526315788,0.30434782608695654,0.5,0.47368421052631576,0.43478260869565216,0.125,0.13513513513513514,0.4166666666666667,0.3783783783783784,0.1,0.2916666666666667,0.06666666666666667,0.375
2023,"bido, osvaldo",942,70.0,-0.8927893106095315,0.2857142857142857,0.16666666666666666,0.14583333333333334,0.42857142857142855,0.4027777777777778,0.375,0.09523809523809523,0.12280701754385964,0.40476190476190477,0.3684210526315789,0.2857142857142857,0.35714285714285715,0.2857142857142857,0.32934131736526945
2023,"soriano, josé",704,69.9,-0.8949535875452327,0.0,0.14285714285714285,0.16666666666666666,0.2,0.35714285714285715,0.2777777777777778,0.35714285714285715,0.1875,0.5714285714285714,0.375,0.4642857142857143,0.35714285714285715,0.14285714285714285,0.3595505617977528
2023,"marte, yunior",700,69.6,-0.9038008016013016,0.3333333333333333,0.14,0.20588235294117646,0.5555555555555556,0.48,0.4117647058823529,0.14814814814814814,0.10810810810810811,0.4074074074074074,0.43243243243243246,0.2,0.4444444444444444,0.13333333333333333,0.4166666666666667
2023,"leclerc, josé",986,69.5,-0.9071086689054603,0.25,0.08108108108108109,0.25,0.75,0.5405405405405406,0.7,0.14705882352941177,0.05454545454545454,0.47058823529411764,0.41818181818181815,0.30434782608695654,0.3235294117647059,0.13043478260869565,0.40853658536585363
2023,"kimbrel, craig",1140,69.2,-0.9178487345839051,0.38461538461538464,0.11940298507462686,0.13333333333333333,0.46153846153846156,0.40298507462686567,0.3333333333333333,0.10526315789473684,0.21739130434782608,0.42105263157894735,0.43478260869565216,0.43333333333333335,0.3157894736842105,0.16666666666666666,0.34
2023,"fujinami, shintaro",1411,65.4,-1.0312871147534923,0.11764705882352941,0.14285714285714285,0.12962962962962962,0.47058823529411764,0.5,0.46296296296296297,0.13157894736842105,0.14864864864864866,0.5263157894736842,0.47297297297297297,0.38636363636363635,0.3157894736842105,0.2727272727272727,0.34375
2023,"uribe, abner",520,65.3,-1.0320337362062162,0.0,0.14285714285714285,0.14285714285714285,1.0,0.5357142857142857,0.5714285714285714,0.09090909090909091,0.17647058823529413,0.2727272727272727,0.6470588235294118,0.15,0.2727272727272727,0.3,0.35135135135135137
2023,"toussaint, touki",1595,63.4,-1.0895655177751586,0.1875,0.192,0.1864406779661017,0.375,0.472,0.4406779661016949,0.08928571428571429,0.1590909090909091,0.5357142857142857,0.5227272727272727,0.29508196721311475,0.35714285714285715,0.21311475409836064,0.33195020746887965
2023,"marinaccio, ron",898,61.2,-1.1539505350709738,0.18181818181818182,0.2916666666666667,0.3333333333333333,0.2727272727272727,0.4375,0.38095238095238093,0.18181818181818182,0.1794871794871795,0.5,0.41025641025641024,0.3793103448275862,0.13636363636363635,0.06896551724137931,0.3870967741935484
2023,"kopech, michael",2432,60.1,-1.1879259914409261,0.2727272727272727,0.19402985074626866,0.22105263157894736,0.6136363636363636,0.5024875621890548,0.5157894736842106,0.07042253521126761,0.14864864864864866,0.4084507042253521,0.38513513513513514,0.3854166666666667,0.38028169014084506,0.1875,0.37468354430379747
2023,"lange, alex",1151,59.7,-1.200634771577617,0.2,0.12280701754385964,0.10344827586206896,0.6,0.47368421052631576,0.41379310344827586,0.23529411764705882,0.23529411764705882,0.5588235294117647,0.47058823529411764,0.2978723404255319,0.2647058823529412,0.23404255319148937,0.390625
2023,"erceg, lucas",1057,56.8,-1.2865064530430321,0.375,0.2692307692307692,0.16666666666666666,0.875,0.5,0.4,0.1111111111111111,0.22448979591836735,0.3611111111111111,0.42857142857142855,0.32432432432432434,0.25,0.10810810810810811,0.391812865497076
2023,"buttó, josé",734,56.5,-1.2962478695993604,0.6666666666666666,0.13846153846153847,0.1,1.0,0.4307692307692308,0.5,0.20689655172413793,0.16,0.5172413793103449,0.38,0.42857142857142855,0.3448275862068966,0.047619047619047616,0.47058823529411764
2023,"kauffmann, karl",583,55.4,-1.326635294118091,0.18181818181818182,0.14285714285714285,0.21428571428571427,0.6363636363636364,0.4935064935064935,0.5357142857142857,0.3333333333333333,0.1111111111111111,0.4166666666666667,0.4888888888888889,0.6470588235294118,0.4166666666666667,0.058823529411764705,0.3829787234042553
2023,"bard, daniel",946,48.8,-1.5246433399652204,0.09090909090909091,0.2222222222222222,0.2903225806451613,0.45454545454545453,0.42592592592592593,0.45161290322580644,0.2916666666666667,0.25,0.3333333333333333,0.45,0.3125,0.4166666666666667,0.14583333333333334,0.3950617283950617
2023,"keller, brad",879,46.4,-1.595701308302782,0.0,0.25,0.16,0.3333333333333333,0.515625,0.4,0.25925925925925924,0.25,0.5555555555555556,0.515625,0.4222222222222222,0.3333333333333333,0.24444444444444444,0.43333333333333335
