season,pitcher_name,pitch_count,composure_plus,composure_score,walk_after_barrel,walk_after_hard_hit,walk_after_high_xba,first_ball_after_barrel,first_ball_after_hard_hit,first_ball_after_high_xba,walk_after_soft_hit,walk_after_low_xba,first_ball_after_soft_hit,first_ball_after_low_xba,hard_hit_after_walk,hard_hit_after_soft,walk_after_walk,ball_after_foul
2024,"martínez, nick",2126,133.4,1.001116053310469,0.0,0.0,0.02531645569620253,0.3333333333333333,0.2222222222222222,0.2911392405063291,0.01652892561983471,0.0427807486631016,0.2892561983471074,0.3155080213903743,0.08695652173913043,0.01652892561983471,0.0,0.375
2024,"estévez, carlos",837,132.5,0.9748563811935955,0.0,0.0,0.0,0.09090909090909091,0.18181818181818182,0.23809523809523808,0.043478260869565216,0.017857142857142856,0.391304347826087,0.32142857142857145,0.0,0.043478260869565216,0.125,0.3609467455621302
2024,"kittredge, andrew",1038,132.1,0.9632063955533293,0.0625,0.0,0.0,0.25,0.2,0.15625,0.06896551724137931,0.06382978723404255,0.2413793103448276,0.3617021276595745,0.0,0.06896551724137931,0.0,0.38974358974358975
2024,"junis, jakob",944,131.9,0.9565960566293586,0.0,0.0,0.03225806451612903,0.26666666666666666,0.16666666666666666,0.2903225806451613,0.027777777777777776,0.030303030303030304,0.3888888888888889,0.2878787878787879,0.09090909090909091,0.05555555555555555,0.0,0.33793103448275863
2024,"jax, griffin",1072,131.3,0.9389217625075248,0.0,0.0,0.0,0.16666666666666666,0.42857142857142855,0.391304347826087,0.030303030303030304,0.09090909090909091,0.18181818181818182,0.21818181818181817,0.0,0.030303030303030304,0.0625,0.37362637362637363
2024,"martin, chris",659,131.2,0.934318416567711,0.0,0.0,0.08695652173913043,0.4,0.08333333333333333,0.34782608695652173,0.06896551724137931,0.030303030303030304,0.27586206896551724,0.24242424242424243,0.0,0.034482758620689655,0.0,0.3680555555555556
2024,"daniel, davis",508,131.2,0.9351021042272243,0.0,0.0,0.0,0.3333333333333333,0.125,0.10526315789473684,0.038461538461538464,0.11904761904761904,0.15384615384615385,0.3333333333333333,0.0,0.19230769230769232,0.0,0.34
2024,"chivilli, angel",514,129.9,0.8946674110508523,0.1,0.0,0.06666666666666667,0.4,0.16666666666666666,0.2,0.0,0.041666666666666664,0.15384615384615385,0.5,0.0,0.0,0.0,0.3924050632911392
2024,"iglesias, raisel",940,128.4,0.8497458834493709,0.2,0.0,0.05555555555555555,0.2,0.0,0.2777777777777778,0.023809523809523808,0.04477611940298507,0.21428571428571427,0.3283582089552239,0.0,0.023809523809523808,0.0,0.3006535947712418
2024,"hurter, brant",645,126.9,0.8069204100364695,0.0,0.0,0.0,0.16666666666666666,0.25,0.29411764705882354,0.058823529411764705,0.057971014492753624,0.35294117647058826,0.3333333333333333,0.2,0.058823529411764705,0.0,0.33620689655172414
2024,"blach, ty",1133,126.7,0.7992156659300677,0.03225806451612903,0.0,0.07142857142857142,0.12903225806451613,0.21428571428571427,0.21428571428571427,0.04,0.06930693069306931,0.24,0.3069306930693069,0.08695652173913043,0.06,0.043478260869565216,0.30660377358490565
2024,"akin, keegan",1246,126.3,0.787910064236707,0.08333333333333333,0.0,0.0,0.08333333333333333,0.16666666666666666,0.25,0.10810810810810811,0.1076923076923077,0.3783783783783784,0.35384615384615387,0.0,0.05405405405405406,0.0,0.33649289099526064
2024,"milner, hoby",1053,125.7,0.7705955376061,0.0,0.0,0.03225806451612903,0.2,0.4444444444444444,0.22580645161290322,0.046511627906976744,0.037037037037037035,0.3023255813953488,0.3888888888888889,0.09090909090909091,0.11627906976744186,0.0,0.38372093023255816
2024,"gaddis, hunter",1079,125.0,0.7476463037098215,0.0,0.0,0.038461538461538464,0.2222222222222222,0.5,0.38461538461538464,0.02702702702702703,0.03076923076923077,0.35135135135135137,0.36923076923076925,0.058823529411764705,0.08108108108108109,0.0,0.38425925925925924
2024,"kelly, kevin",1035,124.6,0.7367025158089058,0.0,0.0625,0.03333333333333333,0.5555555555555556,0.375,0.2,0.020833333333333332,0.03333333333333333,0.3541666666666667,0.3,0.08333333333333333,0.0625,0.0,0.36363636363636365
2024,"saucedo, tayler",633,124.3,0.7289968078534126,0.0,0.0,0.08333333333333333,0.2,0.3333333333333333,0.25,0.0,0.05555555555555555,0.3181818181818182,0.3055555555555556,0.0,0.13636363636363635,0.0625,0.38144329896907214
2024,"vest, will",1170,124.3,0.7277277946871766,0.0,0.0,0.05263157894736842,0.0,0.14285714285714285,0.3684210526315789,0.0,0.11864406779661017,0.2631578947368421,0.423728813559322,0.0,0.0,0.16666666666666666,0.3261802575107296
2024,"woo, bryan",1717,124.1,0.7208500919943165,0.06666666666666667,0.045454545454545456,0.07407407407407407,0.3333333333333333,0.3181818181818182,0.2777777777777778,0.024390243902439025,0.02976190476190476,0.2926829268292683,0.24404761904761904,0.07692307692307693,0.04878048780487805,0.0,0.32941176470588235
2024,"garrett, braxton",589,123.7,0.7115366323033956,0.0,0.10526315789473684,0.0,0.25,0.10526315789473684,0.14285714285714285,0.045454545454545456,0.044444444444444446,0.3181818181818182,0.24444444444444444,0.25,0.13636363636363635,0.0,0.41
2024,"thornton, trent",1144,123.5,0.7033112488204205,0.0,0.0,0.058823529411764705,0.2857142857142857,0.2,0.3235294117647059,0.04878048780487805,0.06349206349206349,0.2682926829268293,0.2698412698412698,0.047619047619047616,0.0,0.14285714285714285,0.40625
2024,"lee, dylan",879,123.5,0.7051390202674942,0.0,0.1,0.0,0.3,0.5,0.3333333333333333,0.06451612903225806,0.08064516129032258,0.3548387096774194,0.3064516129032258,0.0,0.03225806451612903,0.0,0.3333333333333333
2024,"barnes, jacob",1125,123.5,0.7042048317880658,0.0,0.0,0.046511627906976744,0.23076923076923078,0.5,0.3953488372093023,0.02631578947368421,0.07547169811320754,0.3157894736842105,0.3584905660377358,0.058823529411764705,0.05263157894736842,0.0,0.42105263157894735
2024,"cecconi, slade",1298,123.4,0.6998682537319231,0.038461538461538464,0.038461538461538464,0.057692307692307696,0.2692307692307692,0.34615384615384615,0.3269230769230769,0.02127659574468085,0.05714285714285714,0.2765957446808511,0.2761904761904762,0.05555555555555555,0.02127659574468085,0.05555555555555555,0.3715415019762846
2024,"weissert, greg",1045,123.3,0.699010192964429,0.0,0.0,0.034482758620689655,0.5,0.1,0.41379310344827586,0.05128205128205128,0.041666666666666664,0.4358974358974359,0.4583333333333333,0.0,0.0,0.06666666666666667,0.35096153846153844
2024,"pagán, emilio",594,123.3,0.6994253264655563,0.0,0.0,0.0,0.125,0.25,0.2727272727272727,0.0,0.038461538461538464,0.375,0.2692307692307692,0.0,0.125,0.2222222222222222,0.3333333333333333
2024,"kirby, george",2969,123.0,0.6883208117804814,0.023255813953488372,0.0,0.049019607843137254,0.27906976744186046,0.2702702702702703,0.3235294117647059,0.044444444444444446,0.024,0.362962962962963,0.384,0.034482758620689655,0.06666666666666667,0.06896551724137931,0.33068362480127184
2024,"núñez, dedniel",526,121.7,0.6511846517778984,0.0,0.16666666666666666,0.18181818181818182,0.2857142857142857,0.16666666666666666,0.09090909090909091,0.0625,0.03333333333333333,0.125,0.36666666666666664,0.0,0.0625,0.0,0.19469026548672566
2024,"megill, trevor",682,121.2,0.6347625450588381,0.0,0.0,0.0,0.3333333333333333,0.4444444444444444,0.35294117647058826,0.0,0.07142857142857142,0.29411764705882354,0.2619047619047619,0.09090909090909091,0.11764705882352941,0.09090909090909091,0.33070866141732286
2024,"poche, colin",551,121.1,0.6323911765765612,0.0,0.0,0.0,0.2857142857142857,0.4,0.4117647058823529,0.06666666666666667,0.058823529411764705,0.3333333333333333,0.5,0.18181818181818182,0.0,0.0,0.42391304347826086
2024,"ginkel, kevin",1185,120.9,0.6261504420911571,0.0,0.0,0.05555555555555555,0.3333333333333333,0.3125,0.2222222222222222,0.10810810810810811,0.030303030303030304,0.2702702702702703,0.3787878787878788,0.0,0.05405405405405406,0.125,0.36936936936936937
2024,"minter, a. j.",526,120.9,0.6247596374316828,0.0,0.0,0.2,0.0,0.0,0.5,0.10526315789473684,0.07407407407407407,0.2631578947368421,0.25925925925925924,0.1,0.0,0.0,0.3888888888888889
2024,"burke, brock",581,120.7,0.6198661869130065,0.0,0.0,0.0,0.3333333333333333,0.2,0.4444444444444444,0.08333333333333333,0.10344827586206896,0.25,0.3448275862068966,0.0,0.0,0.15384615384615385,0.29411764705882354
2024,"ruiz, josé",839,120.4,0.610978076087452,0.1111111111111111,0.0,0.041666666666666664,0.2222222222222222,0.15384615384615385,0.375,0.058823529411764705,0.05555555555555555,0.29411764705882354,0.3055555555555556,0.11764705882352941,0.0,0.058823529411764705,0.3875
2024,"ross, joe",1202,120.3,0.6070677778506335,0.0,0.07692307692307693,0.10256410256410256,0.3125,0.3076923076923077,0.358974358974359,0.021739130434782608,0.07142857142857142,0.30434782608695654,0.2857142857142857,0.038461538461538464,0.021739130434782608,0.038461538461538464,0.36764705882352944
2024,"mcfarland, t. j.",857,120.2,0.605999500481183,0.0,0.0,0.043478260869565216,0.375,0.5,0.21739130434782608,0.05714285714285714,0.09523809523809523,0.4,0.4523809523809524,0.0,0.08571428571428572,0.0,0.37209302325581395
2024,"skubal, tarik",2868,120.1,0.6022138009791019,0.09375,0.027777777777777776,0.05555555555555555,0.28125,0.25,0.2638888888888889,0.056,0.039603960396039604,0.296,0.27722772277227725,0.023255813953488372,0.048,0.09302325581395349,0.29333333333333333
2024,"clase, emmanuel",988,119.8,0.5943344939872389,0.0,0.0,0.08333333333333333,0.5,0.5454545454545454,0.3333333333333333,0.07317073170731707,0.04838709677419355,0.3902439024390244,0.3709677419354839,0.0,0.024390243902439025,0.0,0.2985781990521327
2024,"neris, héctor",1013,119.5,0.5833840656524045,0.0,0.07142857142857142,0.03125,0.07692307692307693,0.21428571428571427,0.15625,0.11764705882352941,0.15555555555555556,0.35294117647058826,0.35555555555555557,0.0,0.058823529411764705,0.07142857142857142,0.3411214953271028
2024,"snider, collin",684,119.3,0.5779444033204193,0.1,0.14285714285714285,0.08,0.5,0.42857142857142855,0.32,0.038461538461538464,0.0,0.2692307692307692,0.24242424242424243,0.0,0.0,0.0,0.2814814814814815
2024,"littell, zack",2488,119.2,0.5738298564704488,0.08888888888888889,0.02564102564102564,0.038834951456310676,0.4444444444444444,0.2564102564102564,0.2621359223300971,0.03636363636363636,0.065,0.32727272727272727,0.275,0.0,0.05454545454545454,0.08823529411764706,0.33201581027667987
2024,"nola, aaron",3193,119.0,0.5705895717211342,0.04878048780487805,0.02127659574468085,0.037037037037037035,0.3170731707317073,0.3617021276595745,0.23148148148148148,0.06153846153846154,0.05416666666666667,0.35384615384615387,0.30833333333333335,0.019230769230769232,0.06923076923076923,0.09615384615384616,0.3758620689655172
2024,"burnes, corbin",2997,118.8,0.5618957265612873,0.05555555555555555,0.023809523809523808,0.0449438202247191,0.4166666666666667,0.3333333333333333,0.39325842696629215,0.06666666666666667,0.052845528455284556,0.36666666666666664,0.3170731707317073,0.02040816326530612,0.05333333333333334,0.02040816326530612,0.36960985626283366
2024,"green, chad",850,118.8,0.5637237872692589,0.0,0.0,0.0,0.4166666666666667,0.42857142857142855,0.36363636363636365,0.14285714285714285,0.08163265306122448,0.21428571428571427,0.24489795918367346,0.0,0.0,0.15384615384615385,0.3544973544973545
2024,"alexander, scott",596,118.7,0.5608401472040394,0.0,0.0,0.0,0.18181818181818182,0.18181818181818182,0.2727272727272727,0.05,0.0,0.6,0.4838709677419355,0.1,0.15,0.1,0.3
2024,"rodriguez, grayson",1879,118.7,0.5599890001954015,0.041666666666666664,0.0,0.0,0.2916666666666667,0.4230769230769231,0.2413793103448276,0.06060606060606061,0.09090909090909091,0.3333333333333333,0.3076923076923077,0.125,0.09090909090909091,0.05,0.35119047619047616
2024,"tate, dillon",591,118.6,0.5567747740805676,0.0,0.0,0.09523809523809523,0.2,0.3333333333333333,0.3333333333333333,0.0,0.07547169811320754,0.35714285714285715,0.37735849056603776,0.06666666666666667,0.0,0.13333333333333333,0.3958333333333333
2024,"gomber, austin",2622,118.4,0.5507560656937376,0.0,0.0196078431372549,0.056074766355140186,0.2708333333333333,0.37254901960784315,0.411214953271028,0.044642857142857144,0.05392156862745098,0.42857142857142855,0.39215686274509803,0.07894736842105263,0.0625,0.02631578947368421,0.32978723404255317
2024,"finnegan, kyle",1087,118.2,0.5445694597029934,0.0,0.0,0.08571428571428572,0.3,0.2,0.2571428571428571,0.10714285714285714,0.07407407407407407,0.39285714285714285,0.2962962962962963,0.05,0.03571428571428571,0.1,0.2938775510204082
2024,"wilson, justin",822,118.2,0.5448476414241195,0.0,0.1,0.08695652173913043,0.45454545454545453,0.4,0.4782608695652174,0.058823529411764705,0.046511627906976744,0.3235294117647059,0.2558139534883721,0.0,0.029411764705882353,0.0,0.3471502590673575
2024,"jansen, kenley",810,117.9,0.5371525370236152,0.0,0.1111111111111111,0.07692307692307693,0.21428571428571427,0.3333333333333333,0.3076923076923077,0.05,0.024390243902439025,0.1,0.2926829268292683,0.0,0.0,0.2222222222222222,0.36423841059602646
2024,"taillon, jameson",2483,117.6,0.5288101508499881,0.027777777777777776,0.047619047619047616,0.03125,0.3888888888888889,0.5,0.40625,0.058823529411764705,0.04608294930875576,0.3431372549019608,0.3225806451612903,0.029411764705882353,0.06862745098039216,0.029411764705882353,0.3355855855855856
2024,"ginn, j. t.",520,117.6,0.5268180797797216,0.0,0.07692307692307693,0.0,0.16666666666666666,0.38461538461538464,0.42857142857142855,0.041666666666666664,0.045454545454545456,0.5,0.4772727272727273,0.1,0.08333333333333333,0.0,0.4931506849315068
2024,"gilbert, logan",3043,117.5,0.5254318987707728,0.08108108108108109,0.04,0.054945054945054944,0.35135135135135137,0.36,0.27472527472527475,0.09401709401709402,0.059574468085106386,0.3333333333333333,0.35319148936170214,0.05714285714285714,0.03418803418803419,0.0,0.38492063492063494
2024,"wheeler, zack",3136,117.4,0.5210778536389956,0.05,0.029411764705882353,0.07692307692307693,0.325,0.29411764705882354,0.34615384615384615,0.05263157894736842,0.06276150627615062,0.3157894736842105,0.35564853556485354,0.05,0.05921052631578947,0.03333333333333333,0.36890243902439024
2024,"pivetta, nick",2392,117.2,0.5152186091963928,0.0,0.058823529411764705,0.07894736842105263,0.22857142857142856,0.3235294117647059,0.34210526315789475,0.02531645569620253,0.07547169811320754,0.3037974683544304,0.3018867924528302,0.08823529411764706,0.08860759493670886,0.058823529411764705,0.375
2024,"mikolas, miles",2705,117.2,0.5147536697659254,0.07142857142857142,0.04878048780487805,0.06422018348623854,0.2619047619047619,0.14634146341463414,0.26605504587155965,0.046875,0.03167420814479638,0.2890625,0.27149321266968324,0.17857142857142858,0.0703125,0.07142857142857142,0.36510791366906475
2024,"holton, tyler",1344,116.9,0.5074087586568472,0.0,0.0,0.02857142857142857,0.42857142857142855,0.2631578947368421,0.34285714285714286,0.029850746268656716,0.037383177570093455,0.44776119402985076,0.40186915887850466,0.1111111111111111,0.05970149253731343,0.1111111111111111,0.33480176211453744
2024,"martinez, seth",843,116.8,0.5045035992331613,0.0,0.0,0.07692307692307693,0.2727272727272727,0.4444444444444444,0.46153846153846156,0.05714285714285714,0.07407407407407407,0.3142857142857143,0.3333333333333333,0.0,0.08571428571428572,0.05555555555555555,0.3969465648854962
2024,"voth, austin",976,116.7,0.5002121570779863,0.0,0.0,0.05555555555555555,0.18181818181818182,0.3333333333333333,0.2777777777777778,0.08823529411764706,0.06779661016949153,0.4117647058823529,0.3898305084745763,0.05555555555555555,0.058823529411764705,0.1111111111111111,0.3717948717948718
2024,"sands, cole",1154,116.7,0.5015606000656855,0.0,0.07142857142857142,0.09375,0.09090909090909091,0.21428571428571427,0.375,0.125,0.0625,0.40625,0.25,0.17647058823529413,0.03125,0.0,0.3277310924369748
2024,"webb, jacob",938,116.7,0.4993447800937325,0.1,0.0,0.0,0.4,0.08333333333333333,0.14285714285714285,0.03571428571428571,0.18181818181818182,0.32142857142857145,0.4727272727272727,0.1,0.03571428571428571,0.05,0.36065573770491804
2024,"carrasco, carlos",1693,116.3,0.4875381951593209,0.038461538461538464,0.0,0.03333333333333333,0.23076923076923078,0.12,0.35,0.09210526315789473,0.1111111111111111,0.42105263157894735,0.37777777777777777,0.08108108108108109,0.06578947368421052,0.05405405405405406,0.3987138263665595
2024,"banks, tanner",1181,116.3,0.4885213911571749,0.0,0.0,0.034482758620689655,0.3333333333333333,0.2857142857142857,0.3103448275862069,0.1111111111111111,0.07142857142857142,0.4444444444444444,0.4,0.045454545454545456,0.044444444444444446,0.09090909090909091,0.38164251207729466
2024,"stanek, ryne",985,116.3,0.48972832903308305,0.07692307692307693,0.14285714285714285,0.05,0.15384615384615385,0.14285714285714285,0.1,0.0,0.125,0.35,0.3333333333333333,0.0,0.05,0.13043478260869565,0.3386243386243386
2024,"pop, zach",760,116.2,0.48425143690667577,0.0,0.0,0.0,0.4,0.16666666666666666,0.4117647058823529,0.03571428571428571,0.06976744186046512,0.39285714285714285,0.37209302325581395,0.07142857142857142,0.0,0.21428571428571427,0.3769230769230769
2024,"waldron, matt",2451,116.1,0.48287604910353427,0.03333333333333333,0.0,0.047058823529411764,0.3333333333333333,0.3611111111111111,0.29411764705882354,0.12244897959183673,0.07614213197969544,0.40816326530612246,0.38071065989847713,0.061224489795918366,0.030612244897959183,0.04081632653061224,0.3793103448275862
2024,"treinen, blake",737,115.8,0.47379313475602713,0.0,0.125,0.0,0.3333333333333333,0.625,0.2857142857142857,0.037037037037037035,0.05128205128205128,0.2962962962962963,0.3076923076923077,0.0,0.037037037037037035,0.15384615384615385,0.31654676258992803
2024,"ober, bailey",2697,115.8,0.4747331049420004,0.05555555555555555,0.034482758620689655,0.05194805194805195,0.3055555555555556,0.3103448275862069,0.24675324675324675,0.056451612903225805,0.0625,0.3387096774193548,0.3317307692307692,0.041666666666666664,0.07258064516129033,0.10416666666666667,0.34774436090225563
2024,"garcía, yimi",632,115.7,0.4691551836753172,0.09090909090909091,0.0,0.1111111111111111,0.36363636363636365,0.16666666666666666,0.2777777777777778,0.15789473684210525,0.0625,0.3684210526315789,0.3125,0.0,0.05263157894736842,0.0,0.3533834586466165
2024,"hjelle, sean",1217,115.7,0.4690756010458851,0.16666666666666666,0.11764705882352941,0.058823529411764705,0.25,0.23529411764705882,0.35294117647058826,0.0,0.047619047619047616,0.30612244897959184,0.2857142857142857,0.125,0.02040816326530612,0.0,0.3131868131868132
2024,"lively, ben",2409,115.6,0.46775920104105545,0.06666666666666667,0.02702702702702703,0.045454545454545456,0.36666666666666664,0.24324324324324326,0.3333333333333333,0.08641975308641975,0.05527638190954774,0.30864197530864196,0.31155778894472363,0.02,0.08641975308641975,0.08,0.41216216216216217
2024,"glasnow, tyler",2012,115.5,0.4642645387500841,0.0,0.06896551724137931,0.041666666666666664,0.2222222222222222,0.3103448275862069,0.3333333333333333,0.08695652173913043,0.10071942446043165,0.36231884057971014,0.4172661870503597,0.08571428571428572,0.057971014492753624,0.02857142857142857,0.34277620396600567
2024,"hill, tim",993,115.4,0.4614487434146846,0.0,0.08695652173913043,0.07142857142857142,0.25,0.5217391304347826,0.2857142857142857,0.057692307692307696,0.06578947368421052,0.3076923076923077,0.34210526315789475,0.1111111111111111,0.09615384615384616,0.0,0.29842931937172773
2024,"armstrong, shawn",1111,115.3,0.4593468903444128,0.058823529411764705,0.06666666666666667,0.06382978723404255,0.23529411764705882,0.0,0.2765957446808511,0.12195121951219512,0.06557377049180328,0.36585365853658536,0.26229508196721313,0.18518518518518517,0.0,0.07407407407407407,0.3648068669527897
2024,"leahy, kyle",695,115.2,0.4543987829145826,0.125,0.0,0.1111111111111111,0.25,0.5,0.3333333333333333,0.03571428571428571,0.06382978723404255,0.39285714285714285,0.3617021276595745,0.0,0.03571428571428571,0.0,0.362962962962963
2024,"valdez, framber",2605,115.0,0.4485622769648525,0.0,0.04878048780487805,0.06578947368421052,0.30434782608695654,0.2682926829268293,0.2894736842105263,0.10204081632653061,0.08888888888888889,0.3673469387755102,0.3611111111111111,0.08620689655172414,0.05102040816326531,0.05172413793103448,0.35924932975871315
2024,"rogers, tyler",1010,114.9,0.4452730631019729,0.1111111111111111,0.125,0.037037037037037035,0.2222222222222222,0.5,0.4074074074074074,0.05084745762711865,0.046153846153846156,0.3220338983050847,0.2923076923076923,0.1,0.0,0.0,0.3069306930693069
2024,"king, john",860,114.9,0.44744577377114386,0.09090909090909091,0.07692307692307693,0.045454545454545456,0.36363636363636365,0.23076923076923078,0.22727272727272727,0.125,0.09836065573770492,0.325,0.26229508196721313,0.0,0.0,0.08333333333333333,0.37423312883435583
2024,"suarez, robert",981,114.9,0.4467466802941886,0.0,0.0,0.08333333333333333,0.3333333333333333,0.45454545454545453,0.3333333333333333,0.08,0.11290322580645161,0.48,0.45161290322580644,0.06666666666666667,0.0,0.0,0.35526315789473684
2024,"thompson, ryan",985,114.8,0.44286024283645176,0.0,0.0,0.0,0.5,0.42105263157894735,0.5,0.03225806451612903,0.07017543859649122,0.3548387096774194,0.19298245614035087,0.07692307692307693,0.16129032258064516,0.07692307692307693,0.3431952662721893
2024,"curry, xzavion",642,114.4,0.4328123317635397,0.08333333333333333,0.14285714285714285,0.07692307692307693,0.16666666666666666,0.42857142857142855,0.5384615384615384,0.0,0.05263157894736842,0.4444444444444444,0.3508771929824561,0.0,0.0,0.0,0.39166666666666666
2024,"varland, louis",905,114.3,0.429921770981234,0.0,0.058823529411764705,0.02857142857142857,0.38461538461538464,0.23529411764705882,0.42857142857142855,0.125,0.08333333333333333,0.3125,0.36666666666666664,0.0,0.03125,0.10526315789473684,0.3516483516483517
2024,"kopech, michael",1150,114.2,0.4247233549456856,0.0,0.0,0.09090909090909091,0.25,0.3333333333333333,0.2727272727272727,0.13793103448275862,0.13043478260869565,0.27586206896551724,0.391304347826087,0.0,0.0,0.1111111111111111,0.3864734299516908
2024,"smith, burch",896,114.1,0.4211023055063143,0.0,0.06666666666666667,0.038461538461538464,0.4666666666666667,0.4666666666666667,0.23076923076923078,0.06666666666666667,0.08,0.43333333333333335,0.32,0.0,0.1,0.07142857142857142,0.32044198895027626
2024,"wacha, michael",2605,114.0,0.4186891512205661,0.10256410256410256,0.05555555555555555,0.010309278350515464,0.48717948717948717,0.3333333333333333,0.4020618556701031,0.04580152671755725,0.06334841628959276,0.3282442748091603,0.36199095022624433,0.0,0.05343511450381679,0.06382978723404255,0.41239316239316237
2024,"bradford, cody",1176,113.8,0.41393041311366724,0.0,0.041666666666666664,0.07317073170731707,0.25,0.3333333333333333,0.3170731707317073,0.08163265306122448,0.04,0.3673469387755102,0.33,0.09090909090909091,0.10204081632653061,0.09090909090909091,0.33488372093023255
2024,"woodford, jake",618,113.8,0.4130914956224607,0.0,0.0,0.06896551724137931,0.6,0.5714285714285714,0.4482758620689655,0.034482758620689655,0.02127659574468085,0.4827586206896552,0.425531914893617,0.0,0.0,0.08333333333333333,0.4326923076923077
2024,"wesneski, hayden",1077,113.8,0.41205074625773946,0.05555555555555555,0.10526315789473684,0.02631578947368421,0.3888888888888889,0.47368421052631576,0.34210526315789475,0.0196078431372549,0.06976744186046512,0.27450980392156865,0.3023255813953488,0.1,0.058823529411764705,0.05,0.4176470588235294
2024,"schwellenbach, spencer",1891,113.4,0.40154417837481277,0.058823529411764705,0.043478260869565216,0.04411764705882353,0.4117647058823529,0.13043478260869565,0.3382352941176471,0.08791208791208792,0.06206896551724138,0.46153846153846156,0.35172413793103446,0.038461538461538464,0.06593406593406594,0.07692307692307693,0.30952380952380953
2024,"howard, spencer",537,113.4,0.40226160893948265,0.0,0.1,0.05555555555555555,0.1111111111111111,0.1,0.2222222222222222,0.15384615384615385,0.12121212121212122,0.38461538461538464,0.3333333333333333,0.0,0.0,0.16666666666666666,0.36792452830188677
2024,"montero, keider",1540,113.3,0.3988582786015763,0.045454545454545456,0.06666666666666667,0.07246376811594203,0.36363636363636365,0.23333333333333334,0.2463768115942029,0.10144927536231885,0.09243697478991597,0.34782608695652173,0.36134453781512604,0.03125,0.08695652173913043,0.03125,0.3333333333333333
2024,"stripling, ross",1367,113.3,0.3980145979274581,0.05,0.125,0.05084745762711865,0.3,0.375,0.3220338983050847,0.0684931506849315,0.05,0.273972602739726,0.30833333333333335,0.0,0.0547945205479452,0.10526315789473684,0.4260869565217391
2024,"lambert, peter",1044,113.3,0.3975829973537806,0.0,0.07142857142857142,0.07142857142857142,0.4166666666666667,0.5,0.47619047619047616,0.06521739130434782,0.08433734939759036,0.34782608695652173,0.27710843373493976,0.0,0.043478260869565216,0.041666666666666664,0.4074074074074074
2024,"mlodzinski, carmen",871,113.1,0.3927866706211115,0.0,0.0,0.12,0.25,0.09090909090909091,0.24,0.1,0.038461538461538464,0.4,0.3269230769230769,0.058823529411764705,0.0,0.23529411764705882,0.3575757575757576
2024,"webb, logan",3209,113.1,0.3919871040080126,0.075,0.0875,0.06976744186046512,0.375,0.325,0.34108527131782945,0.05970149253731343,0.05714285714285714,0.3358208955223881,0.30612244897959184,0.125,0.05223880597014925,0.0,0.3795620437956204
2024,"estes, joey",2031,113.0,0.38962721916614407,0.07692307692307693,0.03125,0.041666666666666664,0.3076923076923077,0.4375,0.3333333333333333,0.060240963855421686,0.05641025641025641,0.3373493975903614,0.3384615384615385,0.05714285714285714,0.07228915662650602,0.08571428571428572,0.294478527607362
2024,"king, mike",2902,113.0,0.3893639652597474,0.07407407407407407,0.06896551724137931,0.053763440860215055,0.2962962962962963,0.4482758620689655,0.3548387096774194,0.08074534161490683,0.07352941176470588,0.30434782608695654,0.29411764705882354,0.0625,0.037267080745341616,0.046875,0.3829787234042553
2024,"lópez, pablo",2986,113.0,0.38861403988404586,0.09302325581395349,0.0975609756097561,0.07920792079207921,0.3023255813953488,0.2926829268292683,0.3069306930693069,0.05343511450381679,0.06481481481481481,0.3282442748091603,0.3425925925925926,0.061224489795918366,0.030534351145038167,0.04081632653061224,0.39297658862876256
2024,"suárez, ranger",2359,112.9,0.38609942136596603,0.13636363636363635,0.047619047619047616,0.037037037037037035,0.3181818181818182,0.3333333333333333,0.24691358024691357,0.047244094488188976,0.06896551724137931,0.4015748031496063,0.39080459770114945,0.09302325581395349,0.08661417322834646,0.0,0.40093240093240096
2024,"vásquez, randy",1692,112.8,0.3843887104579293,0.038461538461538464,0.02702702702702703,0.025974025974025976,0.34615384615384615,0.40540540540540543,0.33766233766233766,0.11494252873563218,0.05343511450381679,0.3793103448275862,0.37404580152671757,0.09090909090909091,0.06896551724137931,0.06060606060606061,0.3333333333333333
2024,"kerkering, orion",1087,112.7,0.3810092901725544,0.0,0.14285714285714285,0.07142857142857142,0.4,0.2857142857142857,0.39285714285714285,0.027777777777777776,0.061224489795918366,0.3888888888888889,0.32653061224489793,0.0,0.0,0.13043478260869565,0.40512820512820513
2024,"rodríguez, manuel",609,112.4,0.372865762319394,0.0,0.2,0.1111111111111111,0.0,0.2,0.2222222222222222,0.1,0.1,0.5,0.35,0.06666666666666667,0.05,0.0,0.330188679245283
2024,"crochet, garrett",2395,112.3,0.36895592715915143,0.03333333333333333,0.05714285714285714,0.04477611940298507,0.4,0.37142857142857144,0.3582089552238806,0.06896551724137931,0.05517241379310345,0.3333333333333333,0.3586206896551724,0.07894736842105263,0.06896551724137931,0.07894736842105263,0.3106212424849699
2024,"mantiply, joe",897,112.3,0.36909000467636305,0.0,0.0,0.0,0.5,0.6153846153846154,0.35,0.1111111111111111,0.06521739130434782,0.48148148148148145,0.3695652173913043,0.2,0.037037037037037035,0.0,0.3670886075949367
2024,"crawford, kutter",2823,112.2,0.36643982067175834,0.0784313725490196,0.023809523809523808,0.034482758620689655,0.4117647058823529,0.40476190476190477,0.40229885057471265,0.046153846153846156,0.07692307692307693,0.35384615384615387,0.3522267206477733,0.03571428571428571,0.046153846153846156,0.08928571428571429,0.2962962962962963
2024,"gordon, tanner",607,112.0,0.360022547089152,0.2,0.07142857142857142,0.03225806451612903,0.2,0.21428571428571427,0.1935483870967742,0.038461538461538464,0.06666666666666667,0.23076923076923078,0.3333333333333333,0.0,0.2692307692307692,0.0,0.28776978417266186
2024,"eflin, zach",2447,112.0,0.3605310790996816,0.02564102564102564,0.043478260869565216,0.03260869565217391,0.358974358974359,0.41304347826086957,0.29347826086956524,0.07746478873239436,0.043668122270742356,0.3873239436619718,0.37117903930131,0.07692307692307693,0.07746478873239436,0.11538461538461539,0.3371824480369515
2024,"freeland, kyle",1769,111.9,0.35603106056605244,0.07692307692307693,0.023255813953488372,0.02531645569620253,0.3333333333333333,0.3023255813953488,0.2911392405063291,0.05128205128205128,0.07333333333333333,0.34615384615384615,0.38,0.12,0.10256410256410256,0.08,0.33994334277620397
2024,"matsui, yuki",1066,111.8,0.352765632469888,0.0,0.06666666666666667,0.12,0.45454545454545453,0.3333333333333333,0.32,0.06896551724137931,0.07692307692307693,0.41379310344827586,0.36538461538461536,0.05555555555555555,0.0,0.05555555555555555,0.4
2024,"smith, cade",1166,111.6,0.34654616458593285,0.15384615384615385,0.08333333333333333,0.125,0.23076923076923078,0.08333333333333333,0.2916666666666667,0.037037037037037035,0.05454545454545454,0.37037037037037035,0.43636363636363634,0.0,0.037037037037037035,0.05263157894736842,0.2815126050420168
2024,"foley, jason",914,111.6,0.34646610049418197,0.0,0.0,0.13636363636363635,0.2222222222222222,0.3333333333333333,0.22727272727272727,0.07407407407407407,0.0625,0.2962962962962963,0.3333333333333333,0.05555555555555555,0.14814814814814814,0.1111111111111111,0.38271604938271603
2024,"funderburk, kody",653,111.4,0.3429548379254009,0.0,0.0,0.0,0.375,0.5,0.38095238095238093,0.16,0.13333333333333333,0.44,0.5333333333333333,0.0,0.0,0.05263157894736842,0.4
2024,"payamps, joel",916,111.4,0.34029123847346054,0.16666666666666666,0.08333333333333333,0.034482758620689655,0.3333333333333333,0.16666666666666666,0.27586206896551724,0.03125,0.06818181818181818,0.375,0.29545454545454547,0.0,0.03125,0.14285714285714285,0.36942675159235666
2024,"sale, chris",2818,111.2,0.3348113054162761,0.043478260869565216,0.06060606060606061,0.10256410256410256,0.34782608695652173,0.2727272727272727,0.24358974358974358,0.11666666666666667,0.08839779005524862,0.30833333333333335,0.32044198895027626,0.043478260869565216,0.058333333333333334,0.06521739130434782,0.34615384615384615
2024,"brown, ben",849,111.1,0.3321527691779422,0.0,0.07142857142857142,0.125,0.5,0.35714285714285715,0.3333333333333333,0.09090909090909091,0.14,0.2727272727272727,0.36,0.05263157894736842,0.0,0.0,0.38636363636363635
2024,"steele, justin",2047,111.1,0.3328600961678874,0.13333333333333333,0.08333333333333333,0.07547169811320754,0.3333333333333333,0.375,0.24528301886792453,0.102803738317757,0.05813953488372093,0.29906542056074764,0.313953488372093,0.05,0.04672897196261682,0.025,0.3253588516746411
2024,"harvey, hunter",911,110.9,0.3252213178280095,0.0,0.0,0.0967741935483871,0.4166666666666667,0.4666666666666667,0.3548387096774194,0.038461538461538464,0.13333333333333333,0.15384615384615385,0.3333333333333333,0.05555555555555555,0.07692307692307693,0.1111111111111111,0.29591836734693877
2024,"hoeing, bryan",785,110.9,0.3273780735983136,0.1,0.08333333333333333,0.14285714285714285,0.4,0.4166666666666667,0.39285714285714285,0.0,0.022727272727272728,0.36,0.4772727272727273,0.0,0.04,0.0,0.3360655737704918
2024,"ryan, joe",2108,110.9,0.3262420390434218,0.0967741935483871,0.06060606060606061,0.04918032786885246,0.3225806451612903,0.3333333333333333,0.3442622950819672,0.0707070707070707,0.05232558139534884,0.3939393939393939,0.3430232558139535,0.07692307692307693,0.04040404040404041,0.07692307692307693,0.34441805225653205
2024,"floro, dylan",1020,110.9,0.32761708159862485,0.0,0.0,0.037037037037037035,0.4,0.6153846153846154,0.48148148148148145,0.0625,0.043478260869565216,0.375,0.391304347826087,0.0,0.09375,0.11764705882352941,0.32592592592592595
2024,"tonkin, michael",1424,110.7,0.32185145021936395,0.06666666666666667,0.1111111111111111,0.10869565217391304,0.2,0.16666666666666666,0.2608695652173913,0.14893617021276595,0.11392405063291139,0.2553191489361702,0.379746835443038,0.0,0.0425531914893617,0.030303030303030304,0.4270833333333333
2024,"imanaga, shota",2594,110.5,0.31460347071632455,0.075,0.08571428571428572,0.030612244897959183,0.55,0.45714285714285713,0.3673469387755102,0.042735042735042736,0.0502283105022831,0.29914529914529914,0.2922374429223744,0.13333333333333333,0.06837606837606838,0.03333333333333333,0.32592592592592595
2024,"winckowski, josh",1252,110.5,0.31347756808367666,0.0,0.08333333333333333,0.0975609756097561,0.3076923076923077,0.4166666666666667,0.43902439024390244,0.05,0.09782608695652174,0.36666666666666664,0.34782608695652173,0.0,0.05,0.07407407407407407,0.35585585585585583
2024,"stone, gavin",2154,110.3,0.3080259105935581,0.0,0.02702702702702703,0.0684931506849315,0.4444444444444444,0.3783783783783784,0.4520547945205479,0.045871559633027525,0.08839779005524862,0.3394495412844037,0.3756906077348066,0.08108108108108109,0.06422018348623854,0.08108108108108109,0.3669250645994832
2024,"brito, jhony",634,110.3,0.3084576995000316,0.125,0.0,0.13636363636363635,0.625,0.42857142857142855,0.36363636363636365,0.025,0.0392156862745098,0.4,0.4117647058823529,0.0,0.025,0.0,0.4158415841584158
2024,"estrada, jeremiah",1008,110.3,0.30937453135306053,0.0,0.14285714285714285,0.2,0.2857142857142857,0.42857142857142855,0.3,0.0,0.044444444444444446,0.2727272727272727,0.4,0.0,0.0,0.1,0.36538461538461536
2024,"mize, casey",1790,109.8,0.29470777117367347,0.08,0.024390243902439025,0.04285714285714286,0.36,0.34146341463414637,0.34285714285714286,0.031746031746031744,0.07751937984496124,0.30158730158730157,0.3333333333333333,0.034482758620689655,0.15873015873015872,0.10344827586206896,0.3739130434782609
2024,"maeda, kenta",1960,109.7,0.29044180024060423,0.07407407407407407,0.0,0.031746031746031744,0.48148148148148145,0.4090909090909091,0.4603174603174603,0.060240963855421686,0.06206896551724138,0.42168674698795183,0.4068965517241379,0.05555555555555555,0.07228915662650602,0.05555555555555555,0.40634005763688763
2024,"kolek, stephen",799,109.7,0.29078996570541904,0.0,0.08333333333333333,0.10344827586206896,0.5,0.25,0.3448275862068966,0.05,0.06,0.3,0.28,0.07142857142857142,0.05,0.14285714285714285,0.26143790849673204
2024,"strahm, matt",987,109.7,0.2918718002017797,0.0,0.0,0.11764705882352941,0.375,0.2,0.4117647058823529,0.08695652173913043,0.043478260869565216,0.6086956521739131,0.391304347826087,0.0,0.043478260869565216,0.125,0.32217573221757323
2024,"uceta, edwin",674,109.4,0.28160058316395753,0.3333333333333333,0.0,0.0,0.6666666666666666,0.6666666666666666,0.375,0.043478260869565216,0.07317073170731707,0.21739130434782608,0.17073170731707318,0.0,0.0,0.0,0.37593984962406013
2024,"kelly, zack",969,109.3,0.2780154433452799,0.0,0.0,0.0,0.2,0.1875,0.2916666666666667,0.09375,0.1276595744680851,0.34375,0.425531914893617,0.0,0.0625,0.2916666666666667,0.4107142857142857
2024,"leclerc, josé",1207,109.2,0.2750627222018461,0.08333333333333333,0.0,0.06666666666666667,0.3333333333333333,0.1,0.4,0.08571428571428572,0.06382978723404255,0.4857142857142857,0.44680851063829785,0.0625,0.05714285714285714,0.09375,0.3520408163265306
2024,"chirinos, yonny",516,109.2,0.2770488385788553,0.0,0.0,0.14285714285714285,0.375,0.3,0.3333333333333333,0.10344827586206896,0.17307692307692307,0.3448275862068966,0.3269230769230769,0.0625,0.06896551724137931,0.0,0.36363636363636365
2024,"myers, tobias",2153,109.1,0.27409054421217105,0.1111111111111111,0.02631578947368421,0.05063291139240506,0.4074074074074074,0.2894736842105263,0.3291139240506329,0.11494252873563218,0.07954545454545454,0.3793103448275862,0.3465909090909091,0.0,0.06896551724137931,0.07692307692307693,0.3530751708428246
2024,"garcia, robert",950,109.1,0.27336776637727245,0.0,0.0,0.05263157894736842,0.25,0.5,0.47368421052631576,0.06451612903225806,0.11320754716981132,0.3225806451612903,0.33962264150943394,0.07692307692307693,0.03225806451612903,0.15384615384615385,0.32222222222222224
2024,"paddack, chris",1462,109.0,0.26845760779250805,0.11538461538461539,0.06451612903225806,0.12698412698412698,0.2692307692307692,0.1935483870967742,0.31746031746031744,0.08064516129032258,0.03418803418803419,0.532258064516129,0.4017094017094017,0.0,0.04838709677419355,0.047619047619047616,0.34099616858237547
2024,"alvarado, josé",1057,108.8,0.2625614880490383,0.0,0.0,0.09090909090909091,0.2727272727272727,0.4,0.5151515151515151,0.06896551724137931,0.08620689655172414,0.3448275862068966,0.3275862068965517,0.07407407407407407,0.06896551724137931,0.1111111111111111,0.41208791208791207
2024,"boyd, matt",669,108.7,0.25985559248644835,0.0,0.125,0.0,0.0,0.375,0.4444444444444444,0.06666666666666667,0.125,0.4,0.3333333333333333,0.0,0.13333333333333333,0.14285714285714285,0.3951612903225806
2024,"cabrera, génesis",1047,108.7,0.2596598762511809,0.0,0.0,0.13043478260869565,0.4166666666666667,0.36363636363636365,0.5652173913043478,0.07692307692307693,0.15789473684210525,0.34615384615384615,0.3684210526315789,0.0,0.0,0.038461538461538464,0.37640449438202245
2024,"nelson, ryne",2413,108.5,0.2556988377556482,0.11764705882352941,0.045454545454545456,0.05263157894736842,0.4117647058823529,0.3409090909090909,0.3368421052631579,0.03571428571428571,0.07446808510638298,0.3333333333333333,0.35638297872340424,0.15151515151515152,0.08333333333333333,0.030303030303030304,0.32368896925858953
2024,"hoffman, jeff",1004,108.5,0.25370557374313524,0.1111111111111111,0.0,0.04,0.4444444444444444,0.5,0.48,0.1,0.1111111111111111,0.26666666666666666,0.35555555555555557,0.05555555555555555,0.06666666666666667,0.0,0.2994350282485876
2024,"yamamoto, yoshinobu",1474,108.5,0.2542090691689318,0.1,0.1111111111111111,0.10638297872340426,0.25,0.37037037037037035,0.3404255319148936,0.05970149253731343,0.0449438202247191,0.31343283582089554,0.29213483146067415,0.043478260869565216,0.1044776119402985,0.043478260869565216,0.33935018050541516
2024,"gray, sonny",2486,108.5,0.2550198818955495,0.10526315789473684,0.05263157894736842,0.07291666666666667,0.3157894736842105,0.3684210526315789,0.3854166666666667,0.061855670103092786,0.052941176470588235,0.422680412371134,0.38823529411764707,0.04878048780487805,0.07216494845360824,0.04878048780487805,0.3157894736842105
2024,"kikuchi, yusei",2926,108.4,0.25025548639658185,0.10869565217391304,0.1206896551724138,0.03488372093023256,0.34782608695652173,0.39655172413793105,0.3023255813953488,0.0392156862745098,0.03804347826086957,0.38235294117647056,0.3804347826086957,0.0975609756097561,0.058823529411764705,0.07317073170731707,0.38910505836575876
2024,"leiter, mark",1019,108.4,0.2527644419156284,0.0,0.0,0.06896551724137931,0.45454545454545453,0.6,0.3793103448275862,0.14814814814814814,0.1276595744680851,0.25925925925925924,0.3617021276595745,0.047619047619047616,0.037037037037037035,0.047619047619047616,0.4166666666666667
2024,"suárez, albert",2242,108.0,0.23880744676798962,0.07407407407407407,0.1,0.04225352112676056,0.4074074074074074,0.2,0.4647887323943662,0.052083333333333336,0.1005586592178771,0.4583333333333333,0.3575418994413408,0.047619047619047616,0.020833333333333332,0.07142857142857142,0.4279176201372998
2024,"fedde, erick",2895,107.9,0.2365674273764254,0.027777777777777776,0.11627906976744186,0.08888888888888889,0.3333333333333333,0.20930232558139536,0.37777777777777777,0.06504065040650407,0.06018518518518518,0.36585365853658536,0.3425925925925926,0.11538461538461539,0.06504065040650407,0.07692307692307693,0.44031311154598823
2024,"wrobleski, justin",593,107.8,0.2325139899793389,0.07692307692307693,0.08333333333333333,0.08333333333333333,0.46153846153846156,0.25,0.3333333333333333,0.09090909090909091,0.09302325581395349,0.36363636363636365,0.37209302325581395,0.058823529411764705,0.09090909090909091,0.0,0.32673267326732675
2024,"santana, dennis",1109,107.8,0.23297033005785844,0.125,0.0,0.06666666666666667,0.375,0.25,0.4,0.14285714285714285,0.06557377049180328,0.40476190476190477,0.4098360655737705,0.0,0.023809523809523808,0.08695652173913043,0.2631578947368421
2024,"phillips, evan",921,107.8,0.23465111580456446,0.0,0.1,0.04,0.25,0.4,0.52,0.0625,0.045454545454545456,0.53125,0.4772727272727273,0.0,0.03125,0.13333333333333333,0.31901840490797545
2024,"detmers, reid",1559,107.7,0.23160295585780974,0.0,0.05263157894736842,0.08333333333333333,0.36,0.3157894736842105,0.3958333333333333,0.1,0.08823529411764706,0.4,0.37254901960784315,0.025,0.08,0.1,0.3468013468013468
2024,"scherzer, max",670,107.6,0.22724043655223336,0.1,0.1111111111111111,0.12,0.3,0.3333333333333333,0.52,0.05555555555555555,0.05660377358490566,0.3888888888888889,0.22641509433962265,0.0,0.1111111111111111,0.0,0.2900763358778626
2024,"santillan, tony",505,107.6,0.22672982076047413,0.0,0.0,0.0,0.75,0.6,0.5,0.1,0.10526315789473684,0.5,0.42105263157894735,0.0,0.1,0.0,0.3486238532110092
2024,"nardi, andrew",910,107.5,0.22548378282190917,0.0,0.0,0.16666666666666666,0.5714285714285714,0.3333333333333333,0.7222222222222222,0.0,0.04878048780487805,0.4,0.3902439024390244,0.058823529411764705,0.0,0.058823529411764705,0.29850746268656714
2024,"matthews, zebby",717,107.5,0.22541396971636818,0.0625,0.14285714285714285,0.037037037037037035,0.375,0.2857142857142857,0.3333333333333333,0.047619047619047616,0.047619047619047616,0.5714285714285714,0.5,0.0,0.047619047619047616,0.08333333333333333,0.36486486486486486
2024,"otañez, michel",602,107.5,0.22396362071846032,0.0,0.0,0.0,0.0,0.0,0.16666666666666666,0.29411764705882354,0.23809523809523808,0.47058823529411764,0.42857142857142855,0.0,0.058823529411764705,0.14285714285714285,0.4583333333333333
2024,"olson, reese",1855,107.4,0.22095905859800968,0.05555555555555555,0.037037037037037035,0.05172413793103448,0.5,0.2222222222222222,0.3275862068965517,0.11267605633802817,0.0873015873015873,0.4084507042253521,0.3968253968253968,0.02702702702702703,0.056338028169014086,0.10810810810810811,0.3864406779661017
2024,"gonzales, marco",546,107.3,0.21820152864622083,0.07692307692307693,0.07142857142857142,0.09090909090909091,0.23076923076923078,0.35714285714285715,0.3181818181818182,0.15384615384615385,0.13513513513513514,0.38461538461538464,0.32432432432432434,0.0,0.07692307692307693,0.0,0.38596491228070173
2024,"spence, mitch",2482,107.2,0.21565770229341025,0.05128205128205128,0.05714285714285714,0.0375,0.41025641025641024,0.45714285714285713,0.3875,0.0673076923076923,0.07692307692307693,0.3269230769230769,0.3384615384615385,0.09090909090909091,0.08653846153846154,0.09090909090909091,0.38085539714867617
2024,"sánchez, cristopher",2798,107.2,0.21525543000192335,0.1,0.1016949152542373,0.09473684210526316,0.3,0.3389830508474576,0.3684210526315789,0.04878048780487805,0.06190476190476191,0.3475609756097561,0.3333333333333333,0.05,0.09146341463414634,0.05,0.3377609108159393
2024,"blackburn, paul",1212,107.1,0.21366138875025364,0.0,0.07142857142857142,0.0625,0.631578947368421,0.35714285714285715,0.4166666666666667,0.07017543859649122,0.0898876404494382,0.42105263157894735,0.43820224719101125,0.045454545454545456,0.05263157894736842,0.045454545454545456,0.4354066985645933
2024,"soriano, george",520,106.8,0.2030269491224508,0.0,0.0,0.14285714285714285,0.45454545454545453,0.375,0.3333333333333333,0.11764705882352941,0.047619047619047616,0.35294117647058826,0.23809523809523808,0.13333333333333333,0.11764705882352941,0.06666666666666667,0.34831460674157305
2024,"smith, will",681,106.7,0.1994546809129096,0.09090909090909091,0.0,0.1111111111111111,0.2727272727272727,0.45454545454545453,0.2962962962962963,0.07692307692307693,0.05263157894736842,0.38461538461538464,0.42105263157894735,0.07692307692307693,0.07692307692307693,0.07692307692307693,0.37623762376237624
2024,"leiter, jack",669,106.5,0.1954576089119291,0.09090909090909091,0.07142857142857142,0.0,0.2727272727272727,0.21428571428571427,0.4166666666666667,0.0,0.125,0.391304347826087,0.4166666666666667,0.05555555555555555,0.21739130434782608,0.05555555555555555,0.3805309734513274
2024,"anderson, chase",1022,106.5,0.19363192337575824,0.06666666666666667,0.0,0.06060606060606061,0.26666666666666666,0.375,0.42424242424242425,0.12,0.08536585365853659,0.4,0.43902439024390244,0.08333333333333333,0.04,0.08333333333333333,0.4093567251461988
2024,"hader, josh",1168,106.4,0.19282405630807592,0.06666666666666667,0.07692307692307693,0.14285714285714285,0.4,0.46153846153846156,0.39285714285714285,0.09090909090909091,0.08163265306122448,0.2727272727272727,0.2857142857142857,0.07692307692307693,0.0,0.038461538461538464,0.3684210526315789
2024,"rodríguez, eduardo",871,106.4,0.19272334494686252,0.0625,0.0625,0.027777777777777776,0.25,0.3125,0.2777777777777778,0.08695652173913043,0.1864406779661017,0.4782608695652174,0.3559322033898305,0.0,0.06521739130434782,0.10526315789473684,0.33116883116883117
2024,"chavez, jesse",1049,106.3,0.18958890575023563,0.0,0.07692307692307693,0.07894736842105263,0.36363636363636365,0.6153846153846154,0.5,0.12244897959183673,0.10526315789473684,0.4489795918367347,0.40350877192982454,0.05263157894736842,0.0,0.0,0.3314285714285714
2024,"long, sam",706,106.3,0.18756342583149396,0.0,0.0,0.047619047619047616,0.25,0.4,0.47619047619047616,0.16666666666666666,0.1388888888888889,0.5555555555555556,0.3055555555555556,0.0,0.0,0.14285714285714285,0.28225806451612906
2024,"bibee, tanner",2853,106.3,0.1902598834667319,0.06060606060606061,0.1388888888888889,0.10101010101010101,0.18181818181818182,0.2777777777777778,0.3333333333333333,0.07142857142857142,0.075,0.35714285714285715,0.36,0.06,0.07142857142857142,0.08,0.38200339558573854
2024,"slaten, justin",812,106.1,0.18199949759644804,0.0,0.0,0.03333333333333333,0.5,0.38461538461538464,0.3333333333333333,0.05555555555555555,0.09433962264150944,0.5,0.37735849056603776,0.09090909090909091,0.05555555555555555,0.18181818181818182,0.375
2024,"mears, nick",1032,106.1,0.18161159113271821,0.18181818181818182,0.14285714285714285,0.09090909090909091,0.2727272727272727,0.2857142857142857,0.2727272727272727,0.03571428571428571,0.061224489795918366,0.35714285714285715,0.3877551020408163,0.0,0.0,0.1,0.3645320197044335
2024,"williams, trevor",1064,105.9,0.17729548065795364,0.0,0.0,0.08333333333333333,0.5454545454545454,0.4166666666666667,0.4583333333333333,0.05128205128205128,0.08333333333333333,0.5128205128205128,0.4523809523809524,0.0,0.05128205128205128,0.11764705882352941,0.350253807106599
2024,"law, derek",1371,105.9,0.17720039285676628,0.1,0.0,0.1590909090909091,0.4,0.3076923076923077,0.5,0.05555555555555555,0.05813953488372093,0.2962962962962963,0.3953488372093023,0.0,0.018518518518518517,0.1,0.36486486486486486
2024,"houck, tanner",2740,105.7,0.17031917854459913,0.10714285714285714,0.09615384615384616,0.1111111111111111,0.2857142857142857,0.40384615384615385,0.36363636363636365,0.058333333333333334,0.08333333333333333,0.36666666666666664,0.3472222222222222,0.06666666666666667,0.06666666666666667,0.016666666666666666,0.3484848484848485
2024,"kelly, merrill",1143,105.7,0.171821522079357,0.17391304347826086,0.043478260869565216,0.0425531914893617,0.30434782608695654,0.2608695652173913,0.2553191489361702,0.06,0.08695652173913043,0.36,0.40217391304347827,0.15,0.02,0.1,0.31627906976744186
2024,"mcarthur, james",910,105.6,0.16881369013561864,0.16666666666666666,0.3333333333333333,0.07407407407407407,0.3333333333333333,0.1111111111111111,0.3333333333333333,0.0,0.04,0.17391304347826086,0.42,0.14285714285714285,0.0,0.0,0.3253968253968254
2024,"heaney, andrew",2739,105.6,0.16865243642012062,0.08333333333333333,0.07692307692307693,0.06,0.3888888888888889,0.34615384615384615,0.33,0.11214953271028037,0.04477611940298507,0.48598130841121495,0.3482587064676617,0.16326530612244897,0.06542056074766354,0.02040816326530612,0.34980988593155893
2024,"morejón, adrián",1069,105.6,0.16866901025145914,0.0,0.0,0.07407407407407407,0.5,0.38461538461538464,0.2962962962962963,0.06666666666666667,0.08064516129032258,0.4,0.4032258064516129,0.0625,0.06666666666666667,0.1875,0.3409090909090909
2024,"lópez, reynaldo",2117,105.5,0.16411592356560284,0.0967741935483871,0.1,0.08,0.2903225806451613,0.4,0.38666666666666666,0.06944444444444445,0.072992700729927,0.3055555555555556,0.3722627737226277,0.06976744186046512,0.05555555555555555,0.06976744186046512,0.3358395989974937
2024,"schreiber, john",899,105.5,0.1633268840372582,0.0,0.0625,0.2222222222222222,0.0,0.4375,0.4444444444444444,0.08,0.06382978723404255,0.28,0.3404255319148936,0.0,0.16,0.047619047619047616,0.3496932515337423
2024,"flaherty, jack",2646,105.5,0.16525772865248484,0.03225806451612903,0.09090909090909091,0.10465116279069768,0.45161290322580644,0.42424242424242425,0.4186046511627907,0.07692307692307693,0.050314465408805034,0.46153846153846156,0.3836477987421384,0.1282051282051282,0.019230769230769232,0.02564102564102564,0.35180722891566263
2024,"fleming, josh",534,105.5,0.16383782056622476,0.0,0.0,0.08333333333333333,0.3333333333333333,0.3333333333333333,0.3333333333333333,0.2,0.14285714285714285,0.5,0.4,0.0,0.05,0.07142857142857142,0.3368421052631579
2024,"miller, shelby",853,105.4,0.16166671152341416,0.1111111111111111,0.07142857142857142,0.047619047619047616,0.2222222222222222,0.2857142857142857,0.14285714285714285,0.08,0.1346153846153846,0.4,0.46153846153846156,0.07142857142857142,0.2,0.0,0.35668789808917195
2024,"skenes, paul",2127,105.4,0.16187231446764133,0.0,0.125,0.041666666666666664,0.125,0.4166666666666667,0.2916666666666667,0.11538461538461539,0.07462686567164178,0.4358974358974359,0.44776119402985076,0.10810810810810811,0.01282051282051282,0.16216216216216217,0.32062780269058294
2024,"miller, bryce",2753,105.3,0.15759202570170924,0.11363636363636363,0.047619047619047616,0.07692307692307693,0.4090909090909091,0.4523809523809524,0.4358974358974359,0.05555555555555555,0.08372093023255814,0.4111111111111111,0.3581395348837209,0.023255813953488372,0.06666666666666667,0.046511627906976744,0.3415559772296015
2024,"bernardino, brennan",883,105.3,0.16023290008484045,0.125,0.18181818181818182,0.19047619047619047,0.125,0.09090909090909091,0.38095238095238093,0.038461538461538464,0.07894736842105263,0.34615384615384615,0.39473684210526316,0.0,0.0,0.05,0.2848101265822785
2024,"lugo, seth",3116,105.3,0.15840905797935653,0.10869565217391304,0.11538461538461539,0.09803921568627451,0.391304347826087,0.4230769230769231,0.37254901960784315,0.06578947368421052,0.078125,0.39473684210526316,0.34765625,0.05660377358490566,0.02631578947368421,0.018867924528301886,0.3622350674373796
2024,"helsley, ryan",947,105.2,0.15620291294518784,0.16666666666666666,0.1,0.07142857142857142,0.16666666666666666,0.5,0.42857142857142855,0.037037037037037035,0.057692307692307696,0.4444444444444444,0.34615384615384615,0.05,0.037037037037037035,0.05,0.31543624161073824
2024,"parker, mitchell",2404,105.2,0.15462907758670094,0.08333333333333333,0.09090909090909091,0.07058823529411765,0.4722222222222222,0.5454545454545454,0.4588235294117647,0.031578947368421054,0.05154639175257732,0.3473684210526316,0.33505154639175255,0.09090909090909091,0.06315789473684211,0.045454545454545456,0.35523613963039014
2024,"adam, jason",1121,105.2,0.15453353837994271,0.0,0.07692307692307693,0.03225806451612903,0.5,0.46153846153846156,0.41935483870967744,0.10526315789473684,0.07142857142857142,0.34210526315789475,0.375,0.09090909090909091,0.02631578947368421,0.13636363636363635,0.42441860465116277
2024,"festa, david",1099,105.2,0.1570177649789696,0.06666666666666667,0.07692307692307693,0.08333333333333333,0.5333333333333333,0.6153846153846154,0.3888888888888889,0.05714285714285714,0.0547945205479452,0.37142857142857144,0.273972602739726,0.045454545454545456,0.02857142857142857,0.09090909090909091,0.38349514563106796
2024,"liberatore, matthew",1370,105.1,0.15359614884779157,0.07142857142857142,0.1111111111111111,0.025,0.42857142857142855,0.3333333333333333,0.375,0.07142857142857142,0.06896551724137931,0.32142857142857145,0.367816091954023,0.08695652173913043,0.05357142857142857,0.13043478260869565,0.34172661870503596
2024,"snell, blake",1774,105.0,0.14842071748009092,0.0,0.058823529411764705,0.13157894736842105,0.23076923076923078,0.4117647058823529,0.3684210526315789,0.07462686567164178,0.09615384615384616,0.3582089552238806,0.38461538461538464,0.045454545454545456,0.014925373134328358,0.1590909090909091,0.4117647058823529
2024,"gausman, kevin",2959,104.1,0.1219376371819476,0.0,0.05,0.06666666666666667,0.49019607843137253,0.5166666666666667,0.41904761904761906,0.04310344827586207,0.11009174311926606,0.3706896551724138,0.3577981651376147,0.09090909090909091,0.06896551724137931,0.10909090909090909,0.38593481989708406
2024,"brown, hunter",2890,104.1,0.12239671720891294,0.05,0.06060606060606061,0.05319148936170213,0.4,0.42424242424242425,0.2978723404255319,0.14705882352941177,0.1278538812785388,0.375,0.3972602739726027,0.03333333333333333,0.04411764705882353,0.08333333333333333,0.3785310734463277
2024,"hudson, daniel",1000,103.9,0.11646451976506879,0.05263157894736842,0.09090909090909091,0.08,0.42105263157894735,0.2727272727272727,0.32,0.08,0.08163265306122448,0.4,0.3673469387755102,0.0,0.04,0.17647058823529413,0.37209302325581395
2024,"hendricks, kyle",2135,103.9,0.11806777518367909,0.13333333333333333,0.1,0.07142857142857142,0.3333333333333333,0.36666666666666664,0.34523809523809523,0.0684931506849315,0.05434782608695652,0.2945205479452055,0.29891304347826086,0.09523809523809523,0.0410958904109589,0.11904761904761904,0.4049586776859504
2024,"stratton, hunter",587,103.7,0.11046365028468705,0.16666666666666666,0.08333333333333333,0.043478260869565216,0.3333333333333333,0.3333333333333333,0.43478260869565216,0.10714285714285714,0.10204081632653061,0.2857142857142857,0.3469387755102041,0.1111111111111111,0.07142857142857142,0.0,0.2523364485981308
2024,"feltner, ryan",2580,103.5,0.1043920864704443,0.12903225806451613,0.1111111111111111,0.11494252873563218,0.16129032258064516,0.4074074074074074,0.40229885057471265,0.06870229007633588,0.06091370558375635,0.33587786259541985,0.3756345177664975,0.06896551724137931,0.05343511450381679,0.05172413793103448,0.3536036036036036
2024,"bradley, taj",2296,103.5,0.10551576409343925,0.05555555555555555,0.09302325581395349,0.078125,0.2777777777777778,0.27906976744186046,0.328125,0.14285714285714285,0.10526315789473684,0.44285714285714284,0.40131578947368424,0.02127659574468085,0.05714285714285714,0.0851063829787234,0.4004282655246253
2024,"spiers, carson",1554,103.4,0.10282225358223919,0.06666666666666667,0.03333333333333333,0.06557377049180328,0.36666666666666664,0.3333333333333333,0.47540983606557374,0.05555555555555555,0.06870229007633588,0.4305555555555556,0.3511450381679389,0.1,0.06944444444444445,0.13333333333333333,0.33807829181494664
2024,"falter, bailey",2140,103.4,0.10168391505723068,0.14705882352941177,0.030303030303030304,0.0641025641025641,0.5588235294117647,0.45454545454545453,0.4358974358974359,0.06382978723404255,0.096045197740113,0.3191489361702128,0.4180790960451977,0.046511627906976744,0.05319148936170213,0.023255813953488372,0.3693467336683417
2024,"de los santos, enyel",1138,103.2,0.09617910458981277,0.05263157894736842,0.07692307692307693,0.10714285714285714,0.5263157894736842,0.46153846153846156,0.2857142857142857,0.10810810810810811,0.15384615384615385,0.2972972972972973,0.28846153846153844,0.038461538461538464,0.10810810810810811,0.0,0.3855932203389831
2024,"anderson, justin",949,103.2,0.09584073012296067,0.0,0.07692307692307693,0.1111111111111111,0.3,0.38461538461538464,0.3333333333333333,0.17142857142857143,0.13043478260869565,0.2571428571428571,0.32608695652173914,0.06060606060606061,0.05714285714285714,0.09090909090909091,0.4
2024,"matz, steven",758,103.0,0.09013900088525895,0.0,0.0,0.10714285714285714,0.4,0.3,0.5,0.10256410256410256,0.08333333333333333,0.28205128205128205,0.35,0.13333333333333333,0.07692307692307693,0.13333333333333333,0.4177215189873418
2024,"sears, jp",2858,102.8,0.08287741998988837,0.05555555555555555,0.11864406779661017,0.11494252873563218,0.2962962962962963,0.2711864406779661,0.367816091954023,0.06299212598425197,0.08064516129032258,0.30708661417322836,0.34274193548387094,0.04918032786885246,0.12598425196850394,0.09836065573770492,0.33586337760910817
2024,"okert, steven",629,102.8,0.08534971074089272,0.0,0.2,0.058823529411764705,0.5,0.4,0.4117647058823529,0.037037037037037035,0.05405405405405406,0.4444444444444444,0.43243243243243246,0.0,0.037037037037037035,0.14285714285714285,0.29523809523809524
2024,"vieira, thyago",742,102.8,0.0842051764219667,0.0,0.1111111111111111,0.08333333333333333,0.0,0.3333333333333333,0.20833333333333334,0.125,0.14634146341463414,0.4166666666666667,0.4146341463414634,0.16,0.0,0.16,0.32558139534883723
2024,"singer, brady",2969,102.7,0.07962600186992899,0.075,0.05084745762711865,0.06930693069306931,0.35,0.4067796610169492,0.4158415841584158,0.1015625,0.09405940594059406,0.4296875,0.400990099009901,0.0967741935483871,0.09375,0.03225806451612903,0.35853131749460043
2024,"irvin, cole",1772,102.6,0.07896442532347969,0.10869565217391304,0.13333333333333333,0.09333333333333334,0.3695652173913043,0.3,0.29333333333333333,0.1411764705882353,0.09352517985611511,0.3411764705882353,0.35251798561151076,0.06060606060606061,0.047058823529411764,0.030303030303030304,0.3312883435582822
2024,"pfaadt, brandon",2801,102.6,0.07769887571400275,0.14634146341463414,0.1702127659574468,0.09900990099009901,0.2682926829268293,0.3617021276595745,0.38613861386138615,0.03278688524590164,0.041666666666666664,0.3114754098360656,0.3101851851851852,0.045454545454545456,0.06557377049180328,0.09090909090909091,0.36767676767676766
2024,"gray, jon",1635,102.4,0.07171066356658368,0.07692307692307693,0.1875,0.05970149253731343,0.4230769230769231,0.40625,0.2537313432835821,0.07246376811594203,0.03389830508474576,0.37681159420289856,0.3220338983050847,0.25,0.10144927536231885,0.0,0.3225806451612903
2024,"francis, bowden",1561,102.3,0.06770164844490087,0.13636363636363635,0.2,0.06666666666666667,0.22727272727272727,0.3333333333333333,0.37777777777777777,0.06557377049180328,0.037037037037037035,0.39344262295081966,0.4,0.03571428571428571,0.06557377049180328,0.07142857142857142,0.3400576368876081
2024,"herz, dj",1587,102.3,0.06750186681985415,0.05263157894736842,0.1,0.08333333333333333,0.5263157894736842,0.6,0.4722222222222222,0.08163265306122448,0.11320754716981132,0.2653061224489796,0.4056603773584906,0.05263157894736842,0.02040816326530612,0.02631578947368421,0.38762214983713356
2024,"adams, austin",813,102.3,0.06749518556559149,0.0,0.0,0.0,0.4,0.6666666666666666,0.42857142857142855,0.08333333333333333,0.14285714285714285,0.4583333333333333,0.37142857142857144,0.03333333333333333,0.041666666666666664,0.2,0.38596491228070173
2024,"mayza, tim",740,102.2,0.06737868029375065,0.0,0.0,0.13043478260869565,0.16666666666666666,0.3333333333333333,0.43478260869565216,0.06451612903225806,0.15789473684210525,0.45161290322580644,0.5,0.15384615384615385,0.03225806451612903,0.07692307692307693,0.3826086956521739
2024,"durán, jhoan",890,102.2,0.06715143844472655,0.0,0.1,0.2222222222222222,0.0,0.4,0.2777777777777778,0.10714285714285714,0.04878048780487805,0.42857142857142855,0.5365853658536586,0.1111111111111111,0.03571428571428571,0.05555555555555555,0.37583892617449666
2024,"blanco, ronel",2753,101.9,0.05681887034388877,0.075,0.0,0.06756756756756757,0.375,0.36363636363636365,0.2972972972972973,0.07920792079207921,0.10880829015544041,0.45544554455445546,0.40932642487046633,0.028985507246376812,0.07920792079207921,0.17391304347826086,0.35177865612648224
2024,"wilson, bryse",1643,101.6,0.04852599430142319,0.034482758620689655,0.12903225806451613,0.08064516129032258,0.41379310344827586,0.3225806451612903,0.3709677419354839,0.029850746268656716,0.04310344827586207,0.3582089552238806,0.3620689655172414,0.058823529411764705,0.07462686567164178,0.20588235294117646,0.3654485049833887
2024,"rea, colin",2656,101.6,0.0494034321134933,0.06818181818181818,0.09615384615384616,0.11428571428571428,0.4090909090909091,0.3269230769230769,0.3142857142857143,0.06422018348623854,0.07042253521126761,0.3669724770642202,0.3427230046948357,0.06382978723404255,0.10091743119266056,0.10638297872340426,0.3831578947368421
2024,"bivens, spencer",770,101.6,0.04906429294909285,0.0,0.1,0.10526315789473684,0.5454545454545454,0.4,0.3684210526315789,0.06451612903225806,0.05660377358490566,0.41935483870967744,0.4528301886792453,0.0,0.12903225806451613,0.1,0.3082706766917293
2024,"castillo, luis",2867,101.5,0.04366151047423201,0.07142857142857142,0.07272727272727272,0.06666666666666667,0.3333333333333333,0.41818181818181815,0.42857142857142855,0.1308411214953271,0.09900990099009901,0.38317757009345793,0.297029702970297,0.08333333333333333,0.06542056074766354,0.08333333333333333,0.3644214162348877
2024,"alexander, tyler",1673,101.4,0.04290057876444826,0.15625,0.125,0.11864406779661017,0.375,0.3333333333333333,0.3559322033898305,0.06896551724137931,0.06666666666666667,0.27586206896551724,0.31851851851851853,0.07692307692307693,0.022988505747126436,0.07692307692307693,0.33746130030959753
2024,"avila, pedro",1427,101.2,0.036536724396446715,0.0,0.15384615384615385,0.1111111111111111,0.45454545454545453,0.5384615384615384,0.3333333333333333,0.09803921568627451,0.10526315789473684,0.35294117647058826,0.3684210526315789,0.0,0.0784313725490196,0.06060606060606061,0.4220532319391635
2024,"rogers, taylor",1082,101.2,0.036632442614891535,0.0,0.08333333333333333,0.047619047619047616,0.375,0.5,0.3333333333333333,0.13513513513513514,0.12727272727272726,0.35135135135135137,0.4727272727272727,0.09523809523809523,0.05405405405405406,0.09523809523809523,0.35789473684210527
2024,"cole, gerrit",1541,101.1,0.033702754044518224,0.05555555555555555,0.09090909090909091,0.14285714285714285,0.2777777777777778,0.2727272727272727,0.40476190476190477,0.04,0.1,0.3,0.3181818181818182,0.029411764705882353,0.14,0.11764705882352941,0.3724832214765101
2024,"romero, jojo",921,101.1,0.03418432730521439,0.0625,0.1875,0.07142857142857142,0.5,0.4375,0.32142857142857145,0.10344827586206896,0.14634146341463414,0.27586206896551724,0.2926829268292683,0.058823529411764705,0.0,0.058823529411764705,0.4603174603174603
2024,"robertson, david",1228,101.0,0.03133723336406701,0.0,0.09090909090909091,0.20689655172413793,0.5,0.45454545454545453,0.3793103448275862,0.09375,0.0851063829787234,0.34375,0.3191489361702128,0.07407407407407407,0.03125,0.037037037037037035,0.39805825242718446
2024,"springs, jeffrey",565,101.0,0.029218265551764735,0.1111111111111111,0.0,0.25,0.4444444444444444,0.0,0.3333333333333333,0.18181818181818182,0.03125,0.3181818181818182,0.375,0.0,0.045454545454545456,0.08333333333333333,0.41836734693877553
2024,"bednar, david",1031,100.9,0.02585727124139838,0.07692307692307693,0.06666666666666667,0.07142857142857142,0.3076923076923077,0.26666666666666666,0.35714285714285715,0.125,0.10714285714285714,0.5,0.375,0.07407407407407407,0.0,0.14814814814814814,0.33004926108374383
2024,"thompson, keegan",538,100.8,0.0246859818567642,0.125,0.3333333333333333,0.14285714285714285,0.125,0.0,0.21428571428571427,0.14285714285714285,0.08,0.2857142857142857,0.28,0.0625,0.07142857142857142,0.0,0.39805825242718446
2024,"berríos, josé",2920,100.8,0.025135498598062838,0.14285714285714285,0.08888888888888889,0.0990990990990991,0.2857142857142857,0.3111111111111111,0.3963963963963964,0.08264462809917356,0.09130434782608696,0.33884297520661155,0.3521739130434783,0.07692307692307693,0.049586776859504134,0.07692307692307693,0.383399209486166
2024,"lópez, jorge",806,100.8,0.024629676620780812,0.0,0.09090909090909091,0.05263157894736842,0.5,0.36363636363636365,0.3684210526315789,0.13333333333333333,0.1346153846153846,0.4666666666666667,0.38461538461538464,0.1111111111111111,0.06666666666666667,0.05555555555555555,0.3559322033898305
2024,"fernandez, ryan",1213,100.8,0.024559345830712294,0.0,0.07142857142857142,0.11538461538461539,0.2,0.5,0.5,0.08823529411764706,0.058823529411764705,0.29411764705882354,0.38235294117647056,0.038461538461538464,0.11764705882352941,0.15384615384615385,0.3476190476190476
2024,"kochanowicz, jack",863,100.8,0.023708541089548434,0.0,0.07142857142857142,0.1891891891891892,0.46153846153846156,0.32142857142857145,0.43243243243243246,0.058823529411764705,0.011627906976744186,0.35294117647058826,0.3953488372093023,0.058823529411764705,0.11764705882352941,0.11764705882352941,0.2994011976047904
2024,"keller, mitch",2852,100.7,0.020966489876604648,0.11428571428571428,0.06818181818181818,0.0784313725490196,0.34285714285714286,0.3181818181818182,0.3431372549019608,0.10077519379844961,0.10267857142857142,0.43410852713178294,0.41517857142857145,0.08064516129032258,0.046511627906976744,0.08064516129032258,0.34807692307692306
2024,"criswell, cooper",1757,100.7,0.01969245979514151,0.13636363636363635,0.034482758620689655,0.1509433962264151,0.5,0.3793103448275862,0.39622641509433965,0.08571428571428572,0.08661417322834646,0.38571428571428573,0.33858267716535434,0.02702702702702703,0.05714285714285714,0.02702702702702703,0.417910447761194
2024,"gallen, zac",2507,100.7,0.019791442116223877,0.06896551724137931,0.11764705882352941,0.08333333333333333,0.2413793103448276,0.2647058823529412,0.3888888888888889,0.07142857142857142,0.07746478873239436,0.4880952380952381,0.4788732394366197,0.07017543859649122,0.08333333333333333,0.08771929824561403,0.4097560975609756
2024,"woods richardson, simeon",2298,100.6,0.018025778886077683,0.16666666666666666,0.04,0.13846153846153847,0.43333333333333335,0.44,0.3384615384615385,0.09,0.08823529411764706,0.32,0.27647058823529413,0.02127659574468085,0.03,0.0851063829787234,0.38381742738589214
2024,"smyly, drew",1029,100.5,0.01638003860190985,0.1,0.0,0.0,0.4,0.4375,0.4444444444444444,0.14705882352941177,0.12698412698412698,0.4411764705882353,0.42857142857142855,0.0,0.11764705882352941,0.09090909090909091,0.3769633507853403
2024,"bender, anthony",959,100.5,0.014455905074066229,0.16666666666666666,0.0,0.038461538461538464,0.3333333333333333,0.6,0.34615384615384615,0.14705882352941177,0.14583333333333334,0.5294117647058824,0.375,0.10526315789473684,0.0,0.0,0.42105263157894735
2024,"montgomery, jordan",1941,100.4,0.010776306208588106,0.08333333333333333,0.08333333333333333,0.12195121951219512,0.4583333333333333,0.4444444444444444,0.4024390243902439,0.049019607843137254,0.0728476821192053,0.4117647058823529,0.3708609271523179,0.10256410256410256,0.058823529411764705,0.05128205128205128,0.3854166666666667
2024,"quintana, jose",2826,100.4,0.013198402467389167,0.12121212121212122,0.043478260869565216,0.12941176470588237,0.3333333333333333,0.30434782608695654,0.35294117647058826,0.12307692307692308,0.08823529411764706,0.4076923076923077,0.37254901960784315,0.05555555555555555,0.046153846153846156,0.06944444444444445,0.4511627906976744
2024,"suter, brent",1022,100.3,0.009390712094172736,0.14285714285714285,0.2,0.08333333333333333,0.42857142857142855,0.6,0.3333333333333333,0.03773584905660377,0.057971014492753624,0.32075471698113206,0.36231884057971014,0.13333333333333333,0.018867924528301886,0.0,0.4393939393939394
2024,"scott, christian",788,100.2,0.004856135550349686,0.07142857142857142,0.0,0.03571428571428571,0.35714285714285715,0.5625,0.5357142857142857,0.12903225806451613,0.07936507936507936,0.5161290322580645,0.3492063492063492,0.07692307692307693,0.0967741935483871,0.07692307692307693,0.36627906976744184
2024,"holmes, clay",1087,100.2,0.00601244906586145,0.0,0.1,0.09090909090909091,0.16666666666666666,0.6,0.5909090909090909,0.13513513513513514,0.07017543859649122,0.35135135135135137,0.38596491228070173,0.08333333333333333,0.05405405405405406,0.08333333333333333,0.34782608695652173
2024,"allen, logan",1665,100.2,0.0052396476478072645,0.09375,0.09302325581395349,0.08333333333333333,0.1875,0.23255813953488372,0.25,0.13636363636363635,0.11666666666666667,0.3787878787878788,0.4166666666666667,0.13636363636363635,0.12121212121212122,0.045454545454545456,0.38434163701067614
2024,"contreras, roansy",1103,99.9,-0.002589620223864229,0.125,0.1,0.0625,0.4375,0.5,0.4375,0.05714285714285714,0.14285714285714285,0.45714285714285713,0.34285714285714286,0.0,0.05714285714285714,0.04,0.31443298969072164
2024,"schmidt, clarke",1456,99.8,-0.007069017863072336,0.09090909090909091,0.058823529411764705,0.07692307692307693,0.45454545454545453,0.47058823529411764,0.38461538461538464,0.10638297872340426,0.13043478260869565,0.3829787234042553,0.29347826086956524,0.05405405405405406,0.1276595744680851,0.02702702702702703,0.4199134199134199
2024,"scott, tayler",1208,99.6,-0.0115014062084727,0.0,0.0,0.12,0.4,0.5,0.44,0.06896551724137931,0.14545454545454545,0.41379310344827586,0.509090909090909,0.0,0.06896551724137931,0.11764705882352941,0.4482758620689655
2024,"darvish, yu",1264,99.6,-0.010901281417533928,0.11764705882352941,0.10526315789473684,0.10256410256410256,0.47058823529411764,0.47368421052631576,0.28205128205128205,0.02127659574468085,0.06666666666666667,0.19148936170212766,0.34444444444444444,0.043478260869565216,0.0851063829787234,0.17391304347826086,0.32936507936507936
2024,"eovaldi, nathan",2623,99.5,-0.01610777719705092,0.1111111111111111,0.08,0.08421052631578947,0.3888888888888889,0.28,0.3473684210526316,0.06956521739130435,0.07,0.391304347826087,0.355,0.10416666666666667,0.14782608695652175,0.08333333333333333,0.3127413127413127
2024,"ferguson, tyler",827,99.4,-0.018300032832765833,0.0,0.0,0.0,0.3333333333333333,0.4,0.30434782608695654,0.2222222222222222,0.2,0.48148148148148145,0.525,0.13043478260869565,0.037037037037037035,0.08695652173913043,0.35119047619047616
2024,"abbott, andrew",2334,99.3,-0.020728983744705626,0.05405405405405406,0.1111111111111111,0.08695652173913043,0.40540540540540543,0.3333333333333333,0.43478260869565216,0.06862745098039216,0.08205128205128205,0.4019607843137255,0.39487179487179486,0.03773584905660377,0.029411764705882353,0.16981132075471697,0.3533487297921478
2024,"little, brendon",705,99.3,-0.021374444635473562,0.0,0.125,0.058823529411764705,0.42857142857142855,0.5,0.6470588235294118,0.10714285714285714,0.13636363636363635,0.39285714285714285,0.4090909090909091,0.0,0.0,0.09090909090909091,0.36363636363636365
2024,"sandlin, nick",1010,99.2,-0.024988577444651782,0.2,0.11764705882352941,0.125,0.4666666666666667,0.29411764705882354,0.375,0.05,0.08108108108108109,0.35,0.21621621621621623,0.03571428571428571,0.05,0.07142857142857142,0.3696969696969697
2024,"williams, gavin",1368,99.0,-0.030855364524851103,0.0,0.038461538461538464,0.0975609756097561,0.42857142857142855,0.23076923076923078,0.3902439024390244,0.14634146341463414,0.12345679012345678,0.36585365853658536,0.3950617283950617,0.125,0.07317073170731707,0.125,0.3741258741258741
2024,"cortés, néstor",2851,98.9,-0.034238845448584375,0.07894736842105263,0.045454545454545456,0.1,0.47368421052631576,0.4318181818181818,0.5444444444444444,0.05785123966942149,0.06756756756756757,0.4380165289256198,0.4009009009009009,0.1282051282051282,0.06611570247933884,0.05128205128205128,0.38235294117647056
2024,"vodnik, victor",1345,98.8,-0.036638385103390514,0.06666666666666667,0.05,0.03125,0.5333333333333333,0.35,0.34375,0.08823529411764706,0.19047619047619047,0.38235294117647056,0.3968253968253968,0.08823529411764706,0.0,0.14705882352941177,0.43621399176954734
2024,"rodón, carlos",3102,98.6,-0.04142785127731747,0.06,0.14285714285714285,0.14285714285714285,0.42,0.42857142857142855,0.35714285714285715,0.0898876404494382,0.08133971291866028,0.449438202247191,0.41148325358851673,0.046153846153846156,0.056179775280898875,0.03076923076923077,0.35581787521079256
2024,"shuster, jared",1290,98.6,-0.040970233316109564,0.0625,0.125,0.1111111111111111,0.375,0.3125,0.4888888888888889,0.09615384615384616,0.0898876404494382,0.40384615384615385,0.3707865168539326,0.03333333333333333,0.038461538461538464,0.1,0.40086206896551724
2024,"blalock, bradley",554,98.5,-0.04607257583823718,0.2,0.0,0.047619047619047616,0.6,0.25,0.2857142857142857,0.12,0.1794871794871795,0.28,0.358974358974359,0.15,0.08,0.0,0.4387755102040816
2024,"marsh, alec",2164,98.5,-0.04371301811329486,0.14285714285714285,0.07894736842105263,0.05405405405405406,0.4,0.34210526315789475,0.4594594594594595,0.05952380952380952,0.08029197080291971,0.4166666666666667,0.38686131386861317,0.08333333333333333,0.09523809523809523,0.08333333333333333,0.3602941176470588
2024,"irvin, jake",3050,98.4,-0.047995587569362626,0.1,0.08928571428571429,0.0594059405940594,0.36,0.39285714285714285,0.39603960396039606,0.06923076923076923,0.06866952789699571,0.4153846153846154,0.4248927038626609,0.16666666666666666,0.06923076923076923,0.09259259259259259,0.37564322469982847
2024,"arrighetti, spencer",2509,98.3,-0.05064210990698038,0.07142857142857142,0.0,0.15384615384615385,0.21428571428571427,0.23529411764705882,0.4358974358974359,0.1511627906976744,0.10493827160493827,0.38372093023255816,0.3950617283950617,0.043478260869565216,0.10465116279069768,0.10144927536231885,0.3593073593073593
2024,"burr, ryan",570,98.3,-0.05170255391883667,0.0,0.0,0.06666666666666667,0.42857142857142855,0.4,0.3333333333333333,0.3333333333333333,0.12,0.6666666666666666,0.48,0.0,0.08333333333333333,0.0,0.28448275862068967
2024,"bassitt, chris",2976,98.1,-0.05815935172338658,0.08571428571428572,0.05263157894736842,0.12,0.4,0.40350877192982454,0.43,0.09701492537313433,0.08333333333333333,0.3805970149253731,0.33796296296296297,0.07317073170731707,0.09701492537313433,0.08536585365853659,0.3595505617977528
2024,"swanson, erik",667,98.0,-0.05958567494111247,0.0,0.14285714285714285,0.05263157894736842,0.5384615384615384,0.7142857142857143,0.3157894736842105,0.1,0.08823529411764706,0.4,0.35294117647058826,0.0,0.1,0.13333333333333333,0.32857142857142857
2024,"harrison, kyle",2078,98.0,-0.05909075202643222,0.14705882352941177,0.0,0.056338028169014086,0.5588235294117647,0.5135135135135135,0.36619718309859156,0.08333333333333333,0.1276595744680851,0.4305555555555556,0.4397163120567376,0.08333333333333333,0.06944444444444445,0.041666666666666664,0.3469945355191257
2024,"grove, michael",827,97.9,-0.0625667386308192,0.15384615384615385,0.058823529411764705,0.07692307692307693,0.3076923076923077,0.35294117647058826,0.38461538461538464,0.0967741935483871,0.1,0.41935483870967744,0.42,0.05,0.12903225806451613,0.05,0.3357664233576642
2024,"baz, shane",1207,97.9,-0.06347622110549843,0.125,0.0625,0.12903225806451613,0.3125,0.3125,0.3870967741935484,0.15789473684210525,0.12871287128712872,0.5,0.3564356435643564,0.03333333333333333,0.02631578947368421,0.03333333333333333,0.3516949152542373
2024,"knack, landon",1149,97.8,-0.06680630004897879,0.1,0.047619047619047616,0.06060606060606061,0.35,0.38095238095238093,0.3939393939393939,0.08823529411764706,0.04597701149425287,0.4117647058823529,0.367816091954023,0.14285714285714285,0.11764705882352941,0.14285714285714285,0.36666666666666664
2024,"peralta, freddy",3070,97.7,-0.0688131706552554,0.08571428571428572,0.10344827586206896,0.10526315789473684,0.2857142857142857,0.3793103448275862,0.4342105263157895,0.12598425196850394,0.1256544502617801,0.3779527559055118,0.3717277486910995,0.02666666666666667,0.031496062992125984,0.09333333333333334,0.45724907063197023
2024,"assad, javier",2538,97.7,-0.07039587309637832,0.05555555555555555,0.07692307692307693,0.05,0.4166666666666667,0.41025641025641024,0.45,0.09523809523809523,0.13142857142857142,0.4380952380952381,0.38857142857142857,0.0625,0.0380952380952381,0.140625,0.3986175115207373
2024,"roupp, landen",907,97.7,-0.06802849183135493,0.0,0.058823529411764705,0.09090909090909091,0.6666666666666666,0.35294117647058826,0.45454545454545453,0.13513513513513514,0.10714285714285714,0.43243243243243246,0.35714285714285715,0.11538461538461539,0.05405405405405406,0.07692307692307693,0.4148148148148148
2024,"holmes, grant",1029,97.7,-0.06866614620642349,0.25,0.125,0.125,0.4166666666666667,0.25,0.25,0.047619047619047616,0.05194805194805195,0.30952380952380953,0.2987012987012987,0.21428571428571427,0.07142857142857142,0.0,0.3352272727272727
2024,"moll, sam",632,97.6,-0.07337496153665471,0.16666666666666666,0.0,0.14285714285714285,0.3333333333333333,0.4,0.42857142857142855,0.07142857142857142,0.030303030303030304,0.42857142857142855,0.36363636363636365,0.0,0.07142857142857142,0.16666666666666666,0.29357798165137616
2024,"jiménez, joe",1093,97.4,-0.07736658818425304,0.16666666666666666,0.0,0.10526315789473684,0.6666666666666666,0.2,0.3684210526315789,0.09375,0.12280701754385964,0.4375,0.3684210526315789,0.04,0.0,0.12,0.30434782608695654
2024,"ortiz, luis",2158,97.3,-0.08071207545916166,0.1,0.08108108108108109,0.11594202898550725,0.4,0.3783783783783784,0.34782608695652173,0.12790697674418605,0.09090909090909091,0.4186046511627907,0.4117647058823529,0.02127659574468085,0.06976744186046512,0.0851063829787234,0.32608695652173914
2024,"alcalá, jorge",935,97.3,-0.08161910629014767,0.3,0.0,0.047619047619047616,0.3,0.2,0.42857142857142855,0.0967741935483871,0.15,0.3548387096774194,0.4166666666666667,0.045454545454545456,0.0,0.09090909090909091,0.3742690058479532
2024,"pearson, nate",1059,97.3,-0.0800122122271813,0.058823529411764705,0.05555555555555555,0.10810810810810811,0.23529411764705882,0.5,0.43243243243243246,0.1,0.12280701754385964,0.36666666666666664,0.3508771929824561,0.047619047619047616,0.06666666666666667,0.14285714285714285,0.39285714285714285
2024,"miller, mason",1037,97.1,-0.08790064957693398,0.2,0.0,0.1875,0.6,0.6666666666666666,0.375,0.03125,0.1,0.40625,0.425,0.0,0.0,0.0,0.3434343434343434
2024,"yates, kirby",1045,97.0,-0.08924843378014874,0.25,0.25,0.0,0.5,0.25,0.125,0.11538461538461539,0.14893617021276595,0.23076923076923078,0.3404255319148936,0.04,0.0,0.08,0.4272300469483568
2024,"pepiot, ryan",2150,96.9,-0.09360472429191631,0.03333333333333333,0.03571428571428571,0.14516129032258066,0.36666666666666664,0.35714285714285715,0.3709677419354839,0.13846153846153847,0.11538461538461539,0.4307692307692308,0.34615384615384615,0.058823529411764705,0.07692307692307693,0.11764705882352941,0.40369393139841686
2024,"sewald, paul",633,96.8,-0.09680133760806757,0.3333333333333333,0.0,0.0,0.4444444444444444,0.4,0.4444444444444444,0.11764705882352941,0.030303030303030304,0.23529411764705882,0.48484848484848486,0.0,0.0,0.18181818181818182,0.24822695035460993
2024,"ragans, cole",3119,96.7,-0.10018729001523712,0.14285714285714285,0.05555555555555555,0.09195402298850575,0.42857142857142855,0.4444444444444444,0.4367816091954023,0.06086956521739131,0.11274509803921569,0.4260869565217391,0.4215686274509804,0.029411764705882353,0.034782608695652174,0.10294117647058823,0.3503521126760563
2024,"javier, cristian",571,96.7,-0.09886839988052908,0.0,0.25,0.05263157894736842,0.3333333333333333,0.25,0.2631578947368421,0.18181818181818182,0.1836734693877551,0.45454545454545453,0.40816326530612246,0.10526315789473684,0.0,0.05263157894736842,0.4155844155844156
2024,"latz, jacob",827,96.6,-0.10303241895040605,0.0,0.0,0.05,0.3333333333333333,0.42857142857142855,0.55,0.13043478260869565,0.13513513513513514,0.391304347826087,0.43243243243243246,0.045454545454545456,0.043478260869565216,0.22727272727272727,0.3881578947368421
2024,"ashcraft, graham",1342,96.5,-0.10459932131055626,0.15,0.045454545454545456,0.045454545454545456,0.35,0.36363636363636365,0.5,0.09259259259259259,0.1320754716981132,0.3888888888888889,0.46226415094339623,0.1,0.05555555555555555,0.06666666666666667,0.3794466403162055
2024,"wilson, steven",643,96.4,-0.10921783086350327,0.2,0.0,0.0625,0.3,0.0,0.3125,0.09090909090909091,0.1935483870967742,0.5909090909090909,0.41935483870967744,0.0,0.045454545454545456,0.15789473684210525,0.358974358974359
2024,"cronin, declan",1109,96.4,-0.10693733252311234,0.125,0.0625,0.08,0.375,0.5625,0.36,0.1,0.07692307692307693,0.325,0.4153846153846154,0.07692307692307693,0.075,0.11538461538461539,0.32571428571428573
2024,"brebbia, john",995,96.3,-0.11094657371574455,0.08333333333333333,0.08333333333333333,0.05405405405405406,0.3333333333333333,0.3333333333333333,0.2972972972972973,0.14814814814814814,0.10638297872340426,0.4074074074074074,0.40425531914893614,0.047619047619047616,0.18518518518518517,0.09523809523809523,0.3177570093457944
2024,"lovelady, richard",532,96.2,-0.11241617642808309,0.0,0.0,0.15384615384615385,0.5,0.36363636363636365,0.38461538461538464,0.08695652173913043,0.10344827586206896,0.391304347826087,0.5862068965517241,0.1,0.08695652173913043,0.1,0.42696629213483145
2024,"soto, gregory",971,96.1,-0.11644800993968249,0.0,0.18181818181818182,0.16,0.4444444444444444,0.45454545454545453,0.4,0.12,0.09090909090909091,0.28,0.48484848484848486,0.0,0.0,0.1111111111111111,0.36363636363636365
2024,"manaea, sean",2997,96.1,-0.11594638798155318,0.0,0.1,0.10975609756097561,0.34375,0.475,0.34146341463414637,0.12844036697247707,0.10144927536231885,0.46788990825688076,0.4492753623188406,0.07142857142857142,0.01834862385321101,0.15714285714285714,0.3764705882352941
2024,"jackson, luke",921,96.0,-0.1184556653578275,0.07692307692307693,0.125,0.038461538461538464,0.15384615384615385,0.25,0.3076923076923077,0.25925925925925924,0.16666666666666666,0.5185185185185185,0.30952380952380953,0.08333333333333333,0.037037037037037035,0.08333333333333333,0.4117647058823529
2024,"cannon, jonathan",2029,95.9,-0.12326711983089372,0.1111111111111111,0.05405405405405406,0.11940298507462686,0.5555555555555556,0.3783783783783784,0.3880597014925373,0.0963855421686747,0.10559006211180125,0.4457831325301205,0.391304347826087,0.1,0.04819277108433735,0.05,0.3641456582633053
2024,"miller, tyson",934,95.9,-0.12160820386871704,0.15384615384615385,0.14285714285714285,0.10714285714285714,0.5384615384615384,0.5714285714285714,0.39285714285714285,0.05714285714285714,0.046875,0.34285714285714286,0.328125,0.0625,0.05714285714285714,0.0625,0.3489583333333333
2024,"rogers, trevor",2248,95.9,-0.12280286265237,0.08823529411764706,0.10526315789473684,0.08974358974358974,0.5,0.3684210526315789,0.38461538461538464,0.08860759493670886,0.125,0.4177215189873418,0.4473684210526316,0.07547169811320754,0.08860759493670886,0.03773584905660377,0.3898305084745763
2024,"morton, charlie",2796,95.9,-0.12354635721459281,0.07692307692307693,0.10526315789473684,0.09302325581395349,0.38461538461538464,0.34210526315789475,0.36046511627906974,0.14953271028037382,0.16201117318435754,0.38317757009345793,0.40782122905027934,0.05,0.037383177570093455,0.075,0.35070140280561124
2024,"sims, lucas",885,95.8,-0.12680888552903996,0.08333333333333333,0.0,0.1111111111111111,0.3333333333333333,0.6,0.5555555555555556,0.0,0.22857142857142856,0.36,0.45714285714285713,0.0,0.04,0.10344827586206896,0.3352941176470588
2024,"jarvis, bryce",1024,95.8,-0.12559527761856581,0.0,0.05555555555555555,0.1875,0.36363636363636365,0.4444444444444444,0.59375,0.11538461538461539,0.15,0.3076923076923077,0.3333333333333333,0.12121212121212122,0.038461538461538464,0.030303030303030304,0.4030612244897959
2024,"pérez, martín",2208,95.8,-0.1256527091404899,0.11764705882352941,0.10638297872340426,0.125,0.38235294117647056,0.3617021276595745,0.38636363636363635,0.09433962264150944,0.06666666666666667,0.330188679245283,0.40606060606060607,0.08,0.09433962264150944,0.08,0.3542234332425068
2024,"muller, kyle",739,95.6,-0.13132951208425023,0.1,0.07142857142857142,0.08,0.3,0.2857142857142857,0.56,0.037037037037037035,0.06349206349206349,0.4444444444444444,0.3492063492063492,0.5,0.037037037037037035,0.0,0.27611940298507465
2024,"molina, anthony",1053,95.6,-0.13172072748348648,0.0625,0.08333333333333333,0.022727272727272728,0.4375,0.2916666666666667,0.36363636363636365,0.13157894736842105,0.0851063829787234,0.6052631578947368,0.3191489361702128,0.2608695652173913,0.02631578947368421,0.13043478260869565,0.4057971014492754
2024,"harris, hogan",1213,95.6,-0.13097633422441823,0.15384615384615385,0.07142857142857142,0.13953488372093023,0.15384615384615385,0.42857142857142855,0.3023255813953488,0.08333333333333333,0.15294117647058825,0.375,0.36470588235294116,0.02857142857142857,0.08333333333333333,0.08571428571428572,0.38028169014084506
2024,"puk, a. j.",1181,95.5,-0.13341890753495106,0.0,0.0,0.16666666666666666,0.5,0.3333333333333333,0.26666666666666666,0.17391304347826086,0.1875,0.2391304347826087,0.40625,0.03571428571428571,0.06521739130434782,0.14285714285714285,0.33488372093023255
2024,"peralta, wandy",616,95.4,-0.1372449372843911,0.0,0.08333333333333333,0.0625,0.6,0.0,0.375,0.15384615384615385,0.08108108108108109,0.34615384615384615,0.3783783783783784,0.15384615384615385,0.07692307692307693,0.23076923076923078,0.3805309734513274
2024,"megill, tylor",1367,95.4,-0.13818524089313639,0.047619047619047616,0.047619047619047616,0.15789473684210525,0.42857142857142855,0.38095238095238093,0.39473684210526316,0.08,0.12195121951219512,0.46,0.4268292682926829,0.058823529411764705,0.08,0.08823529411764706,0.3584905660377358
2024,"lynn, lance",2040,95.3,-0.1414357393916808,0.18181818181818182,0.034482758620689655,0.08641975308641975,0.48484848484848486,0.4482758620689655,0.41975308641975306,0.07142857142857142,0.1056338028169014,0.42857142857142855,0.34507042253521125,0.022222222222222223,0.08333333333333333,0.08888888888888889,0.4398976982097187
2024,"bido, osvaldo",1057,95.2,-0.14374578029043553,0.0,0.1111111111111111,0.05,0.6,0.6666666666666666,0.55,0.10869565217391304,0.09411764705882353,0.3695652173913043,0.43529411764705883,0.034482758620689655,0.06521739130434782,0.10344827586206896,0.4174757281553398
2024,"morgan, eli",649,95.2,-0.14518453264780898,0.3333333333333333,0.2,0.1111111111111111,0.0,0.4,0.3333333333333333,0.05714285714285714,0.03333333333333333,0.5142857142857142,0.36666666666666664,0.0,0.08571428571428572,0.0,0.35507246376811596
2024,"cease, dylan",3188,95.0,-0.1494633850147236,0.16216216216216217,0.13157894736842105,0.125,0.4594594594594595,0.34210526315789475,0.4,0.08571428571428572,0.07920792079207921,0.49523809523809526,0.44554455445544555,0.030303030303030304,0.009523809523809525,0.045454545454545456,0.4148936170212766
2024,"musgrove, joe",1582,94.9,-0.1536505318892716,0.18518518518518517,0.125,0.14,0.4074074074074074,0.4166666666666667,0.4,0.14285714285714285,0.05217391304347826,0.3469387755102041,0.24347826086956523,0.03333333333333333,0.08163265306122448,0.03333333333333333,0.4269230769230769
2024,"moore, matt",859,94.7,-0.15912737821193157,0.0,0.2,0.10526315789473684,0.3333333333333333,0.5,0.42105263157894735,0.03225806451612903,0.0784313725490196,0.41935483870967744,0.39215686274509803,0.041666666666666664,0.0967741935483871,0.16666666666666666,0.375
2024,"bello, brayan",2713,94.6,-0.16289547347817068,0.12121212121212122,0.13725490196078433,0.09523809523809523,0.42424242424242425,0.35294117647058826,0.3047619047619048,0.13333333333333333,0.13131313131313133,0.32592592592592595,0.3939393939393939,0.06944444444444445,0.07407407407407407,0.05555555555555555,0.37748344370860926
2024,"sánchez, sixto",622,94.4,-0.16702351920202643,0.125,0.09090909090909091,0.038461538461538464,0.5,0.45454545454545453,0.3076923076923077,0.08,0.05,0.52,0.5166666666666667,0.17647058823529413,0.04,0.11764705882352941,0.2809917355371901
2024,"phillips, tyler",578,94.2,-0.17380974261607693,0.0,0.0,0.10344827586206896,0.5,0.6428571428571429,0.5862068965517241,0.08823529411764706,0.061224489795918366,0.38235294117647056,0.2857142857142857,0.2222222222222222,0.11764705882352941,0.1111111111111111,0.3684210526315789
2024,"faucher, calvin",1000,94.1,-0.177252515108376,0.09090909090909091,0.1111111111111111,0.037037037037037035,0.09090909090909091,0.2222222222222222,0.4074074074074074,0.17391304347826086,0.1702127659574468,0.43478260869565216,0.425531914893617,0.09523809523809523,0.043478260869565216,0.14285714285714285,0.41818181818181815
2024,"luzardo, jesús",1084,94.1,-0.1781461453520338,0.05555555555555555,0.0,0.11428571428571428,0.5,0.5,0.45714285714285713,0.21428571428571427,0.10843373493975904,0.38095238095238093,0.30120481927710846,0.08695652173913043,0.11904761904761904,0.043478260869565216,0.40555555555555556
2024,"peterson, david",1875,94.1,-0.1778719533281953,0.11538461538461539,0.10344827586206896,0.12903225806451613,0.46153846153846156,0.3793103448275862,0.4032258064516129,0.16455696202531644,0.0948905109489051,0.43037974683544306,0.30656934306569344,0.057692307692307696,0.06329113924050633,0.038461538461538464,0.40460526315789475
2024,"kahnle, tommy",754,94.0,-0.18023205231250888,0.0,0.125,0.07142857142857142,0.8,0.375,0.42857142857142855,0.12,0.11428571428571428,0.52,0.5428571428571428,0.0,0.0,0.11764705882352941,0.39316239316239315
2024,"ramírez, yohan",774,94.0,-0.17925886792081305,0.0,0.0,0.0,0.625,0.5454545454545454,0.4583333333333333,0.08571428571428572,0.12,0.4857142857142857,0.58,0.04,0.05714285714285714,0.24,0.38095238095238093
2024,"zerpa, angel",959,94.0,-0.17931509588154151,0.14285714285714285,0.16666666666666666,0.15,0.2857142857142857,0.5,0.4,0.1111111111111111,0.07142857142857142,0.2962962962962963,0.35714285714285715,0.058823529411764705,0.037037037037037035,0.058823529411764705,0.36627906976744184
2024,"ottavino, adam",1007,93.8,-0.18708048856471213,0.2,0.1,0.08333333333333333,0.4,0.4,0.2916666666666667,0.13333333333333333,0.16326530612244897,0.26666666666666666,0.3469387755102041,0.0,0.06666666666666667,0.08333333333333333,0.3389830508474576
2024,"chafin, andrew",979,93.8,-0.18446144603767511,0.125,0.2,0.10526315789473684,0.5,0.6,0.42105263157894735,0.15789473684210525,0.025,0.2631578947368421,0.225,0.11538461538461539,0.0,0.07692307692307693,0.410958904109589
2024,"paxton, james",1708,93.7,-0.1884887136803224,0.08,0.11538461538461539,0.12280701754385964,0.2,0.5,0.3508771929824561,0.13559322033898305,0.15037593984962405,0.3728813559322034,0.48120300751879697,0.0425531914893617,0.03389830508474576,0.0851063829787234,0.367601246105919
2024,"mazur, adam",585,93.7,-0.18979510885852216,0.0,0.0,0.22727272727272727,0.3333333333333333,0.42857142857142855,0.45454545454545453,0.1875,0.15555555555555556,0.25,0.4,0.09523809523809523,0.0,0.09523809523809523,0.4
2024,"ureña, josé",1769,93.7,-0.18858099295776468,0.11538461538461539,0.07317073170731707,0.06896551724137931,0.2692307692307692,0.4146341463414634,0.3793103448275862,0.13793103448275862,0.13768115942028986,0.42528735632183906,0.5144927536231884,0.10526315789473684,0.11494252873563218,0.02631578947368421,0.39649122807017545
2024,"corbin, patrick",2889,93.5,-0.19615586871632495,0.1590909090909091,0.11764705882352941,0.12903225806451613,0.36363636363636365,0.4117647058823529,0.4112903225806452,0.06504065040650407,0.04950495049504951,0.36585365853658536,0.37623762376237624,0.12727272727272726,0.13008130081300814,0.03636363636363636,0.4015748031496063
2024,"booser, cam",699,93.4,-0.19771606665516578,0.125,0.25,0.047619047619047616,0.25,0.5,0.42857142857142855,0.09523809523809523,0.05555555555555555,0.3333333333333333,0.3888888888888889,0.0,0.047619047619047616,0.16666666666666666,0.35074626865671643
2024,"stroman, marcus",2668,93.0,-0.2087050005658256,0.15625,0.13636363636363635,0.07407407407407407,0.34375,0.4090909090909091,0.3333333333333333,0.10619469026548672,0.13368983957219252,0.504424778761062,0.45989304812834225,0.05084745762711865,0.07079646017699115,0.03389830508474576,0.4073226544622426
2024,"severino, luis",2892,92.8,-0.21508601450498238,0.13333333333333333,0.21052631578947367,0.10416666666666667,0.3333333333333333,0.2894736842105263,0.4270833333333333,0.08,0.08225108225108226,0.36,0.354978354978355,0.07142857142857142,0.06666666666666667,0.1,0.35467980295566504
2024,"martinez, justin",1201,92.8,-0.21482800272245883,0.25,0.08333333333333333,0.1,0.25,0.25,0.3333333333333333,0.1276595744680851,0.11538461538461539,0.3191489361702128,0.36538461538461536,0.06896551724137931,0.0425531914893617,0.10344827586206896,0.4426229508196721
2024,"domínguez, seranthony",1064,92.7,-0.2189011218645088,0.0,0.0,0.09090909090909091,0.5294117647058824,0.5833333333333334,0.5,0.13793103448275862,0.1509433962264151,0.3448275862068966,0.4528301886792453,0.09523809523809523,0.10344827586206896,0.09523809523809523,0.4320388349514563
2024,"lodolo, nick",1865,92.6,-0.22070883107025546,0.24,0.07692307692307693,0.10416666666666667,0.24,0.3076923076923077,0.3125,0.10606060606060606,0.09420289855072464,0.30303030303030304,0.2971014492753623,0.09433962264150944,0.06060606060606061,0.1509433962264151,0.3841059602649007
2024,"flexen, chris",2799,92.6,-0.2215655849782035,0.125,0.16666666666666666,0.09473684210526316,0.5,0.5238095238095238,0.43157894736842106,0.056910569105691054,0.07111111111111111,0.3983739837398374,0.4266666666666667,0.06557377049180328,0.04878048780487805,0.08196721311475409,0.38004246284501064
2024,"hudson, dakota",1512,92.5,-0.22395662719689605,0.0,0.06666666666666667,0.08928571428571429,0.23529411764705882,0.3333333333333333,0.3392857142857143,0.14285714285714285,0.16521739130434782,0.5079365079365079,0.41739130434782606,0.1568627450980392,0.09523809523809523,0.13725490196078433,0.4325581395348837
2024,"rodríguez, randy",879,92.5,-0.2255945906496595,0.14285714285714285,0.09090909090909091,0.15789473684210525,0.42857142857142855,0.36363636363636365,0.3157894736842105,0.11428571428571428,0.07936507936507936,0.4,0.4603174603174603,0.10526315789473684,0.05714285714285714,0.05263157894736842,0.32450331125827814
2024,"buehler, walker",1336,92.5,-0.2260450356464672,0.058823529411764705,0.1,0.13043478260869565,0.47058823529411764,0.45,0.41304347826086957,0.08333333333333333,0.050505050505050504,0.43333333333333335,0.36363636363636365,0.09375,0.08333333333333333,0.15625,0.3598326359832636
2024,"hancock, emerson",1015,92.4,-0.22627243178999298,0.05555555555555555,0.05,0.13636363636363635,0.3333333333333333,0.35,0.4090909090909091,0.16666666666666666,0.10126582278481013,0.37037037037037035,0.3670886075949367,0.041666666666666664,0.037037037037037035,0.20833333333333334,0.36597938144329895
2024,"aguiar, julian",532,92.2,-0.2329418140841089,0.16666666666666666,0.07692307692307693,0.07692307692307693,0.16666666666666666,0.3076923076923077,0.3076923076923077,0.15384615384615385,0.12280701754385964,0.46153846153846156,0.45614035087719296,0.0625,0.07692307692307693,0.125,0.3577981651376147
2024,"weathers, ryan",1417,92.2,-0.2329215941158726,0.10526315789473684,0.1935483870967742,0.11627906976744186,0.42105263157894735,0.5161290322580645,0.4186046511627907,0.07017543859649122,0.06956521739130435,0.38596491228070173,0.4,0.06451612903225806,0.03508771929824561,0.0967741935483871,0.40350877192982454
2024,"strickland, hunter",1166,92.1,-0.23577400024221723,0.16666666666666666,0.07692307692307693,0.1935483870967742,0.5,0.5384615384615384,0.4838709677419355,0.1282051282051282,0.05333333333333334,0.3333333333333333,0.37333333333333335,0.043478260869565216,0.05128205128205128,0.0,0.32057416267942584
2024,"gore, mackenzie",2995,92.0,-0.23838747490372275,0.16129032258064516,0.09090909090909091,0.10576923076923077,0.45161290322580644,0.4318181818181818,0.4423076923076923,0.07142857142857142,0.07262569832402235,0.35714285714285715,0.39664804469273746,0.06756756756756757,0.08928571428571429,0.10810810810810811,0.3528428093645485
2024,"anderson, nick",578,92.0,-0.23842902629478582,0.2857142857142857,0.1111111111111111,0.09523809523809523,0.2857142857142857,0.3333333333333333,0.42857142857142855,0.10526315789473684,0.09090909090909091,0.3684210526315789,0.24242424242424243,0.07142857142857142,0.05263157894736842,0.07142857142857142,0.3953488372093023
2024,"walker, ryan",1225,92.0,-0.2406094422372625,0.3333333333333333,0.07142857142857142,0.06896551724137931,0.3333333333333333,0.5,0.41379310344827586,0.05714285714285714,0.10344827586206896,0.37142857142857144,0.41379310344827586,0.0,0.02857142857142857,0.08,0.37383177570093457
2024,"greene, hunter",2563,91.8,-0.24620110113649835,0.0,0.16,0.13333333333333333,0.47058823529411764,0.36,0.38333333333333336,0.10679611650485436,0.14814814814814814,0.4368932038834951,0.42857142857142855,0.0410958904109589,0.06796116504854369,0.1095890410958904,0.33643122676579923
2024,"sandoval, patrick",1455,91.6,-0.2506588034252607,0.09090909090909091,0.17647058823529413,0.10638297872340426,0.2727272727272727,0.47058823529411764,0.5106382978723404,0.1095890410958904,0.11702127659574468,0.3698630136986301,0.3829787234042553,0.14705882352941177,0.0547945205479452,0.029411764705882353,0.3438735177865613
2024,"gibson, kyle",2765,91.6,-0.25220074414774857,0.10869565217391304,0.1794871794871795,0.13402061855670103,0.2608695652173913,0.3333333333333333,0.44329896907216493,0.06923076923076923,0.07575757575757576,0.5076923076923077,0.4494949494949495,0.08955223880597014,0.06153846153846154,0.07462686567164178,0.42780748663101603
2024,"keller, brad",744,91.6,-0.25148785024378184,0.2,0.13333333333333333,0.13636363636363635,0.26666666666666666,0.2,0.2727272727272727,0.058823529411764705,0.11864406779661017,0.38235294117647056,0.4406779661016949,0.2,0.11764705882352941,0.0,0.40476190476190477
2024,"bellozo, valente",1098,91.2,-0.2635041274908859,0.0,0.10526315789473684,0.1111111111111111,0.6086956521739131,0.6842105263157895,0.6388888888888888,0.09523809523809523,0.09433962264150944,0.42857142857142855,0.46226415094339623,0.045454545454545456,0.023809523809523808,0.09090909090909091,0.3411764705882353
2024,"garcía, luis",904,91.2,-0.2634092019383169,0.09090909090909091,0.125,0.12903225806451613,0.36363636363636365,0.4375,0.3225806451612903,0.0967741935483871,0.047619047619047616,0.4838709677419355,0.47619047619047616,0.21428571428571427,0.06451612903225806,0.07142857142857142,0.36774193548387096
2024,"garrett, reed",984,91.2,-0.2625731755861711,0.16666666666666666,0.1111111111111111,0.08695652173913043,0.16666666666666666,0.4444444444444444,0.34782608695652173,0.13333333333333333,0.15384615384615385,0.4666666666666667,0.38461538461538464,0.038461538461538464,0.03333333333333333,0.11538461538461539,0.3716216216216216
2024,"richards, trevor",1182,91.2,-0.2646579098897489,0.2,0.0,0.043478260869565216,0.5,0.5714285714285714,0.43478260869565216,0.1388888888888889,0.1323529411764706,0.4722222222222222,0.4264705882352941,0.0,0.027777777777777776,0.12121212121212122,0.40271493212669685
2024,"hernández, jonathan",767,91.1,-0.26585774325388634,0.0,0.0,0.0,0.6666666666666666,0.625,0.5217391304347826,0.08333333333333333,0.175,0.4583333333333333,0.575,0.07692307692307693,0.041666666666666664,0.19230769230769232,0.344
2024,"koenig, jared",1033,91.1,-0.26800181029355696,0.16666666666666666,0.14285714285714285,0.22727272727272727,0.4166666666666667,0.14285714285714285,0.36363636363636365,0.047619047619047616,0.05084745762711865,0.35714285714285715,0.4745762711864407,0.0,0.023809523809523808,0.14285714285714285,0.3826530612244898
2024,"kuhl, chad",984,91.0,-0.2682034816599856,0.0,0.125,0.14285714285714285,0.375,0.25,0.42857142857142855,0.09375,0.15789473684210525,0.40625,0.42105263157894735,0.10714285714285714,0.0625,0.14285714285714285,0.41379310344827586
2024,"mccaughan, darren",714,90.9,-0.2722066126462804,0.08333333333333333,0.2222222222222222,0.13333333333333333,0.4166666666666667,0.4444444444444444,0.4,0.14705882352941177,0.06557377049180328,0.35294117647058826,0.3114754098360656,0.0,0.08823529411764706,0.09523809523809523,0.3888888888888889
2024,"honeywell, brent",595,90.9,-0.2738428327710646,0.3333333333333333,0.0,0.11764705882352941,0.8333333333333334,0.5,0.47058823529411764,0.037037037037037035,0.05,0.5555555555555556,0.375,0.0,0.037037037037037035,0.0,0.4298245614035088
2024,"fulmer, carson",1490,90.9,-0.272170010890502,0.13043478260869565,0.14285714285714285,0.14583333333333334,0.391304347826087,0.39285714285714285,0.3958333333333333,0.06521739130434782,0.08,0.34782608695652173,0.41,0.027777777777777776,0.10869565217391304,0.1111111111111111,0.3548387096774194
2024,"faedo, alex",1007,90.7,-0.2776351383058418,0.2,0.0,0.1,0.2,0.25,0.3333333333333333,0.17857142857142858,0.21428571428571427,0.42857142857142855,0.3392857142857143,0.03333333333333333,0.03571428571428571,0.13333333333333333,0.41420118343195267
2024,"lynch, daniel",631,90.7,-0.27802460051388156,0.1,0.1111111111111111,0.2,0.1,0.2222222222222222,0.2,0.23809523809523808,0.1568627450980392,0.6190476190476191,0.43137254901960786,0.0,0.09523809523809523,0.0,0.4725274725274725
2024,"quantrill, cal",2645,90.7,-0.27737412909632975,0.15151515151515152,0.1111111111111111,0.12941176470588237,0.2727272727272727,0.3611111111111111,0.5058823529411764,0.1188118811881188,0.12972972972972974,0.3465346534653465,0.33513513513513515,0.0410958904109589,0.0594059405940594,0.0958904109589041,0.37945492662473795
2024,"fried, max",2766,90.5,-0.28610797895479706,0.21739130434782608,0.19444444444444445,0.12222222222222222,0.30434782608695654,0.4166666666666667,0.3333333333333333,0.07586206896551724,0.09223300970873786,0.35172413793103446,0.3640776699029126,0.07936507936507936,0.06896551724137931,0.047619047619047616,0.3784355179704017
2024,"yarbrough, ryan",1527,89.9,-0.30208268493197116,0.17647058823529413,0.07692307692307693,0.046511627906976744,0.47058823529411764,0.6923076923076923,0.3953488372093023,0.1375,0.13333333333333333,0.35,0.3333333333333333,0.02631578947368421,0.0375,0.13157894736842105,0.3837638376383764
2024,"pallante, andre",1981,89.4,-0.31908117043071693,0.09090909090909091,0.14705882352941177,0.1276595744680851,0.45454545454545453,0.38235294117647056,0.5319148936170213,0.09803921568627451,0.12582781456953643,0.43137254901960786,0.4304635761589404,0.0425531914893617,0.08823529411764706,0.0425531914893617,0.4146341463414634
2024,"walker, taijuan",1435,89.3,-0.32206549097365345,0.17142857142857143,0.0967741935483871,0.11864406779661017,0.34285714285714286,0.41935483870967744,0.3728813559322034,0.061224489795918366,0.1308411214953271,0.3673469387755102,0.3925233644859813,0.07894736842105263,0.10204081632653061,0.10526315789473684,0.43333333333333335
2024,"verlander, justin",1580,88.9,-0.3331540835955853,0.05263157894736842,0.1111111111111111,0.08163265306122448,0.47368421052631576,0.6666666666666666,0.3673469387755102,0.03125,0.09027777777777778,0.484375,0.3958333333333333,0.0625,0.0625,0.25,0.3396825396825397
2024,"banda, anthony",797,88.8,-0.33632638781673824,0.375,0.07142857142857142,0.15789473684210525,0.5,0.2857142857142857,0.2631578947368421,0.041666666666666664,0.0,0.375,0.36585365853658536,0.07142857142857142,0.125,0.07142857142857142,0.2765957446808511
2024,"canning, griffin",2876,88.7,-0.33825307377661923,0.09090909090909091,0.15789473684210525,0.12871287128712872,0.4318181818181818,0.45614035087719296,0.49504950495049505,0.10476190476190476,0.11555555555555555,0.41904761904761906,0.4222222222222222,0.1044776119402985,0.0761904761904762,0.029850746268656716,0.37598425196850394
2024,"díaz, edwin",914,88.4,-0.34680221264504585,0.0,0.0,0.16666666666666666,0.6666666666666666,0.6,0.5,0.125,0.14285714285714285,0.4166666666666667,0.3142857142857143,0.043478260869565216,0.041666666666666664,0.17391304347826086,0.3712574850299401
2024,"erceg, lucas",955,88.4,-0.3467009235912391,0.125,0.1111111111111111,0.1111111111111111,0.5,0.4444444444444444,0.25925925925925924,0.09302325581395349,0.0784313725490196,0.46511627906976744,0.45098039215686275,0.1111111111111111,0.046511627906976744,0.16666666666666666,0.33774834437086093
2024,"muñoz, andrés",964,88.3,-0.3501435728538317,0.1111111111111111,0.0,0.06666666666666667,0.4444444444444444,0.42857142857142855,0.5333333333333333,0.11538461538461539,0.0851063829787234,0.5,0.48936170212765956,0.041666666666666664,0.038461538461538464,0.25,0.30597014925373134
2024,"fairbanks, pete",702,88.2,-0.35362054413796634,0.0,0.0,0.11538461538461539,1.0,0.4,0.6153846153846154,0.10344827586206896,0.11428571428571428,0.4482758620689655,0.4857142857142857,0.07142857142857142,0.034482758620689655,0.14285714285714285,0.35294117647058826
2024,"devenski, chris",534,88.2,-0.35456065758600996,0.125,0.0,0.05555555555555555,0.375,0.4166666666666667,0.2777777777777778,0.06666666666666667,0.16666666666666666,0.3333333333333333,0.3333333333333333,0.08333333333333333,0.2,0.25,0.3956043956043956
2024,"elder, bryce",864,88.1,-0.35726538539368713,0.21428571428571427,0.08333333333333333,0.10714285714285714,0.5,0.4166666666666667,0.4642857142857143,0.0625,0.1111111111111111,0.40625,0.4444444444444444,0.0,0.0625,0.11764705882352941,0.35
2024,"winn, keaton",877,88.1,-0.35522074487550304,0.15384615384615385,0.09523809523809523,0.14814814814814814,0.46153846153846156,0.2857142857142857,0.37037037037037035,0.041666666666666664,0.0784313725490196,0.375,0.4117647058823529,0.13043478260869565,0.125,0.13043478260869565,0.31843575418994413
2024,"povich, cade",1392,88.0,-0.36033897992883895,0.09090909090909091,0.16666666666666666,0.10526315789473684,0.5909090909090909,0.6666666666666666,0.5263157894736842,0.08196721311475409,0.07563025210084033,0.39344262295081966,0.3697478991596639,0.03225806451612903,0.03278688524590164,0.12903225806451613,0.32196969696969696
2024,"black, mason",663,88.0,-0.35885517545470547,0.09090909090909091,0.0,0.03225806451612903,0.5454545454545454,0.8,0.5483870967741935,0.17857142857142858,0.19230769230769232,0.5357142857142857,0.36538461538461536,0.0,0.0,0.13333333333333333,0.30344827586206896
2024,"roycroft, chris",596,87.9,-0.36398307487597314,0.0,0.2,0.15384615384615385,0.5,0.0,0.15384615384615385,0.16,0.08823529411764706,0.36,0.35294117647058826,0.05555555555555555,0.04,0.3333333333333333,0.3944954128440367
2024,"priester, quinn",811,87.6,-0.37093730284345766,0.0,0.15789473684210525,0.15625,0.5,0.5789473684210527,0.625,0.11904761904761904,0.057971014492753624,0.40476190476190477,0.42028985507246375,0.0,0.09523809523809523,0.11764705882352941,0.3333333333333333
2024,"cabrera, edward",1734,87.5,-0.3744493114273189,0.05,0.18518518518518517,0.18867924528301888,0.4,0.2962962962962963,0.39622641509433965,0.1076923076923077,0.11650485436893204,0.38461538461538464,0.42718446601941745,0.020833333333333332,0.07692307692307693,0.125,0.38064516129032255
2024,"hodge, porter",643,87.4,-0.378876613159964,0.3333333333333333,0.0,0.1111111111111111,0.3333333333333333,0.4,0.1111111111111111,0.15789473684210525,0.08333333333333333,0.3684210526315789,0.3888888888888889,0.05555555555555555,0.0,0.2222222222222222,0.3564356435643564
2024,"weems, jordan",734,87.2,-0.3845853916809053,0.18181818181818182,0.07142857142857142,0.12,0.45454545454545453,0.21428571428571427,0.32,0.15384615384615385,0.06976744186046512,0.38461538461538464,0.27906976744186046,0.21739130434782608,0.038461538461538464,0.17391304347826086,0.348993288590604
2024,"civale, aaron",2700,87.2,-0.38251698853603616,0.14705882352941177,0.1111111111111111,0.17073170731707318,0.5,0.4722222222222222,0.4268292682926829,0.1111111111111111,0.06598984771573604,0.3838383838383838,0.3350253807106599,0.03636363636363636,0.08080808080808081,0.10909090909090909,0.41163793103448276
2024,"jones, jared",1916,87.1,-0.38739270196778774,0.1935483870967742,0.20689655172413793,0.14285714285714285,0.3870967741935484,0.4827586206896552,0.49206349206349204,0.05714285714285714,0.06060606060606061,0.32857142857142857,0.3560606060606061,0.04878048780487805,0.08571428571428572,0.07317073170731707,0.34349030470914127
2024,"chargois, j. t.",530,87.1,-0.38595282596944913,0.25,0.18181818181818182,0.15,0.5,0.18181818181818182,0.3,0.07692307692307693,0.058823529411764705,0.46153846153846156,0.4117647058823529,0.07692307692307693,0.15384615384615385,0.0,0.3146067415730337
2024,"montas, frankie",2638,87.1,-0.38566614269091165,0.16216216216216217,0.09090909090909091,0.11688311688311688,0.3783783783783784,0.3409090909090909,0.4025974025974026,0.1,0.11475409836065574,0.35454545454545455,0.43169398907103823,0.1323529411764706,0.06363636363636363,0.1323529411764706,0.3850574712643678
2024,"anderson, tyler",2921,87.0,-0.3890650141022531,0.11904761904761904,0.08333333333333333,0.16326530612244897,0.4523809523809524,0.4166666666666667,0.47959183673469385,0.1267605633802817,0.08627450980392157,0.4295774647887324,0.39215686274509803,0.05333333333333334,0.06338028169014084,0.12,0.3463114754098361
2024,"holderman, colin",870,86.6,-0.40172075044824707,0.15384615384615385,0.1111111111111111,0.16,0.3076923076923077,0.5555555555555556,0.32,0.18181818181818182,0.13333333333333333,0.30303030303030304,0.4222222222222222,0.03571428571428571,0.06060606060606061,0.07142857142857142,0.36879432624113473
2024,"meyer, max",968,86.3,-0.4106337177669144,0.08333333333333333,0.15384615384615385,0.0967741935483871,0.4583333333333333,0.4230769230769231,0.3870967741935484,0.0975609756097561,0.10975609756097561,0.5365853658536586,0.5,0.047619047619047616,0.07317073170731707,0.14285714285714285,0.39644970414201186
2024,"wicks, jordan",852,86.3,-0.409945272859718,0.07692307692307693,0.3333333333333333,0.0625,0.5384615384615384,0.5,0.40625,0.05714285714285714,0.14516129032258066,0.4857142857142857,0.45161290322580644,0.045454545454545456,0.05714285714285714,0.045454545454545456,0.3651685393258427
2024,"birdsong, hayden",1388,85.9,-0.4236388666104642,0.13333333333333333,0.05555555555555555,0.10344827586206896,0.4,0.5,0.6896551724137931,0.125,0.15151515151515152,0.375,0.3787878787878788,0.022727272727272728,0.03125,0.13636363636363635,0.40869565217391307
2024,"young, danny",700,85.9,-0.42318422093473906,0.3333333333333333,0.0,0.125,0.16666666666666666,0.3333333333333333,0.4375,0.0,0.08,0.5263157894736842,0.44,0.05263157894736842,0.05263157894736842,0.21052631578947367,0.46153846153846156
2024,"kremer, dean",2171,85.8,-0.42420129035561976,0.16666666666666666,0.15384615384615385,0.14473684210526316,0.5277777777777778,0.34615384615384615,0.3815789473684211,0.12380952380952381,0.11585365853658537,0.38095238095238093,0.38414634146341464,0.0784313725490196,0.06666666666666667,0.058823529411764705,0.38817480719794345
2024,"cantillo, joey",711,85.5,-0.4351933689173042,0.0,0.125,0.058823529411764705,0.5714285714285714,0.375,0.5294117647058824,0.125,0.14285714285714285,0.5,0.5102040816326531,0.0,0.08333333333333333,0.21428571428571427,0.3611111111111111
2024,"beeks, jalen",1195,85.4,-0.4364652142288594,0.09090909090909091,0.18181818181818182,0.08571428571428572,0.45454545454545453,0.45454545454545453,0.37142857142857144,0.08695652173913043,0.07042253521126761,0.5652173913043478,0.49295774647887325,0.09523809523809523,0.08695652173913043,0.14285714285714285,0.395
2024,"rodríguez, yariel",1502,85.3,-0.4392565104129341,0.14285714285714285,0.125,0.10416666666666667,0.2857142857142857,0.25,0.4375,0.09836065573770492,0.11214953271028037,0.45901639344262296,0.4485981308411215,0.1,0.04918032786885246,0.2,0.3408239700374532
2024,"buttó, josé",1223,85.3,-0.4395803115651597,0.15384615384615385,0.0,0.16666666666666666,0.5384615384615384,0.2,0.4166666666666667,0.175,0.14666666666666667,0.325,0.36,0.10256410256410256,0.0,0.1794871794871795,0.4603174603174603
2024,"vesia, alex",1124,85.2,-0.4424091498048633,0.07142857142857142,0.125,0.11764705882352941,0.5,0.5,0.35294117647058826,0.125,0.18518518518518517,0.40625,0.46296296296296297,0.0,0.0625,0.14285714285714285,0.386046511627907
2024,"lorenzen, michael",2093,85.2,-0.44291809617815664,0.16666666666666666,0.13157894736842105,0.13636363636363635,0.36666666666666664,0.42105263157894735,0.4393939393939394,0.13541666666666666,0.12790697674418605,0.34375,0.37209302325581395,0.08064516129032258,0.052083333333333336,0.0967741935483871,0.42528735632183906
2024,"brazobán, huascar",903,84.7,-0.45711456204992745,0.16666666666666666,0.0,0.13043478260869565,0.6666666666666666,0.5,0.4782608695652174,0.125,0.13793103448275862,0.4791666666666667,0.5344827586206896,0.037037037037037035,0.041666666666666664,0.07407407407407407,0.3132530120481928
2024,"houser, adrian",1131,84.6,-0.4613400817073865,0.2222222222222222,0.11764705882352941,0.06896551724137931,0.4444444444444444,0.35294117647058826,0.41379310344827586,0.1875,0.16279069767441862,0.34375,0.45348837209302323,0.02857142857142857,0.0,0.11428571428571428,0.42702702702702705
2024,"cousins, jake",649,84.3,-0.4703780753024484,0.0,0.3333333333333333,0.07692307692307693,0.6,0.6666666666666666,0.46153846153846156,0.15,0.17391304347826086,0.35,0.34782608695652173,0.05,0.1,0.0,0.32673267326732675
2024,"kershaw, clayton",508,84.0,-0.4781023753186059,0.3333333333333333,0.25,0.17391304347826086,0.3333333333333333,0.3333333333333333,0.21739130434782608,0.047619047619047616,0.07894736842105263,0.42857142857142855,0.3684210526315789,0.0,0.14285714285714285,0.0,0.34
2024,"wentz, joey",1229,83.9,-0.4827991210657986,0.09090909090909091,0.07692307692307693,0.10714285714285714,0.5454545454545454,0.46153846153846156,0.35714285714285715,0.2,0.1527777777777778,0.45714285714285713,0.4583333333333333,0.03225806451612903,0.02857142857142857,0.16129032258064516,0.36792452830188677
2024,"tinoco, jesús",648,83.6,-0.4923463629361031,0.14285714285714285,0.125,0.18181818181818182,0.42857142857142855,0.375,0.2727272727272727,0.041666666666666664,0.0,0.5,0.4,0.0,0.041666666666666664,0.36363636363636365,0.29365079365079366
2024,"hicks, jordan",1960,83.5,-0.4956058039761781,0.26666666666666666,0.16666666666666666,0.07407407407407407,0.36666666666666664,0.3611111111111111,0.37037037037037035,0.1388888888888889,0.11570247933884298,0.4027777777777778,0.38016528925619836,0.07407407407407407,0.041666666666666664,0.1111111111111111,0.4179566563467492
2024,"mcgough, scott",578,83.1,-0.5058767087637098,0.18181818181818182,0.08333333333333333,0.06666666666666667,0.36363636363636365,0.4166666666666667,0.4666666666666667,0.18181818181818182,0.15789473684210525,0.18181818181818182,0.34210526315789475,0.19047619047619047,0.18181818181818182,0.047619047619047616,0.42857142857142855
2024,"peguero, elvis",839,83.0,-0.5084085414677019,0.2,0.36363636363636365,0.08333333333333333,0.4,0.45454545454545453,0.375,0.08695652173913043,0.13333333333333333,0.391304347826087,0.3333333333333333,0.13043478260869565,0.043478260869565216,0.0,0.3082706766917293
2024,"thielbar, caleb",895,82.8,-0.515076930007769,0.36363636363636365,0.16666666666666666,0.047619047619047616,0.2727272727272727,0.25,0.42857142857142855,0.07407407407407407,0.08333333333333333,0.5185185185185185,0.4166666666666667,0.047619047619047616,0.1111111111111111,0.09523809523809523,0.3314917127071823
2024,"kimbrel, craig",969,82.4,-0.5285642304692392,0.2,0.1,0.13043478260869565,0.5,0.3,0.391304347826087,0.15,0.1935483870967742,0.35,0.3548387096774194,0.030303030303030304,0.05,0.12121212121212122,0.3374233128834356
2024,"muñoz, roddery",1486,82.1,-0.5351481628981484,0.14285714285714285,0.07407407407407407,0.1346153846153846,0.42857142857142855,0.48148148148148145,0.40384615384615385,0.16666666666666666,0.15625,0.375,0.4375,0.20930232558139536,0.020833333333333332,0.06976744186046512,0.47265625
2024,"suarez, josé",990,82.0,-0.5403971075915244,0.08333333333333333,0.23076923076923078,0.14285714285714285,0.4166666666666667,0.5384615384615384,0.42857142857142855,0.20512820512820512,0.125,0.4358974358974359,0.4107142857142857,0.0,0.05128205128205128,0.07142857142857142,0.38596491228070173
2024,"barlow, scott",1027,82.0,-0.5393814075730072,0.14285714285714285,0.1111111111111111,0.037037037037037035,0.14285714285714285,0.1111111111111111,0.37037037037037035,0.2,0.2631578947368421,0.5,0.42105263157894735,0.1,0.03333333333333333,0.2,0.4391891891891892
2024,"montero, rafael",683,81.8,-0.5454790438595056,0.2,0.14285714285714285,0.1,0.4,0.5714285714285714,0.4,0.16666666666666666,0.16129032258064516,0.4444444444444444,0.41935483870967744,0.047619047619047616,0.05555555555555555,0.047619047619047616,0.3805970149253731
2024,"martin, davis",892,81.7,-0.5479412761330733,0.0,0.08333333333333333,0.16666666666666666,0.3,0.5,0.2916666666666667,0.20512820512820512,0.09230769230769231,0.38461538461538464,0.38461538461538464,0.15384615384615385,0.1282051282051282,0.23076923076923078,0.31547619047619047
2024,"stratton, chris",999,81.6,-0.551775087294635,0.15384615384615385,0.15384615384615385,0.1724137931034483,0.46153846153846156,0.23076923076923078,0.4482758620689655,0.1891891891891892,0.125,0.40540540540540543,0.375,0.03125,0.02702702702702703,0.125,0.3395061728395062
2024,"wood, alex",760,81.1,-0.5677698946054951,0.2,0.11764705882352941,0.17647058823529413,0.2,0.47058823529411764,0.47058823529411764,0.16666666666666666,0.1276595744680851,0.5416666666666666,0.44680851063829785,0.0,0.08333333333333333,0.045454545454545456,0.3524590163934426
2024,"baumann, mike",1069,80.5,-0.5850946883547588,0.26666666666666666,0.07692307692307693,0.14705882352941177,0.5333333333333333,0.38461538461538464,0.4117647058823529,0.043478260869565216,0.03508771929824561,0.391304347826087,0.3508771929824561,0.037037037037037035,0.13043478260869565,0.2222222222222222,0.3640552995391705
2024,"cleavinger, garrett",1057,80.4,-0.5862137798854923,0.25,0.125,0.125,0.5833333333333334,0.25,0.34375,0.24324324324324326,0.19047619047619047,0.21621621621621623,0.2619047619047619,0.027777777777777776,0.02702702702702703,0.1111111111111111,0.31443298969072164
2024,"lawrence, justin",1082,80.4,-0.5884911175224119,0.06666666666666667,0.17391304347826086,0.08888888888888889,0.6666666666666666,0.5217391304347826,0.4888888888888889,0.08333333333333333,0.12,0.4444444444444444,0.4,0.07894736842105263,0.08333333333333333,0.18421052631578946,0.3869047619047619
2024,"hall, dl",783,80.1,-0.5972031797512247,0.18181818181818182,0.3,0.13043478260869565,0.45454545454545453,0.6,0.30434782608695654,0.09090909090909091,0.09803921568627451,0.3939393939393939,0.4117647058823529,0.0,0.09090909090909091,0.08695652173913043,0.3671875
2024,"pressly, ryan",969,80.0,-0.6001457895648501,0.2222222222222222,0.26666666666666666,0.1111111111111111,0.5555555555555556,0.4666666666666667,0.2962962962962963,0.10344827586206896,0.10869565217391304,0.41379310344827586,0.391304347826087,0.1,0.06896551724137931,0.05,0.32085561497326204
2024,"bowman, matthew",501,79.9,-0.6022705631767068,0.1111111111111111,0.0,0.0,0.6666666666666666,0.8571428571428571,0.7,0.16666666666666666,0.1724137931034483,0.5555555555555556,0.3103448275862069,0.09090909090909091,0.0,0.18181818181818182,0.45121951219512196
2024,"soroka, michael",1447,79.8,-0.6057668260477321,0.2,0.09523809523809523,0.16279069767441862,0.4,0.5238095238095238,0.46511627906976744,0.1,0.07777777777777778,0.4666666666666667,0.4777777777777778,0.13333333333333333,0.1,0.06666666666666667,0.4007936507936508
2024,"scott, tanner",1179,79.7,-0.609203507771116,0.16666666666666666,0.16666666666666666,0.08333333333333333,0.6666666666666666,0.5,0.3333333333333333,0.15217391304347827,0.16071428571428573,0.3695652173913043,0.23214285714285715,0.0,0.043478260869565216,0.22580645161290322,0.2597402597402597
2024,"rainey, tanner",943,79.3,-0.6206423071409629,0.05555555555555555,0.07692307692307693,0.17857142857142858,0.5555555555555556,0.5384615384615384,0.5357142857142857,0.19047619047619047,0.19230769230769232,0.3333333333333333,0.38461538461538464,0.13793103448275862,0.0,0.10344827586206896,0.3689839572192513
2024,"maton, phil",1085,79.2,-0.6233166625993768,0.1,0.2,0.19047619047619047,0.3,0.4,0.5238095238095238,0.16216216216216217,0.11538461538461539,0.4594594594594595,0.40384615384615385,0.03225806451612903,0.0,0.16129032258064516,0.36363636363636365
2024,"brieske, beau",1161,78.9,-0.6308518868553294,0.1,0.125,0.16,0.4,0.625,0.52,0.15789473684210525,0.06944444444444445,0.5,0.4305555555555556,0.07142857142857142,0.02631578947368421,0.17857142857142858,0.319672131147541
2024,"abreu, bryan",1302,78.9,-0.6314168296262367,0.09090909090909091,0.0,0.21428571428571427,0.36363636363636365,0.46153846153846156,0.5714285714285714,0.2222222222222222,0.10909090909090909,0.5925925925925926,0.45454545454545453,0.05263157894736842,0.1111111111111111,0.07894736842105263,0.3080568720379147
2024,"cano, yennier",1012,77.6,-0.6699238782168673,0.2222222222222222,0.26666666666666666,0.14814814814814814,0.3333333333333333,0.4,0.4074074074074074,0.07692307692307693,0.08333333333333333,0.38461538461538464,0.4583333333333333,0.1,0.07692307692307693,0.1,0.36649214659685864
2024,"soriano, josé",1743,77.2,-0.6820489161498222,0.15,0.0975609756097561,0.10869565217391304,0.35,0.4146341463414634,0.41304347826086957,0.19672131147540983,0.12096774193548387,0.4918032786885246,0.43548387096774194,0.0784313725490196,0.16393442622950818,0.13725490196078433,0.3482758620689655
2024,"medina, luis",724,77.0,-0.6881176446568293,0.09090909090909091,0.0,0.12,0.5454545454545454,0.6842105263157895,0.56,0.06451612903225806,0.1346153846153846,0.5161290322580645,0.5576923076923077,0.16666666666666666,0.0967741935483871,0.16666666666666666,0.3116883116883117
2024,"pérez, cionel",865,77.0,-0.6891224387715974,0.2,0.26666666666666666,0.125,0.4,0.5333333333333333,0.5625,0.0967741935483871,0.15384615384615385,0.3548387096774194,0.25,0.03225806451612903,0.03225806451612903,0.12903225806451613,0.31654676258992803
2024,"bird, jake",688,77.0,-0.6880691184626802,0.09090909090909091,0.3125,0.2692307692307692,0.36363636363636365,0.25,0.23076923076923078,0.14285714285714285,0.11627906976744186,0.35714285714285715,0.32558139534883723,0.08333333333333333,0.07142857142857142,0.125,0.3211009174311927
2024,"kinley, tyler",1194,76.3,-0.7096465617003207,0.16666666666666666,0.26666666666666666,0.1794871794871795,0.5833333333333334,0.6,0.46153846153846156,0.11363636363636363,0.1206896551724138,0.3181818181818182,0.3793103448275862,0.0625,0.022727272727272728,0.0625,0.41232227488151657
2024,"hudson, bryan",929,76.0,-0.7193446558270106,0.3333333333333333,0.25,0.09523809523809523,0.3333333333333333,0.625,0.2857142857142857,0.09375,0.11475409836065574,0.3125,0.36065573770491804,0.10526315789473684,0.125,0.05263157894736842,0.3076923076923077
2024,"bielak, brandon",510,75.9,-0.7218023478940973,0.1,0.25,0.1111111111111111,0.6,0.375,0.5,0.13636363636363635,0.15555555555555556,0.4090909090909091,0.4444444444444444,0.0,0.09090909090909091,0.14285714285714285,0.3902439024390244
2024,"turnbull, spencer",920,75.8,-0.7254628727202161,0.2,0.2222222222222222,0.20833333333333334,0.5,0.3333333333333333,0.375,0.1,0.1346153846153846,0.425,0.38461538461538464,0.043478260869565216,0.075,0.08695652173913043,0.39473684210526316
2024,"chapman, aroldis",1130,75.6,-0.730918408261374,0.2222222222222222,0.18181818181818182,0.16666666666666666,0.4444444444444444,0.36363636363636365,0.3888888888888889,0.14285714285714285,0.05,0.2857142857142857,0.275,0.10810810810810811,0.09523809523809523,0.21621621621621623,0.3145539906103286
2024,"ferguson, caleb",948,75.5,-0.7327489853412236,0.2857142857142857,0.2727272727272727,0.08333333333333333,0.5714285714285714,0.5454545454545454,0.3333333333333333,0.14285714285714285,0.17391304347826086,0.2,0.2608695652173913,0.07692307692307693,0.05714285714285714,0.07692307692307693,0.40350877192982454
2024,"bummer, aaron",983,75.1,-0.7472790530087356,0.5,0.125,0.05,1.0,0.625,0.4,0.025,0.045454545454545456,0.375,0.4318181818181818,0.0,0.075,0.0625,0.33774834437086093
2024,"miller, erik",1271,74.6,-0.7604836458491828,0.18181818181818182,0.14285714285714285,0.125,0.36363636363636365,0.42857142857142855,0.6875,0.14705882352941177,0.2037037037037037,0.47058823529411764,0.46296296296296297,0.029411764705882353,0.029411764705882353,0.08823529411764706,0.44144144144144143
2024,"dunning, dane",1693,74.4,-0.7679786379801478,0.1935483870967742,0.10714285714285714,0.09375,0.6129032258064516,0.6428571428571429,0.578125,0.1111111111111111,0.09243697478991597,0.4603174603174603,0.4957983193277311,0.075,0.1111111111111111,0.125,0.3289036544850498
2024,"dubin, shawn",840,74.3,-0.7701697295461638,0.1111111111111111,0.1111111111111111,0.11764705882352941,0.7777777777777778,0.5555555555555556,0.47058823529411764,0.17857142857142858,0.14,0.5357142857142857,0.56,0.07407407407407407,0.03571428571428571,0.1111111111111111,0.3007518796992481
2024,"miller, bobby",1054,73.8,-0.7864510033005826,0.1111111111111111,0.13636363636363635,0.075,0.4444444444444444,0.45454545454545453,0.55,0.16666666666666666,0.2037037037037037,0.5333333333333333,0.46296296296296297,0.09375,0.06666666666666667,0.15625,0.36923076923076925
2024,"gil, luis",2666,73.1,-0.8061290075486514,0.14705882352941177,0.2,0.14492753623188406,0.4411764705882353,0.5714285714285714,0.4057971014492754,0.12345679012345678,0.14285714285714285,0.43209876543209874,0.5485714285714286,0.04938271604938271,0.04938271604938271,0.16049382716049382,0.33613445378151263
2024,"bradish, kyle",674,72.4,-0.8273003394402371,0.16666666666666666,0.3333333333333333,0.09090909090909091,0.6666666666666666,0.6666666666666666,0.5454545454545454,0.0967741935483871,0.11363636363636363,0.25806451612903225,0.4318181818181818,0.0,0.0,0.1875,0.40869565217391307
2024,"henry, tommy",706,71.6,-0.8500344058712012,0.2,0.16666666666666666,0.12903225806451613,0.4666666666666667,0.4444444444444444,0.3548387096774194,0.14814814814814814,0.1568627450980392,0.48148148148148145,0.39215686274509803,0.09090909090909091,0.18518518518518517,0.09090909090909091,0.36551724137931035
2024,"herrin, tim",1015,71.5,-0.8550979571502862,0.2222222222222222,0.3333333333333333,0.11764705882352941,0.4444444444444444,0.4444444444444444,0.4117647058823529,0.17142857142857143,0.15217391304347827,0.3142857142857143,0.3695652173913043,0.041666666666666664,0.08571428571428572,0.08333333333333333,0.28735632183908044
2024,"doval, camilo",1124,71.3,-0.8606352203215969,0.16666666666666666,0.29411764705882354,0.18181818181818182,0.25,0.6470588235294118,0.4090909090909091,0.11538461538461539,0.16,0.38461538461538464,0.4,0.05263157894736842,0.07692307692307693,0.10526315789473684,0.3674698795180723
2024,"hernández, carlos",560,71.3,-0.8592643663557882,0.4,0.0,0.3,0.2,1.0,0.2,0.06666666666666667,0.08,0.4,0.24,0.06666666666666667,0.0,0.2,0.4132231404958678
2024,"johnson, pierce",921,71.2,-0.8623493303287199,0.2727272727272727,0.2857142857142857,0.1111111111111111,0.7272727272727273,0.5714285714285714,0.37037037037037035,0.09523809523809523,0.06818181818181818,0.47619047619047616,0.2727272727272727,0.19230769230769232,0.047619047619047616,0.07692307692307693,0.42207792207792205
2024,"boyle, joe",966,71.1,-0.8661902740499036,0.0,0.25,0.23076923076923078,0.4,0.5,0.5,0.20588235294117646,0.16666666666666666,0.4117647058823529,0.4074074074074074,0.047619047619047616,0.058823529411764705,0.14285714285714285,0.40714285714285714
2024,"farmer, buck",1193,71.1,-0.8656362377049428,0.25,0.23076923076923078,0.13157894736842105,0.5,0.5384615384615384,0.5263157894736842,0.17073170731707318,0.11267605633802817,0.34146341463414637,0.38028169014084506,0.06666666666666667,0.04878048780487805,0.1,0.3482587064676617
2024,"oller, adam",711,70.4,-0.8859409040131193,0.18181818181818182,0.2222222222222222,0.16666666666666666,0.36363636363636365,0.2222222222222222,0.5416666666666666,0.15789473684210525,0.11666666666666667,0.3157894736842105,0.4166666666666667,0.041666666666666664,0.21052631578947367,0.125,0.43636363636363634
2024,"weaver, luke",1374,70.3,-0.8887920207594465,0.26666666666666666,0.25,0.14705882352941177,0.4666666666666667,0.45,0.38235294117647056,0.14285714285714285,0.08974358974358974,0.4,0.3974358974358974,0.06666666666666667,0.17142857142857143,0.06666666666666667,0.36947791164658633
2024,"thorpe, drew",721,68.5,-0.9430746260371732,0.2222222222222222,0.125,0.15789473684210525,0.4444444444444444,0.5625,0.47368421052631576,0.23684210526315788,0.15714285714285714,0.5263157894736842,0.44285714285714284,0.09090909090909091,0.07894736842105263,0.045454545454545456,0.39814814814814814
2024,"díaz, alexis",981,66.5,-1.0026425191222312,0.2857142857142857,0.25,0.2631578947368421,0.42857142857142855,0.25,0.42105263157894735,0.22727272727272727,0.14285714285714285,0.45454545454545453,0.32142857142857145,0.0,0.0,0.08571428571428572,0.32044198895027626
2024,"kelly, joe",558,63.8,-1.083756141254896,0.2,0.2857142857142857,0.23076923076923078,0.5,0.7142857142857143,0.46153846153846156,0.13333333333333333,0.11538461538461539,0.3333333333333333,0.38461538461538464,0.1,0.0,0.15,0.2727272727272727
2024,"diekman, jake",627,63.8,-1.08335329740725,0.125,0.0,0.2,0.75,0.8,0.7,0.2777777777777778,0.09090909090909091,0.5,0.2727272727272727,0.043478260869565216,0.0,0.2608695652173913,0.35454545454545455
2024,"joyce, ben",541,63.4,-1.096996298934853,0.3333333333333333,0.25,0.3333333333333333,0.0,0.375,0.5555555555555556,0.19230769230769232,0.08571428571428572,0.34615384615384615,0.34285714285714286,0.0,0.038461538461538464,0.1111111111111111,0.4
2024,"nicolas, kyle",954,62.8,-1.115295148808467,0.25,0.2857142857142857,0.21052631578947367,0.625,0.42857142857142855,0.42105263157894735,0.10714285714285714,0.1509433962264151,0.4642857142857143,0.4528301886792453,0.06666666666666667,0.0,0.13333333333333333,0.4394904458598726
2024,"cruz, fernando",1147,62.5,-1.1235604382099502,0.25,0.14285714285714285,0.225,0.5833333333333334,0.5,0.425,0.14285714285714285,0.1,0.39285714285714285,0.4,0.12903225806451613,0.07142857142857142,0.1935483870967742,0.4175824175824176
2024,"hamilton, ian",620,61.0,-1.1673032790031608,0.3333333333333333,0.25,0.21052631578947367,0.6666666666666666,0.625,0.42105263157894735,0.0625,0.07407407407407407,0.3125,0.2222222222222222,0.13333333333333333,0.0625,0.2,0.3655913978494624
2024,"mckenzie, triston",1309,59.3,-1.218784338672664,0.25,0.20833333333333334,0.3055555555555556,0.42857142857142855,0.5,0.6666666666666666,0.1111111111111111,0.09574468085106383,0.37777777777777777,0.43617021276595747,0.06666666666666667,0.08888888888888889,0.1111111111111111,0.3701923076923077
2024,"leasure, jordan",560,58.9,-1.2310801007996295,0.25,0.2,0.1875,0.75,0.8,0.5,0.17647058823529413,0.15151515151515152,0.29411764705882354,0.45454545454545453,0.05555555555555555,0.058823529411764705,0.1111111111111111,0.37254901960784315
2024,"ray, robbie",568,58.7,-1.2365439279992485,0.4,0.2,0.23076923076923078,0.4,0.4,0.3076923076923077,0.1111111111111111,0.03225806451612903,0.2777777777777778,0.3870967741935484,0.05,0.05555555555555555,0.35,0.3090909090909091
2024,"tyler, kyle",581,56.6,-1.300848812913102,0.25,0.3333333333333333,0.16666666666666666,0.5,0.5555555555555556,0.625,0.09090909090909091,0.18181818181818182,0.45454545454545453,0.42424242424242425,0.11764705882352941,0.045454545454545456,0.11764705882352941,0.3707865168539326
2024,"nastrini, nick",736,37.5,-1.8715959452673865,0.23076923076923078,0.36363636363636365,0.35294117647058826,0.46153846153846156,0.36363636363636365,0.4117647058823529,0.25925925925925924,0.19230769230769232,0.4074074074074074,0.5769230769230769,0.0,0.07407407407407407,0.20588235294117646,0.4329896907216495
