season,pitcher_name,pitch_count,composure_plus,composure_score,walk_after_barrel,walk_after_hard_hit,walk_after_high_xba,first_ball_after_barrel,first_ball_after_hard_hit,first_ball_after_high_xba,walk_after_soft_hit,walk_after_low_xba,first_ball_after_soft_hit,first_ball_after_low_xba,hard_hit_after_walk,hard_hit_after_soft,walk_after_walk,ball_after_foul
2024,"daniel, davis",508,142.3,1.2721601032959902,0.0,0.021739130434782608,0.0,0.3333333333333333,0.30434782608695654,0.10344827586206896,0.038461538461538464,0.10869565217391304,0.15384615384615385,0.34782608695652173,0.0,0.4230769230769231,0.0,0.34
2024,"núñez, dedniel",526,137.3,1.1216597079362762,0.0,0.05405405405405406,0.09523809523809523,0.2857142857142857,0.2972972972972973,0.19047619047619047,0.0625,0.02702702702702703,0.125,0.32432432432432434,0.2857142857142857,0.25,0.0,0.19469026548672566
2024,"snider, collin",684,134.8,1.0476657475774538,0.1,0.02631578947368421,0.058823529411764705,0.5,0.2631578947368421,0.29411764705882354,0.038461538461538464,0.0,0.2692307692307692,0.21621621621621623,0.36363636363636365,0.3076923076923077,0.0,0.2814814814814815
2024,"martínez, nick",2126,134.6,1.0422596398520851,0.0,0.041884816753926704,0.0392156862745098,0.3333333333333333,0.32460732984293195,0.27450980392156865,0.01652892561983471,0.038834951456310676,0.2892561983471074,0.32038834951456313,0.30434782608695654,0.33884297520661155,0.0,0.375
2024,"hurter, brant",645,134.5,1.0382999835703128,0.0,0.03333333333333333,0.0,0.16666666666666666,0.26666666666666666,0.22727272727272727,0.058823529411764705,0.05194805194805195,0.35294117647058826,0.33766233766233766,0.4,0.35294117647058826,0.0,0.33620689655172414
2024,"martin, chris",659,133.4,1.004232021300688,0.0,0.02,0.05405405405405406,0.4,0.28,0.2702702702702703,0.06896551724137931,0.02702702702702703,0.27586206896551724,0.21621621621621623,0.4,0.3793103448275862,0.0,0.3680555555555556
2024,"woo, bryan",1717,132.5,0.9791612228170965,0.06666666666666667,0.04,0.1,0.3333333333333333,0.24571428571428572,0.2571428571428571,0.024390243902439025,0.02631578947368421,0.2926829268292683,0.25263157894736843,0.3076923076923077,0.35365853658536583,0.0,0.32941176470588235
2024,"kittredge, andrew",1038,131.2,0.9402529510775802,0.0625,0.04819277108433735,0.061224489795918366,0.25,0.26506024096385544,0.1836734693877551,0.06896551724137931,0.05357142857142857,0.2413793103448276,0.3392857142857143,0.3125,0.3103448275862069,0.0,0.38974358974358975
2024,"lee, dylan",879,129.5,0.8892922470210224,0.0,0.06896551724137931,0.029411764705882353,0.3,0.3103448275862069,0.35294117647058826,0.06451612903225806,0.07575757575757576,0.3548387096774194,0.2878787878787879,0.36363636363636365,0.16129032258064516,0.0,0.3333333333333333
2024,"gaddis, hunter",1079,128.2,0.8478128531269125,0.0,0.06756756756756757,0.03333333333333333,0.2222222222222222,0.33783783783783783,0.36666666666666664,0.02702702702702703,0.02702702702702703,0.35135135135135137,0.35135135135135137,0.29411764705882354,0.43243243243243246,0.0,0.38425925925925924
2024,"pagán, emilio",594,127.7,0.8351131179525231,0.0,0.09259259259259259,0.0,0.125,0.25925925925925924,0.27586206896551724,0.0,0.03333333333333333,0.375,0.3333333333333333,0.1111111111111111,0.1875,0.2222222222222222,0.3333333333333333
2024,"sands, cole",1154,126.2,0.7880708912850753,0.0,0.043478260869565216,0.07142857142857142,0.09090909090909091,0.31521739130434784,0.38095238095238093,0.125,0.056338028169014086,0.40625,0.23943661971830985,0.29411764705882354,0.3125,0.0,0.3277310924369748
2024,"rogers, tyler",1010,126.0,0.7818646116878142,0.1111111111111111,0.057971014492753624,0.0425531914893617,0.2222222222222222,0.34782608695652173,0.3617021276595745,0.05084745762711865,0.06493506493506493,0.3220338983050847,0.2857142857142857,0.2,0.3728813559322034,0.0,0.3069306930693069
2024,"estévez, carlos",837,125.8,0.7775903227675254,0.0,0.014084507042253521,0.037037037037037035,0.09090909090909091,0.23943661971830985,0.25925925925925924,0.043478260869565216,0.016666666666666666,0.391304347826087,0.3,0.5,0.391304347826087,0.125,0.3609467455621302
2024,"jax, griffin",1072,125.4,0.7648479628790065,0.0,0.078125,0.030303030303030304,0.16666666666666666,0.296875,0.36363636363636365,0.030303030303030304,0.1,0.18181818181818182,0.23333333333333334,0.5,0.24242424242424243,0.0625,0.37362637362637363
2024,"pivetta, nick",2392,124.7,0.7446066239344086,0.0,0.05641025641025641,0.0784313725490196,0.22857142857142856,0.3333333333333333,0.3235294117647059,0.02531645569620253,0.06315789473684211,0.3037974683544304,0.30526315789473685,0.2647058823529412,0.35443037974683544,0.058823529411764705,0.375
2024,"treinen, blake",737,124.5,0.7378156450830445,0.0,0.07317073170731707,0.0,0.3333333333333333,0.2926829268292683,0.2631578947368421,0.037037037037037035,0.06382978723404255,0.2962962962962963,0.2765957446808511,0.15384615384615385,0.37037037037037035,0.15384615384615385,0.31654676258992803
2024,"hjelle, sean",1217,124.3,0.7328109592518542,0.16666666666666666,0.06796116504854369,0.07692307692307693,0.25,0.30097087378640774,0.3076923076923077,0.0,0.043478260869565216,0.30612244897959184,0.2826086956521739,0.375,0.3673469387755102,0.0,0.3131868131868132
2024,"holton, tyler",1344,124.3,0.7306019220695427,0.0,0.028846153846153848,0.019230769230769232,0.42857142857142855,0.33653846153846156,0.3076923076923077,0.029850746268656716,0.03361344537815126,0.44776119402985076,0.3697478991596639,0.2777777777777778,0.2835820895522388,0.1111111111111111,0.33480176211453744
2024,"poche, colin",551,124.2,0.729244240097673,0.0,0.041666666666666664,0.0,0.2857142857142857,0.3958333333333333,0.45,0.06666666666666667,0.05128205128205128,0.3333333333333333,0.48717948717948717,0.36363636363636365,0.26666666666666666,0.0,0.42391304347826086
2024,"milner, hoby",1053,123.4,0.7029526536545558,0.0,0.06756756756756757,0.044444444444444446,0.2,0.3918918918918919,0.3111111111111111,0.046511627906976744,0.04411764705882353,0.3023255813953488,0.38235294117647056,0.45454545454545453,0.37209302325581395,0.0,0.38372093023255816
2024,"barnes, jacob",1125,123.3,0.6999165772051211,0.0,0.06896551724137931,0.03773584905660377,0.23076923076923078,0.40229885057471265,0.37735849056603776,0.02631578947368421,0.06451612903225806,0.3157894736842105,0.3870967741935484,0.35294117647058826,0.3684210526315789,0.0,0.42105263157894735
2024,"iglesias, raisel",940,123.2,0.697120480350133,0.2,0.05263157894736842,0.041666666666666664,0.2,0.38596491228070173,0.375,0.023809523809523808,0.0547945205479452,0.21428571428571427,0.3287671232876712,0.46153846153846156,0.2619047619047619,0.0,0.3006535947712418
2024,"cecconi, slade",1298,123.2,0.6997361525187453,0.038461538461538464,0.031746031746031744,0.045454545454545456,0.2692307692307692,0.29365079365079366,0.30303030303030304,0.02127659574468085,0.05128205128205128,0.2765957446808511,0.29914529914529914,0.4444444444444444,0.48936170212765956,0.05555555555555555,0.3715415019762846
2024,"ross, joe",1202,122.8,0.6875693218819792,0.0,0.08928571428571429,0.07017543859649122,0.3125,0.33035714285714285,0.3333333333333333,0.021739130434782608,0.08256880733944955,0.30434782608695654,0.30275229357798167,0.3076923076923077,0.2826086956521739,0.038461538461538464,0.36764705882352944
2024,"crochet, garrett",2395,122.5,0.6783555938406358,0.03333333333333333,0.03529411764705882,0.043478260869565216,0.4,0.35294117647058826,0.34782608695652173,0.06896551724137931,0.047619047619047616,0.3333333333333333,0.35714285714285715,0.2631578947368421,0.26436781609195403,0.07894736842105263,0.3106212424849699
2024,"kirby, george",2969,122.2,0.6677855755316124,0.023255813953488372,0.03806228373702422,0.04032258064516129,0.27906976744186046,0.370242214532872,0.31451612903225806,0.044444444444444446,0.028469750889679714,0.362962962962963,0.3701067615658363,0.4482758620689655,0.3037037037037037,0.06896551724137931,0.33068362480127184
2024,"smith, burch",896,122.0,0.6627016383365735,0.0,0.034482758620689655,0.02631578947368421,0.4666666666666667,0.3218390804597701,0.2894736842105263,0.06666666666666667,0.06349206349206349,0.43333333333333335,0.3492063492063492,0.14285714285714285,0.43333333333333335,0.07142857142857142,0.32044198895027626
2024,"junis, jakob",944,121.9,0.6593717077033143,0.0,0.06,0.06521739130434782,0.26666666666666666,0.23,0.30434782608695654,0.027777777777777776,0.041666666666666664,0.3888888888888889,0.2777777777777778,0.6363636363636364,0.4722222222222222,0.0,0.33793103448275863
2024,"skubal, tarik",2868,121.5,0.647824646813844,0.09375,0.04672897196261682,0.06542056074766354,0.28125,0.3177570093457944,0.2803738317757009,0.056,0.04291845493562232,0.296,0.2875536480686695,0.37209302325581395,0.272,0.09302325581395349,0.29333333333333333
2024,"uceta, edwin",674,121.4,0.6448265539462579,0.3333333333333333,0.07142857142857142,0.041666666666666664,0.6666666666666666,0.2857142857142857,0.2916666666666667,0.043478260869565216,0.06818181818181818,0.21739130434782608,0.18181818181818182,0.25,0.2608695652173913,0.0,0.37593984962406013
2024,"bradford, cody",1176,121.2,0.6393586888675679,0.0,0.04504504504504504,0.05172413793103448,0.25,0.2882882882882883,0.3103448275862069,0.08163265306122448,0.03669724770642202,0.3673469387755102,0.3394495412844037,0.2727272727272727,0.40816326530612246,0.09090909090909091,0.33488372093023255
2024,"burnes, corbin",2997,121.0,0.6329135167213347,0.05555555555555555,0.054901960784313725,0.046153846153846156,0.4166666666666667,0.3333333333333333,0.4076923076923077,0.06666666666666667,0.05944055944055944,0.36666666666666664,0.3041958041958042,0.30612244897959184,0.31333333333333335,0.02040816326530612,0.36960985626283366
2024,"megill, trevor",682,121.0,0.6328568203052365,0.0,0.07142857142857142,0.0,0.3333333333333333,0.39285714285714285,0.2916666666666667,0.0,0.06818181818181818,0.29411764705882354,0.2727272727272727,0.45454545454545453,0.4117647058823529,0.09090909090909091,0.33070866141732286
2024,"blach, ty",1133,121.0,0.631968386829797,0.03225806451612903,0.07534246575342465,0.07407407407407407,0.12903225806451613,0.3013698630136986,0.24691358024691357,0.04,0.07142857142857142,0.24,0.3125,0.5217391304347826,0.36,0.043478260869565216,0.30660377358490565
2024,"gordon, tanner",607,120.5,0.6170190399920245,0.2,0.045454545454545456,0.04878048780487805,0.2,0.24242424242424243,0.24390243902439024,0.038461538461538464,0.057692307692307696,0.23076923076923078,0.3269230769230769,0.5714285714285714,0.46153846153846156,0.0,0.28776978417266186
2024,"saucedo, tayler",633,120.1,0.6059779517979412,0.0,0.0967741935483871,0.05,0.2,0.3548387096774194,0.3,0.0,0.05128205128205128,0.3181818181818182,0.3333333333333333,0.25,0.5454545454545454,0.0625,0.38144329896907214
2024,"garrett, braxton",589,119.9,0.5988597863896723,0.0,0.05555555555555555,0.06451612903225806,0.25,0.3194444444444444,0.25806451612903225,0.045454545454545456,0.0392156862745098,0.3181818181818182,0.27450980392156865,0.625,0.5454545454545454,0.0,0.41
2024,"lópez, pablo",2986,119.9,0.5992166354016003,0.09302325581395349,0.07751937984496124,0.057971014492753624,0.3023255813953488,0.32170542635658916,0.2826086956521739,0.05343511450381679,0.06349206349206349,0.3282442748091603,0.34523809523809523,0.2653061224489796,0.33587786259541985,0.04081632653061224,0.39297658862876256
2024,"gilbert, logan",3043,119.6,0.5884818685112411,0.08108108108108109,0.05016722408026756,0.05185185185185185,0.35135135135135137,0.31438127090301005,0.28888888888888886,0.09401709401709402,0.05639097744360902,0.3333333333333333,0.3684210526315789,0.4,0.358974358974359,0.0,0.38492063492063494
2024,"akin, keegan",1246,119.6,0.5893448809461871,0.08333333333333333,0.0759493670886076,0.05714285714285714,0.08333333333333333,0.26582278481012656,0.2857142857142857,0.10810810810810811,0.09333333333333334,0.3783783783783784,0.3466666666666667,0.3684210526315789,0.2972972972972973,0.0,0.33649289099526064
2024,"gomber, austin",2622,119.4,0.5842834139937161,0.0,0.04642857142857143,0.05161290322580645,0.2708333333333333,0.34285714285714286,0.34838709677419355,0.044642857142857144,0.05042016806722689,0.42857142857142855,0.4117647058823529,0.4473684210526316,0.36607142857142855,0.02631578947368421,0.32978723404255317
2024,"mcfarland, t. j.",857,119.4,0.5827180090628441,0.0,0.05357142857142857,0.02857142857142857,0.375,0.3392857142857143,0.22857142857142856,0.05714285714285714,0.07142857142857142,0.4,0.4107142857142857,0.6153846153846154,0.3142857142857143,0.0,0.37209302325581395
2024,"nola, aaron",3193,119.4,0.5844637769289381,0.04878048780487805,0.05723905723905724,0.041379310344827586,0.3170731707317073,0.2996632996632997,0.22758620689655173,0.06153846153846154,0.055350553505535055,0.35384615384615387,0.30996309963099633,0.40384615384615385,0.3230769230769231,0.09615384615384616,0.3758620689655172
2024,"taillon, jameson",2483,119.4,0.5834297726719395,0.027777777777777776,0.05166051660516605,0.031007751937984496,0.3888888888888889,0.34686346863468637,0.43410852713178294,0.058823529411764705,0.044,0.3431372549019608,0.32,0.4117647058823529,0.4019607843137255,0.029411764705882353,0.3355855855855856
2024,"mikolas, miles",2705,119.1,0.575465286878242,0.07142857142857142,0.04513888888888889,0.05405405405405406,0.2619047619047619,0.2708333333333333,0.2905405405405405,0.046875,0.034482758620689655,0.2890625,0.2835249042145594,0.4642857142857143,0.5078125,0.07142857142857142,0.36510791366906475
2024,"kelly, kevin",1035,119.1,0.5751855990721799,0.0,0.08433734939759036,0.045454545454545456,0.5555555555555556,0.27710843373493976,0.20454545454545456,0.020833333333333332,0.041666666666666664,0.3541666666666667,0.3333333333333333,0.75,0.3541666666666667,0.0,0.36363636363636365
2024,"imanaga, shota",2594,118.9,0.569901876020855,0.075,0.032520325203252036,0.03305785123966942,0.55,0.35365853658536583,0.36363636363636365,0.042735042735042736,0.052845528455284556,0.29914529914529914,0.3048780487804878,0.4666666666666667,0.39316239316239315,0.03333333333333333,0.32592592592592595
2024,"glasnow, tyler",2012,118.7,0.5631885517917569,0.0,0.0658682634730539,0.0547945205479452,0.2222222222222222,0.32335329341317365,0.3424657534246575,0.08695652173913043,0.09259259259259259,0.36231884057971014,0.4012345679012346,0.4,0.2318840579710145,0.02857142857142857,0.34277620396600567
2024,"king, john",860,118.3,0.5495382440564327,0.09090909090909091,0.037037037037037035,0.030303030303030304,0.36363636363636365,0.30864197530864196,0.21212121212121213,0.125,0.0958904109589041,0.325,0.2876712328767123,0.25,0.325,0.08333333333333333,0.37423312883435583
2024,"sale, chris",2818,118.0,0.5407144123993672,0.043478260869565216,0.07526881720430108,0.07207207207207207,0.34782608695652173,0.27956989247311825,0.27927927927927926,0.11666666666666667,0.0845771144278607,0.30833333333333335,0.31343283582089554,0.21739130434782608,0.2833333333333333,0.06521739130434782,0.34615384615384615
2024,"clase, emmanuel",988,117.6,0.5283011371012125,0.0,0.04225352112676056,0.09090909090909091,0.5,0.352112676056338,0.3333333333333333,0.07317073170731707,0.04285714285714286,0.3902439024390244,0.38571428571428573,0.5454545454545454,0.2682926829268293,0.0,0.2985781990521327
2024,"ryan, joe",2108,117.5,0.5264462802667578,0.0967741935483871,0.03804347826086957,0.03571428571428571,0.3225806451612903,0.30434782608695654,0.30952380952380953,0.0707070707070707,0.05319148936170213,0.3939393939393939,0.3404255319148936,0.38461538461538464,0.3434343434343434,0.07692307692307693,0.34441805225653205
2024,"ober, bailey",2697,117.4,0.5251217523084943,0.05555555555555555,0.07272727272727272,0.05825242718446602,0.3055555555555556,0.2727272727272727,0.24271844660194175,0.056451612903225805,0.06504065040650407,0.3387096774193548,0.33739837398373984,0.3958333333333333,0.27419354838709675,0.10416666666666667,0.34774436090225563
2024,"ginkel, kevin",1185,117.2,0.5183061040892218,0.0,0.025,0.043478260869565216,0.3333333333333333,0.3375,0.30434782608695654,0.10810810810810811,0.04225352112676056,0.2702702702702703,0.39436619718309857,0.3125,0.3783783783783784,0.125,0.36936936936936937
2024,"thompson, ryan",985,117.1,0.5149897105894743,0.0,0.05263157894736842,0.0,0.5,0.3157894736842105,0.3953488372093023,0.03225806451612903,0.07246376811594203,0.3548387096774194,0.2028985507246377,0.46153846153846156,0.5161290322580645,0.07692307692307693,0.3431952662721893
2024,"jansen, kenley",810,117.0,0.5101855225668908,0.0,0.06349206349206349,0.058823529411764705,0.21428571428571427,0.36507936507936506,0.29411764705882354,0.05,0.02127659574468085,0.1,0.2765957446808511,0.3888888888888889,0.35,0.2222222222222222,0.36423841059602646
2024,"wesneski, hayden",1077,116.7,0.5023235077322379,0.05555555555555555,0.08695652173913043,0.04,0.3888888888888889,0.358695652173913,0.42,0.0196078431372549,0.07,0.27450980392156865,0.3,0.5,0.27450980392156865,0.05,0.4176470588235294
2024,"stripling, ross",1367,116.6,0.5007064132865601,0.05,0.05517241379310345,0.0379746835443038,0.3,0.36551724137931035,0.34177215189873417,0.0684931506849315,0.0425531914893617,0.273972602739726,0.3262411347517731,0.3157894736842105,0.410958904109589,0.10526315789473684,0.4260869565217391
2024,"webb, logan",3209,116.5,0.4965002476851135,0.075,0.06395348837209303,0.060240963855421686,0.375,0.30523255813953487,0.3493975903614458,0.05970149253731343,0.05054151624548736,0.3358208955223881,0.30324909747292417,0.5416666666666666,0.417910447761194,0.0,0.3795620437956204
2024,"chivilli, angel",514,116.2,0.48858080977049456,0.1,0.08888888888888889,0.047619047619047616,0.4,0.4444444444444444,0.19047619047619047,0.0,0.12121212121212122,0.15384615384615385,0.5151515151515151,0.4,0.3076923076923077,0.0,0.3924050632911392
2024,"voth, austin",976,116.2,0.48883362019413545,0.0,0.03571428571428571,0.038461538461538464,0.18181818181818182,0.26785714285714285,0.3076923076923077,0.08823529411764706,0.08955223880597014,0.4117647058823529,0.3880597014925373,0.3333333333333333,0.35294117647058826,0.1111111111111111,0.3717948717948718
2024,"wacha, michael",2605,116.1,0.48550893954033525,0.10256410256410256,0.07272727272727272,0.04580152671755725,0.48717948717948717,0.36818181818181817,0.37404580152671757,0.04580152671755725,0.05785123966942149,0.3282442748091603,0.35537190082644626,0.1276595744680851,0.3969465648854962,0.06382978723404255,0.41239316239316237
2024,"steele, justin",2047,116.0,0.48220936601702824,0.13333333333333333,0.05649717514124294,0.0975609756097561,0.3333333333333333,0.2994350282485876,0.25609756097560976,0.102803738317757,0.05670103092783505,0.29906542056074764,0.3247422680412371,0.4,0.3177570093457944,0.025,0.3253588516746411
2024,"thornton, trent",1144,115.9,0.4787711784120233,0.0,0.08571428571428572,0.09523809523809523,0.2857142857142857,0.34285714285714286,0.30952380952380953,0.04878048780487805,0.05714285714285714,0.2682926829268293,0.24285714285714285,0.38095238095238093,0.24390243902439024,0.14285714285714285,0.40625
2024,"suárez, ranger",2359,115.6,0.47091085621633105,0.13636363636363635,0.07881773399014778,0.037037037037037035,0.3181818181818182,0.3103448275862069,0.26851851851851855,0.047244094488188976,0.06698564593301436,0.4015748031496063,0.3827751196172249,0.4883720930232558,0.3543307086614173,0.0,0.40093240093240096
2024,"rodriguez, grayson",1879,115.6,0.4686728042839851,0.041666666666666664,0.08284023668639054,0.012195121951219513,0.2916666666666667,0.34911242603550297,0.25609756097560976,0.06060606060606061,0.10126582278481013,0.3333333333333333,0.34177215189873417,0.35,0.45454545454545453,0.05,0.35119047619047616
2024,"leahy, kyle",695,115.2,0.45874521218967623,0.125,0.06944444444444445,0.06666666666666667,0.25,0.3194444444444444,0.3,0.03571428571428571,0.07407407407407407,0.39285714285714285,0.37037037037037035,0.5454545454545454,0.32142857142857145,0.0,0.362962962962963
2024,"schwellenbach, spencer",1891,115.2,0.4575566558079689,0.058823529411764705,0.03636363636363636,0.034482758620689655,0.4117647058823529,0.28484848484848485,0.3218390804597701,0.08791208791208792,0.06626506024096386,0.46153846153846156,0.3493975903614458,0.2692307692307692,0.42857142857142855,0.07692307692307693,0.30952380952380953
2024,"green, chad",850,115.2,0.45660561410017336,0.0,0.029411764705882353,0.0,0.4166666666666667,0.45588235294117646,0.42857142857142855,0.14285714285714285,0.0784313725490196,0.21428571428571427,0.2549019607843137,0.23076923076923078,0.2857142857142857,0.15384615384615385,0.3544973544973545
2024,"santillan, tony",505,115.1,0.45568430461708354,0.0,0.034482758620689655,0.0,0.75,0.3793103448275862,0.5,0.1,0.08,0.5,0.44,0.0,0.5,0.0,0.3486238532110092
2024,"morgan, eli",649,115.0,0.45243209752320396,0.3333333333333333,0.046511627906976744,0.10526315789473684,0.0,0.32558139534883723,0.3157894736842105,0.05714285714285714,0.046875,0.5142857142857142,0.375,0.2857142857142857,0.2571428571428571,0.0,0.35507246376811596
2024,"wilson, justin",822,115.0,0.4504567461126027,0.0,0.08196721311475409,0.09375,0.45454545454545453,0.4098360655737705,0.46875,0.058823529411764705,0.06,0.3235294117647059,0.28,0.35714285714285715,0.38235294117647056,0.0,0.3471502590673575
2024,"tate, dillon",591,114.9,0.4493592378416831,0.0,0.06666666666666667,0.07692307692307693,0.2,0.4666666666666667,0.4230769230769231,0.0,0.07142857142857142,0.35714285714285715,0.39285714285714285,0.26666666666666666,0.21428571428571427,0.13333333333333333,0.3958333333333333
2024,"eflin, zach",2447,114.8,0.4461980760350364,0.02564102564102564,0.03409090909090909,0.03389830508474576,0.358974358974359,0.3068181818181818,0.3050847457627119,0.07746478873239436,0.045283018867924525,0.3873239436619718,0.3622641509433962,0.38461538461538464,0.4295774647887324,0.11538461538461539,0.3371824480369515
2024,"alexander, scott",596,114.6,0.43974957126482556,0.0,0.022222222222222223,0.0,0.18181818181818182,0.3333333333333333,0.3333333333333333,0.05,0.05405405405405406,0.6,0.5135135135135135,0.4,0.4,0.1,0.3
2024,"pfaadt, brandon",2801,114.6,0.4387865499770342,0.14634146341463414,0.06716417910447761,0.08843537414965986,0.2682926829268293,0.26492537313432835,0.3129251700680272,0.03278688524590164,0.04065040650406504,0.3114754098360656,0.3008130081300813,0.38636363636363635,0.4016393442622951,0.09090909090909091,0.36767676767676766
2024,"ruiz, josé",839,114.5,0.4361617813254245,0.1111111111111111,0.07575757575757576,0.06666666666666667,0.2222222222222222,0.3181818181818182,0.36666666666666664,0.058823529411764705,0.04878048780487805,0.29411764705882354,0.3170731707317073,0.5294117647058824,0.29411764705882354,0.058823529411764705,0.3875
2024,"yamamoto, yoshinobu",1474,114.5,0.4354113924866769,0.1,0.072,0.12903225806451613,0.25,0.36,0.3225806451612903,0.05970149253731343,0.038461538461538464,0.31343283582089554,0.3173076923076923,0.391304347826087,0.3283582089552239,0.043478260869565216,0.33935018050541516
2024,"rodríguez, manuel",609,114.2,0.4276367579454999,0.0,0.11904761904761904,0.09523809523809523,0.0,0.2619047619047619,0.23809523809523808,0.1,0.1,0.5,0.35,0.3333333333333333,0.4,0.0,0.330188679245283
2024,"hill, tim",993,114.2,0.4272715704816171,0.0,0.0673076923076923,0.0851063829787234,0.25,0.28846153846153844,0.2978723404255319,0.057692307692307696,0.06818181818181818,0.3076923076923077,0.3409090909090909,0.6111111111111112,0.5384615384615384,0.0,0.29842931937172773
2024,"vásquez, randy",1692,114.2,0.4287894542325624,0.038461538461538464,0.046511627906976744,0.04040404040404041,0.34615384615384615,0.4127906976744186,0.30303030303030304,0.11494252873563218,0.05517241379310345,0.3793103448275862,0.3724137931034483,0.3333333333333333,0.367816091954023,0.06060606060606061,0.3333333333333333
2024,"boyd, matt",669,114.2,0.42773349691712725,0.0,0.022222222222222223,0.08333333333333333,0.0,0.2222222222222222,0.4166666666666667,0.06666666666666667,0.11764705882352941,0.4,0.3137254901960784,0.35714285714285715,0.3333333333333333,0.14285714285714285,0.3951612903225806
2024,"king, mike",2902,114.0,0.42229473127635864,0.07407407407407407,0.10989010989010989,0.0603448275862069,0.2962962962962963,0.3956043956043956,0.3879310344827586,0.08074534161490683,0.0881057268722467,0.30434782608695654,0.30837004405286345,0.296875,0.2111801242236025,0.046875,0.3829787234042553
2024,"suarez, robert",981,114.0,0.4208371148844729,0.0,0.04938271604938271,0.09090909090909091,0.3333333333333333,0.37037037037037035,0.3333333333333333,0.08,0.10144927536231885,0.48,0.43478260869565216,0.26666666666666666,0.36,0.0,0.35526315789473684
2024,"kerkering, orion",1087,113.9,0.4169271675673876,0.0,0.11864406779661017,0.058823529411764705,0.4,0.4067796610169492,0.38235294117647056,0.027777777777777776,0.08620689655172414,0.3888888888888889,0.3275862068965517,0.08695652173913043,0.2222222222222222,0.13043478260869565,0.40512820512820513
2024,"armstrong, shawn",1111,113.9,0.417173147288525,0.058823529411764705,0.05747126436781609,0.046875,0.23529411764705882,0.2413793103448276,0.265625,0.12195121951219512,0.06557377049180328,0.36585365853658536,0.26229508196721313,0.48148148148148145,0.43902439024390244,0.07407407407407407,0.3648068669527897
2024,"finnegan, kyle",1087,113.8,0.41498937365294025,0.0,0.056818181818181816,0.10869565217391304,0.3,0.29545454545454547,0.2826086956521739,0.10714285714285714,0.078125,0.39285714285714285,0.328125,0.25,0.32142857142857145,0.1,0.2938775510204082
2024,"curry, xzavion",642,113.6,0.40810805168185865,0.08333333333333333,0.041666666666666664,0.05263157894736842,0.16666666666666666,0.375,0.5263157894736842,0.0,0.05084745762711865,0.4444444444444444,0.3559322033898305,0.6666666666666666,0.4074074074074074,0.0,0.39166666666666666
2024,"minter, a. j.",526,113.6,0.40949818031103363,0.0,0.14285714285714285,0.14285714285714285,0.0,0.2571428571428571,0.35714285714285715,0.10526315789473684,0.06666666666666667,0.2631578947368421,0.26666666666666666,0.4,0.42105263157894735,0.0,0.3888888888888889
2024,"lambert, peter",1044,113.5,0.4054034660098311,0.0,0.11764705882352941,0.09090909090909091,0.4166666666666667,0.38823529411764707,0.41818181818181815,0.06521739130434782,0.07777777777777778,0.34782608695652173,0.3,0.25,0.2608695652173913,0.041666666666666664,0.4074074074074074
2024,"banks, tanner",1181,113.5,0.40602519277832266,0.0,0.0410958904109589,0.043478260869565216,0.3333333333333333,0.3013698630136986,0.30434782608695654,0.1111111111111111,0.06578947368421052,0.4444444444444444,0.42105263157894735,0.22727272727272727,0.4444444444444444,0.09090909090909091,0.38164251207729466
2024,"kikuchi, yusei",2926,113.3,0.39953958196740863,0.10869565217391304,0.06439393939393939,0.05426356589147287,0.34782608695652173,0.36742424242424243,0.3333333333333333,0.0392156862745098,0.037209302325581395,0.38235294117647056,0.386046511627907,0.34146341463414637,0.4019607843137255,0.07317073170731707,0.38910505836575876
2024,"littell, zack",2488,113.3,0.3999620182966825,0.08888888888888889,0.0778688524590164,0.05921052631578947,0.4444444444444444,0.3360655737704918,0.32894736842105265,0.03636363636363636,0.06167400881057269,0.32727272727272727,0.30837004405286345,0.29411764705882354,0.41818181818181815,0.08823529411764706,0.33201581027667987
2024,"weissert, greg",1045,113.3,0.3996887438087926,0.0,0.03614457831325301,0.027777777777777776,0.5,0.39759036144578314,0.4166666666666667,0.05128205128205128,0.06557377049180328,0.4358974358974359,0.4918032786885246,0.3333333333333333,0.3333333333333333,0.06666666666666667,0.35096153846153844
2024,"hoffman, jeff",1004,112.8,0.38534991002891245,0.1111111111111111,0.0547945205479452,0.05714285714285714,0.4444444444444444,0.3698630136986301,0.45714285714285713,0.1,0.09090909090909091,0.26666666666666666,0.32727272727272727,0.3888888888888889,0.3333333333333333,0.0,0.2994350282485876
2024,"soriano, george",520,112.7,0.38184856012245505,0.0,0.0851063829787234,0.1111111111111111,0.45454545454545453,0.3617021276595745,0.37037037037037035,0.11764705882352941,0.038461538461538464,0.35294117647058826,0.19230769230769232,0.4666666666666667,0.23529411764705882,0.06666666666666667,0.34831460674157305
2024,"hendricks, kyle",2135,112.6,0.37855794995271197,0.13333333333333333,0.05851063829787234,0.08256880733944955,0.3333333333333333,0.25,0.3302752293577982,0.0684931506849315,0.05741626794258373,0.2945205479452055,0.2966507177033493,0.42857142857142855,0.273972602739726,0.11904761904761904,0.4049586776859504
2024,"freeland, kyle",1769,112.5,0.3769058647717047,0.07692307692307693,0.05825242718446602,0.05454545454545454,0.3333333333333333,0.33980582524271846,0.3090909090909091,0.05128205128205128,0.07926829268292683,0.34615384615384615,0.36585365853658536,0.36,0.41025641025641024,0.08,0.33994334277620397
2024,"gonzales, marco",546,112.4,0.37231366184715897,0.07692307692307693,0.03278688524590164,0.0625,0.23076923076923078,0.26229508196721313,0.28125,0.15384615384615385,0.13043478260869565,0.38461538461538464,0.30434782608695654,0.3333333333333333,0.5,0.0,0.38596491228070173
2024,"harvey, hunter",911,112.2,0.36770404516305444,0.0,0.08450704225352113,0.07142857142857142,0.4166666666666667,0.4225352112676056,0.3333333333333333,0.038461538461538464,0.1111111111111111,0.15384615384615385,0.3055555555555556,0.3333333333333333,0.34615384615384615,0.1111111111111111,0.29591836734693877
2024,"mize, casey",1790,112.1,0.3648973105709931,0.08,0.07291666666666667,0.04081632653061224,0.36,0.3229166666666667,0.30612244897959184,0.031746031746031744,0.0738255033557047,0.30158730158730157,0.3221476510067114,0.3448275862068966,0.49206349206349204,0.10344827586206896,0.3739130434782609
2024,"stone, gavin",2154,111.9,0.3590182114161528,0.0,0.05970149253731343,0.056074766355140186,0.4444444444444444,0.39800995024875624,0.4205607476635514,0.045871559633027525,0.08530805687203792,0.3394495412844037,0.3886255924170616,0.3783783783783784,0.30275229357798167,0.08108108108108109,0.3669250645994832
2024,"helsley, ryan",947,111.7,0.35182832414756193,0.16666666666666666,0.08571428571428572,0.05555555555555555,0.16666666666666666,0.35714285714285715,0.3888888888888889,0.037037037037037035,0.05454545454545454,0.4444444444444444,0.34545454545454546,0.4,0.3333333333333333,0.05,0.31543624161073824
2024,"montero, keider",1540,111.6,0.3503015251037433,0.045454545454545456,0.0821917808219178,0.07954545454545454,0.36363636363636365,0.3082191780821918,0.2840909090909091,0.10144927536231885,0.08333333333333333,0.34782608695652173,0.3484848484848485,0.4375,0.34782608695652173,0.03125,0.3333333333333333
2024,"smith, cade",1166,111.5,0.34556092075247496,0.15384615384615385,0.0641025641025641,0.17142857142857143,0.23076923076923078,0.358974358974359,0.3142857142857143,0.037037037037037035,0.05084745762711865,0.37037037037037035,0.4576271186440678,0.3684210526315789,0.14814814814814814,0.05263157894736842,0.2815126050420168
2024,"gray, sonny",2486,111.3,0.3408067636178298,0.10526315789473684,0.06837606837606838,0.07518796992481203,0.3157894736842105,0.36752136752136755,0.3684210526315789,0.061855670103092786,0.05670103092783505,0.422680412371134,0.3917525773195876,0.2926829268292683,0.38144329896907214,0.04878048780487805,0.3157894736842105
2024,"suter, brent",1022,111.1,0.3339586875272088,0.14285714285714285,0.06172839506172839,0.07692307692307693,0.42857142857142855,0.3950617283950617,0.34615384615384615,0.03773584905660377,0.06172839506172839,0.32075471698113206,0.3950617283950617,0.5333333333333333,0.33962264150943394,0.0,0.4393939393939394
2024,"crawford, kutter",2823,111.1,0.3355691066212776,0.0784313725490196,0.06896551724137931,0.05982905982905983,0.4117647058823529,0.3448275862068966,0.36752136752136755,0.046153846153846156,0.07581227436823104,0.35384615384615387,0.35018050541516244,0.35714285714285715,0.34615384615384615,0.08928571428571429,0.2962962962962963
2024,"nelson, ryne",2413,110.9,0.3284480461290625,0.11764705882352941,0.06923076923076923,0.06201550387596899,0.4117647058823529,0.36538461538461536,0.35658914728682173,0.03571428571428571,0.06880733944954129,0.3333333333333333,0.3532110091743119,0.48484848484848486,0.40476190476190477,0.030303030303030304,0.32368896925858953
2024,"garcia, robert",950,110.8,0.32457545773408947,0.0,0.04,0.03571428571428571,0.25,0.3,0.4642857142857143,0.06451612903225806,0.10526315789473684,0.3225806451612903,0.3333333333333333,0.5384615384615384,0.22580645161290322,0.15384615384615385,0.32222222222222224
2024,"waldron, matt",2451,110.7,0.3233941766230731,0.03333333333333333,0.05045871559633028,0.05737704918032787,0.3333333333333333,0.3623853211009174,0.3360655737704918,0.12244897959183673,0.07692307692307693,0.40816326530612246,0.38009049773755654,0.3673469387755102,0.3979591836734694,0.04081632653061224,0.3793103448275862
2024,"flaherty, jack",2646,110.5,0.31490492844638973,0.03225806451612903,0.07960199004975124,0.1111111111111111,0.45161290322580644,0.36318407960199006,0.4017094017094017,0.07692307692307693,0.060109289617486336,0.46153846153846156,0.3879781420765027,0.3333333333333333,0.2692307692307692,0.02564102564102564,0.35180722891566263
2024,"estes, joey",2031,110.5,0.31699249428354137,0.07692307692307693,0.055299539170506916,0.04950495049504951,0.3076923076923077,0.3317972350230415,0.36633663366336633,0.060240963855421686,0.061611374407582936,0.3373493975903614,0.32701421800947866,0.45714285714285713,0.46987951807228917,0.08571428571428572,0.294478527607362
2024,"francis, bowden",1561,110.5,0.31504590021501305,0.13636363636363635,0.06206896551724138,0.04838709677419355,0.22727272727272727,0.3448275862068966,0.3548387096774194,0.06557377049180328,0.04054054054054054,0.39344262295081966,0.40540540540540543,0.42857142857142855,0.39344262295081966,0.07142857142857142,0.3400576368876081
2024,"garcía, yimi",632,110.4,0.31337419521812987,0.09090909090909091,0.058823529411764705,0.09090909090909091,0.36363636363636365,0.2647058823529412,0.36363636363636365,0.15789473684210525,0.10256410256410256,0.3684210526315789,0.28205128205128205,0.3,0.42105263157894735,0.0,0.3533834586466165
2024,"myers, tobias",2153,110.4,0.3139881133369979,0.1111111111111111,0.05365853658536585,0.035398230088495575,0.4074074074074074,0.32682926829268294,0.3185840707964602,0.11494252873563218,0.07653061224489796,0.3793103448275862,0.3520408163265306,0.3333333333333333,0.3563218390804598,0.07692307692307693,0.3530751708428246
2024,"mcarthur, james",910,110.3,0.3087039872056009,0.16666666666666666,0.08641975308641975,0.05405405405405406,0.3333333333333333,0.38271604938271603,0.32432432432432434,0.0,0.03508771929824561,0.17391304347826086,0.42105263157894735,0.6428571428571429,0.5652173913043478,0.0,0.3253968253968254
2024,"wheeler, zack",3136,110.2,0.3071795748177927,0.05,0.10300429184549356,0.10476190476190476,0.325,0.40772532188841204,0.3619047619047619,0.05263157894736842,0.06319702602230483,0.3157894736842105,0.35315985130111527,0.36666666666666664,0.375,0.03333333333333333,0.36890243902439024
2024,"cole, gerrit",1541,110.2,0.30779353357484424,0.05555555555555555,0.0916030534351145,0.11940298507462686,0.2777777777777778,0.2824427480916031,0.31343283582089554,0.04,0.09375,0.3,0.3203125,0.2647058823529412,0.36,0.11764705882352941,0.3724832214765101
2024,"adam, jason",1121,110.2,0.30678986053492546,0.0,0.029411764705882353,0.09523809523809523,0.5,0.39705882352941174,0.42857142857142855,0.10526315789473684,0.0625,0.34210526315789475,0.34375,0.22727272727272727,0.2631578947368421,0.13636363636363635,0.42441860465116277
2024,"spence, mitch",2482,110.1,0.30310212119602603,0.05128205128205128,0.06477732793522267,0.061946902654867256,0.41025641025641024,0.340080971659919,0.3805309734513274,0.0673076923076923,0.06637168141592921,0.3269230769230769,0.3407079646017699,0.3409090909090909,0.4326923076923077,0.09090909090909091,0.38085539714867617
2024,"neris, héctor",1013,110.1,0.30396447912110236,0.0,0.1232876712328767,0.045454545454545456,0.07692307692307693,0.3013698630136986,0.20454545454545456,0.11764705882352941,0.16981132075471697,0.35294117647058826,0.37735849056603776,0.2857142857142857,0.29411764705882354,0.07142857142857142,0.3411214953271028
2024,"martinez, seth",843,110.0,0.30227401298375595,0.0,0.06756756756756757,0.08571428571428572,0.2727272727272727,0.4594594594594595,0.42857142857142855,0.05714285714285714,0.08333333333333333,0.3142857142857143,0.35,0.3333333333333333,0.42857142857142855,0.05555555555555555,0.3969465648854962
2024,"sánchez, cristopher",2798,109.9,0.29816704148717366,0.1,0.08679245283018867,0.07746478873239436,0.3,0.3320754716981132,0.3591549295774648,0.04878048780487805,0.05928853754940711,0.3475609756097561,0.3201581027667984,0.55,0.35365853658536583,0.05,0.3377609108159393
2024,"matthews, zebby",717,109.9,0.2986147566895692,0.0625,0.045454545454545456,0.02631578947368421,0.375,0.4090909090909091,0.3684210526315789,0.047619047619047616,0.057692307692307696,0.5714285714285714,0.5,0.5833333333333334,0.09523809523809523,0.08333333333333333,0.36486486486486486
2024,"hader, josh",1168,109.7,0.29093608845193525,0.06666666666666667,0.09523809523809523,0.1111111111111111,0.4,0.3492063492063492,0.3611111111111111,0.09090909090909091,0.09090909090909091,0.2727272727272727,0.3090909090909091,0.5,0.18181818181818182,0.038461538461538464,0.3684210526315789
2024,"parker, mitchell",2404,109.7,0.2909540321122219,0.08333333333333333,0.07539682539682539,0.08196721311475409,0.4722222222222222,0.39285714285714285,0.45901639344262296,0.031578947368421054,0.05555555555555555,0.3473684210526316,0.3287037037037037,0.4090909090909091,0.37894736842105264,0.045454545454545456,0.35523613963039014
2024,"alvarado, josé",1057,109.6,0.28856518131148123,0.0,0.056338028169014086,0.07142857142857142,0.2727272727272727,0.4225352112676056,0.4523809523809524,0.06896551724137931,0.09375,0.3448275862068966,0.359375,0.2962962962962963,0.3103448275862069,0.1111111111111111,0.41208791208791207
2024,"floro, dylan",1020,109.6,0.28901544001,0.0,0.04395604395604396,0.046511627906976744,0.4,0.37362637362637363,0.3953488372093023,0.0625,0.05263157894736842,0.375,0.3815789473684211,0.4117647058823529,0.4375,0.11764705882352941,0.32592592592592595
2024,"romero, jojo",921,109.6,0.28822808114920256,0.0625,0.047619047619047616,0.07317073170731707,0.5,0.38095238095238093,0.34146341463414637,0.10344827586206896,0.11764705882352941,0.27586206896551724,0.3137254901960784,0.23529411764705882,0.41379310344827586,0.058823529411764705,0.4603174603174603
2024,"detmers, reid",1559,109.5,0.28566718846533834,0.0,0.06976744186046512,0.07246376811594203,0.36,0.3178294573643411,0.37681159420289856,0.1,0.0847457627118644,0.4,0.3559322033898305,0.3,0.34,0.1,0.3468013468013468
2024,"stratton, hunter",587,109.5,0.28491332986740553,0.16666666666666666,0.06976744186046512,0.07407407407407407,0.3333333333333333,0.4186046511627907,0.5185185185185185,0.10714285714285714,0.09803921568627451,0.2857142857142857,0.35294117647058826,0.2222222222222222,0.32142857142857145,0.0,0.2523364485981308
2024,"matsui, yuki",1066,109.5,0.286391094803817,0.0,0.1,0.07894736842105263,0.45454545454545453,0.4,0.3684210526315789,0.06896551724137931,0.1,0.41379310344827586,0.36666666666666664,0.2222222222222222,0.3103448275862069,0.05555555555555555,0.4
2024,"irvin, cole",1772,109.4,0.2840902438387765,0.10869565217391304,0.05392156862745098,0.0784313725490196,0.3695652173913043,0.3284313725490196,0.30392156862745096,0.1411764705882353,0.08860759493670886,0.3411764705882353,0.33544303797468356,0.36363636363636365,0.3764705882352941,0.030303030303030304,0.3312883435582822
2024,"holmes, grant",1029,109.4,0.2832861535264744,0.25,0.054945054945054944,0.08333333333333333,0.4166666666666667,0.4175824175824176,0.3541666666666667,0.047619047619047616,0.047619047619047616,0.30952380952380953,0.30952380952380953,0.7142857142857143,0.21428571428571427,0.0,0.3352272727272727
2024,"zerpa, angel",959,109.4,0.28182855562432485,0.14285714285714285,0.06329113924050633,0.10344827586206896,0.2857142857142857,0.3924050632911392,0.3793103448275862,0.1111111111111111,0.05357142857142857,0.2962962962962963,0.3392857142857143,0.47058823529411764,0.18518518518518517,0.058823529411764705,0.36627906976744184
2024,"tonkin, michael",1424,109.3,0.2811392134962558,0.06666666666666667,0.09803921568627451,0.0847457627118644,0.2,0.29411764705882354,0.288135593220339,0.14893617021276595,0.12359550561797752,0.2553191489361702,0.38202247191011235,0.3939393939393939,0.2553191489361702,0.030303030303030304,0.4270833333333333
2024,"payamps, joel",916,109.2,0.27645777078013384,0.16666666666666666,0.1206896551724138,0.06060606060606061,0.3333333333333333,0.27586206896551724,0.2727272727272727,0.03125,0.07692307692307693,0.375,0.3076923076923077,0.2857142857142857,0.25,0.14285714285714285,0.36942675159235666
2024,"chavez, jesse",1049,109.0,0.27187566665231894,0.0,0.02531645569620253,0.08695652173913043,0.36363636363636365,0.43037974683544306,0.4782608695652174,0.12244897959183673,0.09090909090909091,0.4489795918367347,0.3787878787878788,0.42105263157894735,0.3469387755102041,0.0,0.3314285714285714
2024,"lópez, reynaldo",2117,108.8,0.26351543319573223,0.0967741935483871,0.10326086956521739,0.0891089108910891,0.2903225806451613,0.34782608695652173,0.36633663366336633,0.06944444444444445,0.06832298136645963,0.3055555555555556,0.38509316770186336,0.3023255813953488,0.3472222222222222,0.06976744186046512,0.3358395989974937
2024,"heaney, andrew",2739,108.8,0.26570084962844454,0.08333333333333333,0.06177606177606178,0.09090909090909091,0.3888888888888889,0.3204633204633205,0.3712121212121212,0.11214953271028037,0.05333333333333334,0.48598130841121495,0.35555555555555557,0.42857142857142855,0.34579439252336447,0.02040816326530612,0.34980988593155893
2024,"vest, will",1170,108.7,0.2613831396889795,0.0,0.08602150537634409,0.0392156862745098,0.0,0.3870967741935484,0.3333333333333333,0.0,0.0945945945945946,0.2631578947368421,0.3783783783783784,0.4444444444444444,0.5,0.16666666666666666,0.3261802575107296
2024,"mantiply, joe",897,108.5,0.2556092145458447,0.0,0.03076923076923077,0.034482758620689655,0.5,0.36923076923076925,0.3793103448275862,0.1111111111111111,0.05172413793103448,0.48148148148148145,0.3620689655172414,0.8,0.37037037037037035,0.0,0.3670886075949367
2024,"feltner, ryan",2580,108.4,0.2531489359382921,0.12903225806451613,0.10869565217391304,0.10743801652892562,0.16129032258064516,0.4043478260869565,0.36363636363636365,0.06870229007633588,0.056768558951965066,0.33587786259541985,0.3799126637554585,0.3620689655172414,0.2748091603053435,0.05172413793103448,0.3536036036036036
2024,"morejón, adrián",1069,108.3,0.2504397531815066,0.0,0.014925373134328358,0.05263157894736842,0.5,0.40298507462686567,0.34210526315789475,0.06666666666666667,0.08333333333333333,0.4,0.4166666666666667,0.25,0.3111111111111111,0.1875,0.3409090909090909
2024,"liberatore, matthew",1370,108.2,0.2466159133007892,0.07142857142857142,0.06086956521739131,0.03571428571428571,0.42857142857142855,0.3565217391304348,0.35714285714285715,0.07142857142857142,0.07446808510638298,0.32142857142857145,0.3723404255319149,0.4782608695652174,0.26785714285714285,0.13043478260869565,0.34172661870503596
2024,"lugo, seth",3116,108.2,0.24541100636718727,0.10869565217391304,0.08333333333333333,0.0979020979020979,0.391304347826087,0.3782051282051282,0.38461538461538464,0.06578947368421052,0.08135593220338982,0.39473684210526316,0.3694915254237288,0.3584905660377358,0.32894736842105265,0.018867924528301886,0.3622350674373796
2024,"leiter, mark",1019,108.0,0.2397351979454148,0.0,0.08064516129032258,0.05405405405405406,0.45454545454545453,0.4032258064516129,0.3783783783783784,0.14814814814814814,0.12727272727272726,0.25925925925925924,0.32727272727272727,0.38095238095238093,0.25925925925925924,0.047619047619047616,0.4166666666666667
2024,"mears, nick",1032,108.0,0.24126864029490974,0.18181818181818182,0.140625,0.05263157894736842,0.2727272727272727,0.28125,0.2894736842105263,0.03571428571428571,0.07272727272727272,0.35714285714285715,0.36363636363636365,0.25,0.35714285714285715,0.1,0.3645320197044335
2024,"valdez, framber",2605,107.9,0.23764551897347302,0.0,0.07547169811320754,0.08490566037735849,0.30434782608695654,0.3622641509433962,0.3018867924528302,0.10204081632653061,0.1,0.3673469387755102,0.35909090909090907,0.41379310344827586,0.40816326530612246,0.05172413793103448,0.35924932975871315
2024,"maeda, kenta",1960,107.9,0.23813736727269283,0.07407407407407407,0.07100591715976332,0.04081632653061224,0.48148148148148145,0.41420118343195267,0.4387755102040816,0.060240963855421686,0.06707317073170732,0.42168674698795183,0.39634146341463417,0.3333333333333333,0.37349397590361444,0.05555555555555555,0.40634005763688763
2024,"rodríguez, eduardo",871,107.7,0.23325665347373223,0.0625,0.04878048780487805,0.022727272727272728,0.25,0.2804878048780488,0.3409090909090909,0.08695652173913043,0.16417910447761194,0.4782608695652174,0.34328358208955223,0.21052631578947367,0.43478260869565216,0.10526315789473684,0.33116883116883117
2024,"fedde, erick",2895,107.6,0.2278484428697281,0.027777777777777776,0.09266409266409266,0.09230769230769231,0.3333333333333333,0.3552123552123552,0.34615384615384615,0.06504065040650407,0.064,0.36585365853658536,0.348,0.4230769230769231,0.3821138211382114,0.07692307692307693,0.44031311154598823
2024,"phillips, evan",921,107.6,0.22982065165206486,0.0,0.08888888888888889,0.09090909090909091,0.25,0.3111111111111111,0.5151515151515151,0.0625,0.03773584905660377,0.53125,0.4528301886792453,0.2,0.28125,0.13333333333333333,0.31901840490797545
2024,"foley, jason",914,107.5,0.22451315666264396,0.0,0.0945945945945946,0.15151515151515152,0.2222222222222222,0.3108108108108108,0.30303030303030304,0.07407407407407407,0.05263157894736842,0.2962962962962963,0.3508771929824561,0.5,0.2962962962962963,0.1111111111111111,0.38271604938271603
2024,"hoeing, bryan",785,107.5,0.2250955753323497,0.1,0.11842105263157894,0.1590909090909091,0.4,0.42105263157894735,0.36363636363636365,0.0,0.037037037037037035,0.36,0.4444444444444444,0.23076923076923078,0.48,0.0,0.3360655737704918
2024,"winckowski, josh",1252,107.4,0.22367772278003506,0.0,0.09322033898305085,0.08928571428571429,0.3076923076923077,0.3813559322033898,0.48214285714285715,0.05,0.09433962264150944,0.36666666666666664,0.330188679245283,0.2222222222222222,0.4666666666666667,0.07407407407407407,0.35585585585585583
2024,"bernardino, brennan",883,107.4,0.22170356890660112,0.125,0.14814814814814814,0.16666666666666666,0.125,0.3888888888888889,0.36666666666666664,0.038461538461538464,0.06818181818181818,0.34615384615384615,0.36363636363636365,0.2,0.2692307692307692,0.05,0.2848101265822785
2024,"mlodzinski, carmen",871,107.4,0.22139036238404322,0.0,0.06779661016949153,0.0967741935483871,0.25,0.3050847457627119,0.1935483870967742,0.1,0.037037037037037035,0.4,0.3333333333333333,0.29411764705882354,0.3333333333333333,0.23529411764705882,0.3575757575757576
2024,"lively, ben",2409,107.1,0.21411930888293823,0.06666666666666667,0.08906882591093117,0.05825242718446602,0.36666666666666664,0.3724696356275304,0.34951456310679613,0.08641975308641975,0.06866952789699571,0.30864197530864196,0.31759656652360513,0.4,0.43209876543209874,0.08,0.41216216216216217
2024,"pop, zach",760,107.0,0.20950718629816753,0.0,0.04918032786885246,0.03571428571428571,0.4,0.39344262295081966,0.39285714285714285,0.03571428571428571,0.057692307692307696,0.39285714285714285,0.4230769230769231,0.35714285714285715,0.2857142857142857,0.21428571428571427,0.3769230769230769
2024,"kelly, zack",969,107.0,0.20985252487611006,0.0,0.05660377358490566,0.0,0.2,0.3018867924528302,0.22857142857142856,0.09375,0.11764705882352941,0.34375,0.43137254901960786,0.20833333333333334,0.25,0.2916666666666667,0.4107142857142857
2024,"scherzer, max",670,106.9,0.20855147441710997,0.1,0.10714285714285714,0.125,0.3,0.375,0.5625,0.05555555555555555,0.05084745762711865,0.3888888888888889,0.22033898305084745,0.3,0.5277777777777778,0.0,0.2900763358778626
2024,"alexander, tyler",1673,106.9,0.20754477908515387,0.15625,0.059880239520958084,0.09523809523809523,0.375,0.2874251497005988,0.35714285714285715,0.06896551724137931,0.07333333333333333,0.27586206896551724,0.31333333333333335,0.46153846153846156,0.41379310344827586,0.07692307692307693,0.33746130030959753
2024,"carrasco, carlos",1693,106.8,0.20419915195962648,0.038461538461538464,0.08074534161490683,0.058823529411764705,0.23076923076923078,0.33540372670807456,0.35294117647058826,0.09210526315789473,0.12244897959183673,0.42105263157894735,0.3877551020408163,0.35135135135135137,0.39473684210526316,0.05405405405405406,0.3987138263665595
2024,"gray, jon",1635,106.8,0.2042948779337392,0.07692307692307693,0.06701030927835051,0.07446808510638298,0.4230769230769231,0.39690721649484534,0.3191489361702128,0.07246376811594203,0.04411764705882353,0.37681159420289856,0.3382352941176471,0.7083333333333334,0.463768115942029,0.0,0.3225806451612903
2024,"durán, jhoan",890,106.6,0.19779595121364657,0.0,0.08771929824561403,0.13793103448275862,0.0,0.42105263157894735,0.2413793103448276,0.10714285714285714,0.061224489795918366,0.42857142857142855,0.5306122448979592,0.5,0.21428571428571427,0.05555555555555555,0.37583892617449666
2024,"fernandez, ryan",1213,106.5,0.19537414586110044,0.0,0.07352941176470588,0.07894736842105263,0.2,0.5,0.4473684210526316,0.08823529411764706,0.0547945205479452,0.29411764705882354,0.3698630136986301,0.2692307692307692,0.3235294117647059,0.15384615384615385,0.3476190476190476
2024,"snell, blake",1774,106.3,0.18965086419144883,0.0,0.1111111111111111,0.09803921568627451,0.23076923076923078,0.31313131313131315,0.3333333333333333,0.07462686567164178,0.10569105691056911,0.3582089552238806,0.3902439024390244,0.20454545454545456,0.2537313432835821,0.1590909090909091,0.4117647058823529
2024,"paddack, chris",1462,106.3,0.19061545763509283,0.11538461538461539,0.07096774193548387,0.10588235294117647,0.2692307692307692,0.3096774193548387,0.32941176470588235,0.08064516129032258,0.031746031746031744,0.532258064516129,0.40476190476190477,0.42857142857142855,0.4032258064516129,0.047619047619047616,0.34099616858237547
2024,"castillo, luis",2867,106.2,0.18803439535929128,0.07142857142857142,0.048327137546468404,0.05925925925925926,0.3333333333333333,0.35687732342007433,0.42962962962962964,0.1308411214953271,0.0881057268722467,0.38317757009345793,0.29515418502202645,0.4583333333333333,0.308411214953271,0.08333333333333333,0.3644214162348877
2024,"erceg, lucas",955,106.2,0.18701303631199023,0.125,0.03636363636363636,0.07142857142857142,0.5,0.38181818181818183,0.35714285714285715,0.09302325581395349,0.07547169811320754,0.46511627906976744,0.4339622641509434,0.1111111111111111,0.18604651162790697,0.16666666666666666,0.33774834437086093
2024,"herz, dj",1587,106.2,0.18612697325128996,0.05263157894736842,0.10714285714285714,0.08771929824561403,0.5263157894736842,0.38392857142857145,0.3684210526315789,0.08163265306122448,0.11965811965811966,0.2653061224489796,0.42735042735042733,0.2894736842105263,0.30612244897959184,0.02631578947368421,0.38762214983713356
2024,"robertson, david",1228,106.1,0.18362847384263506,0.0,0.1044776119402985,0.21621621621621623,0.5,0.31343283582089554,0.3783783783783784,0.09375,0.07017543859649122,0.34375,0.2982456140350877,0.4074074074074074,0.1875,0.037037037037037035,0.39805825242718446
2024,"smith, will",681,106.1,0.1834631737543199,0.09090909090909091,0.12962962962962962,0.07894736842105263,0.2727272727272727,0.3333333333333333,0.3157894736842105,0.07692307692307693,0.07142857142857142,0.38461538461538464,0.38095238095238093,0.3076923076923077,0.34615384615384615,0.07692307692307693,0.37623762376237624
2024,"miller, bryce",2753,106.0,0.18031806439432627,0.11363636363636363,0.06741573033707865,0.08196721311475409,0.4090909090909091,0.38202247191011235,0.45081967213114754,0.05555555555555555,0.0759493670886076,0.4111111111111111,0.3628691983122363,0.4186046511627907,0.34444444444444444,0.046511627906976744,0.3415559772296015
2024,"muller, kyle",739,105.9,0.176905948951878,0.1,0.06493506493506493,0.08108108108108109,0.3,0.4155844155844156,0.4864864864864865,0.037037037037037035,0.07246376811594203,0.4444444444444444,0.36231884057971014,0.625,0.37037037037037035,0.0,0.27611940298507465
2024,"stanek, ryne",985,105.7,0.17122110695504075,0.07692307692307693,0.1016949152542373,0.037037037037037035,0.15384615384615385,0.3050847457627119,0.18518518518518517,0.0,0.1346153846153846,0.35,0.34615384615384615,0.43478260869565216,0.55,0.13043478260869565,0.3386243386243386
2024,"slaten, justin",812,105.6,0.1693447614868039,0.0,0.0410958904109589,0.02564102564102564,0.5,0.3835616438356164,0.38461538461538464,0.05555555555555555,0.07692307692307693,0.5,0.38461538461538464,0.36363636363636365,0.3055555555555556,0.18181818181818182,0.375
2024,"sears, jp",2858,105.6,0.16935704721158368,0.05555555555555555,0.06810035842293907,0.07462686567164178,0.2962962962962963,0.36200716845878134,0.3582089552238806,0.06299212598425197,0.07636363636363637,0.30708661417322836,0.3490909090909091,0.47540983606557374,0.4645669291338583,0.09836065573770492,0.33586337760910817
2024,"fried, max",2766,105.5,0.16476460200971008,0.21739130434782608,0.09859154929577464,0.11206896551724138,0.30434782608695654,0.3474178403755869,0.3275862068965517,0.07586206896551724,0.08050847457627118,0.35172413793103446,0.3559322033898305,0.23809523809523808,0.3448275862068966,0.047619047619047616,0.3784355179704017
2024,"ginn, j. t.",520,105.4,0.16359470181677374,0.0,0.09433962264150944,0.06666666666666667,0.16666666666666666,0.49056603773584906,0.5,0.041666666666666664,0.043478260869565216,0.5,0.45652173913043476,0.4,0.5416666666666666,0.0,0.4931506849315068
2024,"festa, david",1099,105.4,0.1613456521922494,0.06666666666666667,0.1,0.10204081632653061,0.5333333333333333,0.34444444444444444,0.40816326530612246,0.05714285714285714,0.060240963855421686,0.37142857142857144,0.30120481927710846,0.3181818181818182,0.37142857142857144,0.09090909090909091,0.38349514563106796
2024,"eovaldi, nathan",2623,105.3,0.1581437921178429,0.1111111111111111,0.0823045267489712,0.0703125,0.3888888888888889,0.34156378600823045,0.375,0.06956521739130435,0.07456140350877193,0.391304347826087,0.35964912280701755,0.375,0.3826086956521739,0.08333333333333333,0.3127413127413127
2024,"matz, steven",758,105.3,0.15822777758405426,0.0,0.017857142857142856,0.08823529411764706,0.4,0.4107142857142857,0.47058823529411764,0.10256410256410256,0.07936507936507936,0.28205128205128205,0.3333333333333333,0.4666666666666667,0.3333333333333333,0.13333333333333333,0.4177215189873418
2024,"kelly, merrill",1143,105.2,0.15764997478391723,0.17391304347826086,0.06666666666666667,0.046875,0.30434782608695654,0.31666666666666665,0.265625,0.06,0.07766990291262135,0.36,0.3883495145631068,0.6,0.32,0.1,0.31627906976744186
2024,"estrada, jeremiah",1008,105.2,0.156532565076246,0.0,0.12903225806451613,0.16,0.2857142857142857,0.4032258064516129,0.36,0.0,0.04081632653061224,0.2727272727272727,0.3877551020408163,0.4,0.4090909090909091,0.1,0.36538461538461536
2024,"hudson, daniel",1000,105.1,0.15290781605165774,0.05263157894736842,0.0625,0.05555555555555555,0.42105263157894735,0.3875,0.3333333333333333,0.08,0.07547169811320754,0.4,0.37735849056603776,0.29411764705882354,0.28,0.17647058823529413,0.37209302325581395
2024,"webb, jacob",938,105.0,0.14901813940680686,0.1,0.11864406779661017,0.03571428571428571,0.4,0.3559322033898305,0.17857142857142858,0.03571428571428571,0.1694915254237288,0.32142857142857145,0.4576271186440678,0.55,0.21428571428571427,0.05,0.36065573770491804
2024,"bibee, tanner",2853,104.8,0.14306419715235907,0.06060606060606061,0.11739130434782609,0.10743801652892562,0.18181818181818182,0.39565217391304347,0.34710743801652894,0.07142857142857142,0.07727272727272727,0.35714285714285715,0.36818181818181817,0.34,0.35714285714285715,0.08,0.38200339558573854
2024,"rea, colin",2656,104.8,0.14508904119617613,0.06818181818181818,0.06920415224913495,0.09523809523809523,0.4090909090909091,0.3460207612456747,0.3469387755102041,0.06422018348623854,0.06751054852320675,0.3669724770642202,0.3333333333333333,0.425531914893617,0.4036697247706422,0.10638297872340426,0.3831578947368421
2024,"darvish, yu",1264,104.7,0.14208812013667216,0.11764705882352941,0.09523809523809523,0.10909090909090909,0.47058823529411764,0.36507936507936506,0.32727272727272727,0.02127659574468085,0.05660377358490566,0.19148936170212766,0.33962264150943394,0.30434782608695654,0.3617021276595745,0.17391304347826086,0.32936507936507936
2024,"burke, brock",581,104.7,0.14189962145820853,0.0,0.1111111111111111,0.043478260869565216,0.3333333333333333,0.26666666666666666,0.34782608695652173,0.08333333333333333,0.08571428571428572,0.25,0.2857142857142857,0.5384615384615384,0.4166666666666667,0.15384615384615385,0.29411764705882354
2024,"chirinos, yonny",516,104.7,0.14172681117473768,0.0,0.10204081632653061,0.16,0.375,0.30612244897959184,0.36,0.10344827586206896,0.16071428571428573,0.3448275862068966,0.32142857142857145,0.3125,0.3448275862068966,0.0,0.36363636363636365
2024,"okert, steven",629,104.6,0.13859903575888632,0.0,0.06060606060606061,0.09523809523809523,0.5,0.48484848484848486,0.38095238095238093,0.037037037037037035,0.05,0.4444444444444444,0.425,0.2857142857142857,0.3333333333333333,0.14285714285714285,0.29523809523809524
2024,"houck, tanner",2740,104.6,0.1381073039064073,0.10714285714285714,0.1079136690647482,0.11267605633802817,0.2857142857142857,0.34172661870503596,0.34507042253521125,0.058333333333333334,0.0846774193548387,0.36666666666666664,0.3467741935483871,0.5666666666666667,0.35,0.016666666666666666,0.3484848484848485
2024,"sandlin, nick",1010,104.3,0.12943951054830177,0.2,0.1044776119402985,0.13513513513513514,0.4666666666666667,0.34328358208955223,0.32432432432432434,0.05,0.06976744186046512,0.35,0.23255813953488372,0.32142857142857145,0.35,0.07142857142857142,0.3696969696969697
2024,"brown, hunter",2890,104.3,0.12864555431139682,0.05,0.0825242718446602,0.05128205128205128,0.4,0.4029126213592233,0.3333333333333333,0.14705882352941177,0.11934156378600823,0.375,0.41975308641975306,0.3,0.21323529411764705,0.08333333333333333,0.3785310734463277
2024,"kolek, stephen",799,104.2,0.1251578478057928,0.0,0.11290322580645161,0.08571428571428572,0.5,0.3387096774193548,0.4,0.05,0.04918032786885246,0.3,0.2786885245901639,0.5,0.375,0.14285714285714285,0.26143790849673204
2024,"rodón, carlos",3102,104.1,0.12335813832812523,0.06,0.09727626459143969,0.10655737704918032,0.42,0.42412451361867703,0.38524590163934425,0.0898876404494382,0.07627118644067797,0.449438202247191,0.4279661016949153,0.3076923076923077,0.30337078651685395,0.03076923076923077,0.35581787521079256
2024,"kershaw, clayton",508,104.0,0.11987987013086403,0.3333333333333333,0.09615384615384616,0.16129032258064516,0.3333333333333333,0.17307692307692307,0.22580645161290322,0.047619047619047616,0.09302325581395349,0.42857142857142855,0.3488372093023256,0.3,0.42857142857142855,0.0,0.34
2024,"musgrove, joe",1582,104.0,0.12041262721498305,0.18518518518518517,0.08391608391608392,0.09210526315789473,0.4074074074074074,0.3916083916083916,0.40789473684210525,0.14285714285714285,0.06976744186046512,0.3469387755102041,0.24806201550387597,0.36666666666666664,0.30612244897959184,0.03333333333333333,0.4269230769230769
2024,"holmes, clay",1087,103.9,0.11815814055073348,0.0,0.06060606060606061,0.09090909090909091,0.16666666666666666,0.4696969696969697,0.5757575757575758,0.13513513513513514,0.0625,0.35135135135135137,0.390625,0.4166666666666667,0.2702702702702703,0.08333333333333333,0.34782608695652173
2024,"garcía, luis",904,103.8,0.11562428969879777,0.09090909090909091,0.06578947368421052,0.10526315789473684,0.36363636363636365,0.32894736842105265,0.34210526315789475,0.0967741935483871,0.057971014492753624,0.4838709677419355,0.4782608695652174,0.35714285714285715,0.3225806451612903,0.07142857142857142,0.36774193548387096
2024,"schreiber, john",899,103.7,0.1109335728148323,0.0,0.12280701754385964,0.16,0.0,0.49122807017543857,0.52,0.08,0.08771929824561403,0.28,0.3508771929824561,0.38095238095238093,0.28,0.047619047619047616,0.3496932515337423
2024,"skenes, paul",2127,103.6,0.10800335130058618,0.0,0.08552631578947369,0.07246376811594203,0.125,0.3618421052631579,0.34782608695652173,0.11538461538461539,0.08552631578947369,0.4358974358974359,0.4342105263157895,0.3783783783783784,0.21794871794871795,0.16216216216216217,0.32062780269058294
2024,"gausman, kevin",2959,103.6,0.10816437896830117,0.0,0.07719298245614035,0.06569343065693431,0.49019607843137253,0.4070175438596491,0.40875912408759124,0.04310344827586207,0.10569105691056911,0.3706896551724138,0.35365853658536583,0.34545454545454546,0.43103448275862066,0.10909090909090909,0.38593481989708406
2024,"varland, louis",905,103.5,0.10521243475072208,0.0,0.08695652173913043,0.06,0.38461538461538464,0.40217391304347827,0.46,0.125,0.08823529411764706,0.3125,0.36764705882352944,0.3684210526315789,0.3125,0.10526315789473684,0.3516483516483517
2024,"miller, shelby",853,103.3,0.10078234821034585,0.1111111111111111,0.0684931506849315,0.06666666666666667,0.2222222222222222,0.3150684931506849,0.2,0.08,0.12280701754385964,0.4,0.42105263157894735,0.5,0.64,0.0,0.35668789808917195
2024,"olson, reese",1855,103.3,0.09981387237375193,0.05555555555555555,0.07262569832402235,0.05952380952380952,0.5,0.3463687150837989,0.32142857142857145,0.11267605633802817,0.08053691275167785,0.4084507042253521,0.38926174496644295,0.32432432432432434,0.38028169014084506,0.10810810810810811,0.3864406779661017
2024,"knack, landon",1149,103.3,0.0986350018592841,0.1,0.0660377358490566,0.0625,0.35,0.37735849056603776,0.3333333333333333,0.08823529411764706,0.041237113402061855,0.4117647058823529,0.36082474226804123,0.38095238095238093,0.4117647058823529,0.14285714285714285,0.36666666666666664
2024,"blackburn, paul",1212,103.3,0.09914848239005047,0.0,0.09090909090909091,0.07575757575757576,0.631578947368421,0.4090909090909091,0.45454545454545453,0.07017543859649122,0.08490566037735849,0.42105263157894735,0.44339622641509435,0.36363636363636365,0.3157894736842105,0.045454545454545456,0.4354066985645933
2024,"springs, jeffrey",565,103.2,0.09495904618910203,0.1111111111111111,0.0625,0.17391304347826086,0.4444444444444444,0.3958333333333333,0.34782608695652173,0.18181818181818182,0.027777777777777776,0.3181818181818182,0.3611111111111111,0.25,0.22727272727272727,0.08333333333333333,0.41836734693877553
2024,"strahm, matt",987,103.2,0.09641589443387232,0.0,0.06779661016949153,0.08,0.375,0.4067796610169492,0.36,0.08695652173913043,0.07272727272727272,0.6086956521739131,0.41818181818181815,0.375,0.21739130434782608,0.125,0.32217573221757323
2024,"woods richardson, simeon",2298,103.1,0.09208560987941794,0.16666666666666666,0.065,0.1134020618556701,0.43333333333333335,0.325,0.31958762886597936,0.09,0.08629441624365482,0.32,0.28426395939086296,0.40425531914893614,0.38,0.0851063829787234,0.38381742738589214
2024,"de los santos, enyel",1138,103.0,0.08933981674509159,0.05263157894736842,0.08860759493670886,0.09523809523809523,0.5263157894736842,0.3037974683544304,0.38095238095238093,0.10810810810810811,0.15254237288135594,0.2972972972972973,0.288135593220339,0.38461538461538464,0.4864864864864865,0.0,0.3855932203389831
2024,"kochanowicz, jack",863,103.0,0.08930473443412154,0.0,0.07563025210084033,0.1509433962264151,0.46153846153846156,0.36134453781512604,0.41509433962264153,0.058823529411764705,0.027777777777777776,0.35294117647058826,0.39814814814814814,0.29411764705882354,0.49019607843137253,0.11764705882352941,0.2994011976047904
2024,"bivens, spencer",770,102.6,0.07900548451729199,0.0,0.08450704225352113,0.07142857142857142,0.5454545454545454,0.39436619718309857,0.4642857142857143,0.06451612903225806,0.047619047619047616,0.41935483870967744,0.4444444444444444,0.3,0.45161290322580644,0.1,0.3082706766917293
2024,"bradley, taj",2296,102.2,0.06502181120830794,0.05555555555555555,0.06542056074766354,0.06521739130434782,0.2777777777777778,0.3364485981308411,0.32608695652173914,0.14285714285714285,0.10795454545454546,0.44285714285714284,0.3977272727272727,0.3404255319148936,0.4,0.0851063829787234,0.4004282655246253
2024,"suárez, albert",2242,102.1,0.06349077443143096,0.07407407407407407,0.09090909090909091,0.042105263157894736,0.4074074074074074,0.3939393939393939,0.43157894736842106,0.052083333333333336,0.10050251256281408,0.4583333333333333,0.3768844221105528,0.4523809523809524,0.3541666666666667,0.07142857142857142,0.4279176201372998
2024,"bido, osvaldo",1057,102.1,0.06222310846215147,0.0,0.06060606060606061,0.03571428571428571,0.6,0.48484848484848486,0.4642857142857143,0.10869565217391304,0.1111111111111111,0.3695652173913043,0.45555555555555555,0.27586206896551724,0.2608695652173913,0.10344827586206896,0.4174757281553398
2024,"irvin, jake",3050,101.9,0.05595175474517831,0.1,0.07308970099667775,0.08088235294117647,0.36,0.3554817275747508,0.375,0.06923076923076923,0.06792452830188679,0.4153846153846154,0.39622641509433965,0.42592592592592593,0.4230769230769231,0.09259259259259259,0.37564322469982847
2024,"brown, ben",849,101.9,0.0570504829803156,0.0,0.08641975308641975,0.11428571428571428,0.5,0.35802469135802467,0.34285714285714286,0.09090909090909091,0.1206896551724138,0.2727272727272727,0.3793103448275862,0.5789473684210527,0.45454545454545453,0.0,0.38636363636363635
2024,"cabrera, génesis",1047,101.9,0.057897483896199683,0.0,0.08536585365853659,0.075,0.4166666666666667,0.3902439024390244,0.5,0.07692307692307693,0.140625,0.34615384615384615,0.375,0.4230769230769231,0.38461538461538464,0.038461538461538464,0.37640449438202245
2024,"brito, jhony",634,101.9,0.0569367398855745,0.125,0.06779661016949153,0.13793103448275862,0.625,0.4067796610169492,0.3793103448275862,0.025,0.034482758620689655,0.4,0.43103448275862066,0.5714285714285714,0.425,0.0,0.4158415841584158
2024,"funderburk, kody",653,101.7,0.05185550220456552,0.0,0.08695652173913043,0.058823529411764705,0.375,0.5,0.4117647058823529,0.16,0.12121212121212122,0.44,0.5151515151515151,0.15789473684210525,0.24,0.05263157894736842,0.4
2024,"pérez, martín",2208,101.7,0.050747978114019696,0.11764705882352941,0.08,0.10256410256410256,0.38235294117647056,0.3377777777777778,0.37606837606837606,0.09433962264150944,0.06735751295336788,0.330188679245283,0.38341968911917096,0.32,0.4811320754716981,0.08,0.3542234332425068
2024,"chafin, andrew",979,101.6,0.047107971126340846,0.125,0.08620689655172414,0.07407407407407407,0.5,0.3448275862068966,0.4074074074074074,0.15789473684210525,0.020833333333333332,0.2631578947368421,0.2708333333333333,0.46153846153846156,0.47368421052631576,0.07692307692307693,0.410958904109589
2024,"marsh, alec",2164,101.6,0.04728814199662381,0.14285714285714285,0.07960199004975124,0.06930693069306931,0.4,0.3781094527363184,0.42574257425742573,0.05952380952380952,0.075,0.4166666666666667,0.3875,0.3125,0.44047619047619047,0.08333333333333333,0.3602941176470588
2024,"santana, dennis",1109,101.6,0.048211156833285855,0.125,0.06578947368421052,0.06976744186046512,0.375,0.40789473684210525,0.3953488372093023,0.14285714285714285,0.08450704225352113,0.40476190476190477,0.4084507042253521,0.30434782608695654,0.2857142857142857,0.08695652173913043,0.2631578947368421
2024,"cortés, néstor",2851,101.6,0.04706108463119244,0.07894736842105263,0.07011070110701106,0.0873015873015873,0.47368421052631576,0.41697416974169743,0.49206349206349204,0.05785123966942149,0.06097560975609756,0.4380165289256198,0.3943089430894309,0.41025641025641024,0.4297520661157025,0.05128205128205128,0.38235294117647056
2024,"mayza, tim",740,101.3,0.03970052726245685,0.0,0.06557377049180328,0.08571428571428572,0.16666666666666666,0.47540983606557374,0.42857142857142855,0.06451612903225806,0.1276595744680851,0.45161290322580644,0.48936170212765956,0.38461538461538464,0.3225806451612903,0.07692307692307693,0.3826086956521739
2024,"thompson, keegan",538,101.3,0.03819293111488586,0.125,0.15151515151515152,0.2,0.125,0.3333333333333333,0.26666666666666666,0.14285714285714285,0.125,0.2857142857142857,0.34375,0.5,0.07142857142857142,0.0,0.39805825242718446
2024,"kopech, michael",1150,101.2,0.03744726440099421,0.0,0.10606060606060606,0.07142857142857142,0.25,0.2878787878787879,0.2857142857142857,0.13793103448275862,0.16363636363636364,0.27586206896551724,0.4,0.3055555555555556,0.3793103448275862,0.1111111111111111,0.3864734299516908
2024,"avila, pedro",1427,101.2,0.03663430775031639,0.0,0.10833333333333334,0.078125,0.45454545454545453,0.39166666666666666,0.328125,0.09803921568627451,0.10465116279069768,0.35294117647058826,0.3953488372093023,0.36363636363636365,0.45098039215686275,0.06060606060606061,0.4220532319391635
2024,"lópez, jorge",806,101.2,0.03742052650769606,0.0,0.07017543859649122,0.07407407407407407,0.5,0.38596491228070173,0.37037037037037035,0.13333333333333333,0.13559322033898305,0.4666666666666667,0.423728813559322,0.3333333333333333,0.3,0.05555555555555555,0.3559322033898305
2024,"montgomery, jordan",1941,101.2,0.0373546247242341,0.08333333333333333,0.11214953271028037,0.10810810810810811,0.4583333333333333,0.37850467289719625,0.3963963963963964,0.049019607843137254,0.06818181818181818,0.4117647058823529,0.375,0.38461538461538464,0.4215686274509804,0.05128205128205128,0.3854166666666667
2024,"anderson, justin",949,101.1,0.03439274733352208,0.0,0.13559322033898305,0.12121212121212122,0.3,0.2542372881355932,0.30303030303030304,0.17142857142857143,0.15384615384615385,0.2571428571428571,0.28846153846153844,0.2727272727272727,0.3142857142857143,0.09090909090909091,0.4
2024,"peralta, freddy",3070,101.0,0.030323451792228676,0.08571428571428572,0.09047619047619047,0.09016393442622951,0.2857142857142857,0.38095238095238093,0.4016393442622951,0.12598425196850394,0.12442396313364056,0.3779527559055118,0.3640552995391705,0.26666666666666666,0.25984251968503935,0.09333333333333334,0.45724907063197023
2024,"anderson, nick",578,100.8,0.02444452312475194,0.2857142857142857,0.10416666666666667,0.07692307692307693,0.2857142857142857,0.3333333333333333,0.38461538461538464,0.10526315789473684,0.08108108108108109,0.3684210526315789,0.2702702702702703,0.2857142857142857,0.3684210526315789,0.07142857142857142,0.3953488372093023
2024,"williams, trevor",1064,100.6,0.018897577544918227,0.0,0.07368421052631578,0.08571428571428572,0.5454545454545454,0.4105263157894737,0.42857142857142855,0.05128205128205128,0.08421052631578947,0.5128205128205128,0.42105263157894735,0.17647058823529413,0.46153846153846156,0.11764705882352941,0.350253807106599
2024,"miller, tyson",934,100.6,0.01827908273933521,0.15384615384615385,0.13432835820895522,0.08108108108108109,0.5384615384615384,0.34328358208955223,0.40540540540540543,0.05714285714285714,0.10526315789473684,0.34285714285714286,0.34210526315789475,0.1875,0.42857142857142855,0.0625,0.3489583333333333
2024,"gallen, zac",2507,100.6,0.017651507192522398,0.06896551724137931,0.0752212389380531,0.07142857142857142,0.2413793103448276,0.40707964601769914,0.38392857142857145,0.07142857142857142,0.08024691358024691,0.4880952380952381,0.47530864197530864,0.3508771929824561,0.42857142857142855,0.08771929824561403,0.4097560975609756
2024,"keller, mitch",2852,100.5,0.015549398334316893,0.11428571428571428,0.07142857142857142,0.06474820143884892,0.34285714285714286,0.32857142857142857,0.3669064748201439,0.10077519379844961,0.09811320754716982,0.43410852713178294,0.39245283018867927,0.41935483870967744,0.4108527131782946,0.08064516129032258,0.34807692307692306
2024,"nardi, andrew",910,100.3,0.00792408752272278,0.0,0.13513513513513514,0.11538461538461539,0.5714285714285714,0.43243243243243246,0.6153846153846154,0.0,0.043478260869565216,0.4,0.41304347826086957,0.35294117647058826,0.4,0.058823529411764705,0.29850746268656714
2024,"peguero, elvis",839,100.3,0.010043522268691088,0.2,0.109375,0.1,0.4,0.421875,0.36666666666666664,0.08695652173913043,0.11538461538461539,0.391304347826087,0.36538461538461536,0.2608695652173913,0.391304347826087,0.0,0.3082706766917293
2024,"corbin, patrick",2889,99.6,-0.011668144875230498,0.1590909090909091,0.09779179810725552,0.12429378531073447,0.36363636363636365,0.3785488958990536,0.3954802259887006,0.06504065040650407,0.05217391304347826,0.36585365853658536,0.3565217391304348,0.45454545454545453,0.4715447154471545,0.03636363636363636,0.4015748031496063
2024,"díaz, edwin",914,99.6,-0.01175734247472552,0.0,0.03225806451612903,0.09523809523809523,0.6666666666666666,0.3548387096774194,0.38095238095238093,0.125,0.13157894736842105,0.4166666666666667,0.3157894736842105,0.13043478260869565,0.375,0.17391304347826086,0.3712574850299401
2024,"domínguez, seranthony",1064,99.4,-0.016728558552860963,0.0,0.03333333333333333,0.06060606060606061,0.5294117647058824,0.38333333333333336,0.48484848484848486,0.13793103448275862,0.15,0.3448275862068966,0.4166666666666667,0.3333333333333333,0.3448275862068966,0.09523809523809523,0.4320388349514563
2024,"severino, luis",2892,99.1,-0.025731179815347803,0.13333333333333333,0.0967741935483871,0.10852713178294573,0.3333333333333333,0.3911290322580645,0.40310077519379844,0.08,0.08235294117647059,0.36,0.3607843137254902,0.2857142857142857,0.4,0.1,0.35467980295566504
2024,"leclerc, josé",1207,98.9,-0.03416338897132478,0.08333333333333333,0.11864406779661017,0.08108108108108109,0.3333333333333333,0.3898305084745763,0.4864864864864865,0.08571428571428572,0.0847457627118644,0.4857142857142857,0.4406779661016949,0.375,0.17142857142857143,0.09375,0.3520408163265306
2024,"singer, brady",2969,98.9,-0.03315710980886631,0.075,0.0948905109489051,0.08391608391608392,0.35,0.4343065693430657,0.4125874125874126,0.1015625,0.10176991150442478,0.4296875,0.40707964601769914,0.45161290322580644,0.359375,0.03225806451612903,0.35853131749460043
2024,"quintana, jose",2826,98.9,-0.03289577077072884,0.12121212121212122,0.10887096774193548,0.10852713178294573,0.3333333333333333,0.34274193548387094,0.37209302325581395,0.12307692307692308,0.08438818565400844,0.4076923076923077,0.3459915611814346,0.4166666666666667,0.2923076923076923,0.06944444444444445,0.4511627906976744
2024,"chapman, aroldis",1130,98.8,-0.0360108790268032,0.2222222222222222,0.07692307692307693,0.18181818181818182,0.4444444444444444,0.25,0.4090909090909091,0.14285714285714285,0.0425531914893617,0.2857142857142857,0.23404255319148937,0.24324324324324326,0.09523809523809523,0.21621621621621623,0.3145539906103286
2024,"wilson, bryse",1643,98.7,-0.04028082415295678,0.034482758620689655,0.07692307692307693,0.09574468085106383,0.41379310344827586,0.34911242603550297,0.39361702127659576,0.029850746268656716,0.050724637681159424,0.3582089552238806,0.34782608695652173,0.35294117647058826,0.5223880597014925,0.20588235294117646,0.3654485049833887
2024,"scott, tanner",1179,98.7,-0.03872880943473728,0.16666666666666666,0.03636363636363636,0.06666666666666667,0.6666666666666666,0.2545454545454545,0.3333333333333333,0.15217391304347827,0.1323529411764706,0.3695652173913043,0.29411764705882354,0.16129032258064516,0.1956521739130435,0.22580645161290322,0.2597402597402597
2024,"pressly, ryan",969,98.4,-0.04780493018668603,0.2222222222222222,0.09722222222222222,0.10256410256410256,0.5555555555555556,0.375,0.38461538461538464,0.10344827586206896,0.10909090909090909,0.41379310344827586,0.38181818181818183,0.25,0.2413793103448276,0.05,0.32085561497326204
2024,"law, derek",1371,98.4,-0.047903397780796185,0.1,0.09734513274336283,0.13333333333333333,0.4,0.415929203539823,0.4666666666666667,0.05555555555555555,0.05102040816326531,0.2962962962962963,0.37755102040816324,0.5,0.3148148148148148,0.1,0.36486486486486486
2024,"mccaughan, darren",714,98.3,-0.050175477778410756,0.08333333333333333,0.1282051282051282,0.13157894736842105,0.4166666666666667,0.32051282051282054,0.39473684210526316,0.14705882352941177,0.057971014492753624,0.35294117647058826,0.2898550724637681,0.38095238095238093,0.29411764705882354,0.09523809523809523,0.3888888888888889
2024,"rodríguez, randy",879,98.2,-0.054314544516507295,0.14285714285714285,0.09836065573770492,0.0967741935483871,0.42857142857142855,0.4262295081967213,0.3870967741935484,0.11428571428571428,0.07692307692307693,0.4,0.4461538461538462,0.3684210526315789,0.2857142857142857,0.05263157894736842,0.32450331125827814
2024,"long, sam",706,98.2,-0.05387004166853212,0.0,0.046511627906976744,0.041666666666666664,0.25,0.32558139534883723,0.4166666666666667,0.16666666666666666,0.12195121951219512,0.5555555555555556,0.36585365853658536,0.35714285714285715,0.3888888888888889,0.14285714285714285,0.28225806451612906
2024,"spiers, carson",1554,98.2,-0.054790605823798244,0.06666666666666667,0.08,0.05952380952380952,0.36666666666666664,0.36666666666666664,0.40476190476190477,0.05555555555555555,0.09027777777777778,0.4305555555555556,0.3680555555555556,0.4666666666666667,0.4444444444444444,0.13333333333333333,0.33807829181494664
2024,"moll, sam",632,98.1,-0.05575750867064528,0.16666666666666666,0.09523809523809523,0.125,0.3333333333333333,0.30952380952380953,0.375,0.07142857142857142,0.025,0.42857142857142855,0.375,0.5,0.21428571428571427,0.16666666666666666,0.29357798165137616
2024,"pearson, nate",1059,97.9,-0.062295629480299916,0.058823529411764705,0.054945054945054944,0.08333333333333333,0.23529411764705882,0.3956043956043956,0.4166666666666667,0.1,0.109375,0.36666666666666664,0.3125,0.47619047619047616,0.4,0.14285714285714285,0.39285714285714285
2024,"scott, christian",788,97.8,-0.06485054275891,0.07142857142857142,0.06666666666666667,0.05405405405405406,0.35714285714285715,0.5066666666666667,0.4864864864864865,0.12903225806451613,0.1,0.5161290322580645,0.35714285714285715,0.23076923076923078,0.41935483870967744,0.07692307692307693,0.36627906976744184
2024,"wrobleski, justin",593,97.7,-0.06777245457637869,0.07692307692307693,0.10909090909090909,0.1,0.46153846153846156,0.36363636363636365,0.36666666666666664,0.09090909090909091,0.12,0.36363636363636365,0.38,0.47058823529411764,0.5,0.0,0.32673267326732675
2024,"weathers, ryan",1417,97.7,-0.06904315431270465,0.10526315789473684,0.12030075187969924,0.10909090909090909,0.42105263157894735,0.42857142857142855,0.43636363636363634,0.07017543859649122,0.06201550387596899,0.38596491228070173,0.40310077519379844,0.3870967741935484,0.2631578947368421,0.0967741935483871,0.40350877192982454
2024,"blanco, ronel",2753,97.6,-0.07246352309438706,0.075,0.08292682926829269,0.09523809523809523,0.375,0.375609756097561,0.3142857142857143,0.07920792079207921,0.10697674418604651,0.45544554455445546,0.413953488372093,0.2463768115942029,0.3069306930693069,0.17391304347826086,0.35177865612648224
2024,"phillips, tyler",578,97.6,-0.07083016960288188,0.0,0.03076923076923077,0.10810810810810811,0.5,0.35384615384615387,0.5405405405405406,0.08823529411764706,0.05357142857142857,0.38235294117647056,0.30357142857142855,0.6666666666666666,0.47058823529411764,0.1111111111111111,0.3684210526315789
2024,"chargois, j. t.",530,97.5,-0.0758338964824922,0.25,0.12195121951219512,0.16,0.5,0.2926829268292683,0.28,0.07692307692307693,0.05405405405405406,0.46153846153846156,0.40540540540540543,0.3076923076923077,0.46153846153846156,0.0,0.3146067415730337
2024,"smyly, drew",1029,97.5,-0.07429624580213127,0.1,0.09722222222222222,0.05,0.4,0.4027777777777778,0.4,0.14705882352941177,0.1267605633802817,0.4411764705882353,0.4084507042253521,0.22727272727272727,0.29411764705882354,0.09090909090909091,0.3769633507853403
2024,"flexen, chris",2799,97.3,-0.08144764793789795,0.125,0.08494208494208494,0.09448818897637795,0.5,0.43243243243243246,0.4015748031496063,0.056910569105691054,0.07279693486590039,0.3983739837398374,0.421455938697318,0.39344262295081966,0.4065040650406504,0.08196721311475409,0.38004246284501064
2024,"falter, bailey",2140,97.3,-0.08210552850936433,0.14705882352941177,0.09523809523809523,0.06422018348623854,0.5588235294117647,0.4935064935064935,0.45871559633027525,0.06382978723404255,0.09405940594059406,0.3191489361702128,0.41089108910891087,0.3953488372093023,0.4574468085106383,0.023255813953488372,0.3693467336683417
2024,"civale, aaron",2700,97.1,-0.08845929460738479,0.14705882352941177,0.07346938775510205,0.13114754098360656,0.5,0.363265306122449,0.4262295081967213,0.1111111111111111,0.06578947368421052,0.3838383838383838,0.3333333333333333,0.2909090909090909,0.36363636363636365,0.10909090909090909,0.41163793103448276
2024,"ragans, cole",3119,97.1,-0.08795835516570512,0.14285714285714285,0.1,0.08,0.42857142857142855,0.4318181818181818,0.424,0.06086956521739131,0.10714285714285714,0.4260869565217391,0.41517857142857145,0.27941176470588236,0.30434782608695654,0.10294117647058823,0.3503521126760563
2024,"leiter, jack",669,97.1,-0.08769164234372882,0.09090909090909091,0.125,0.1111111111111111,0.2727272727272727,0.3472222222222222,0.4166666666666667,0.0,0.11764705882352941,0.391304347826087,0.39215686274509803,0.5555555555555556,0.43478260869565216,0.05555555555555555,0.3805309734513274
2024,"berríos, josé",2920,97.1,-0.0866725426828068,0.14285714285714285,0.09375,0.10666666666666667,0.2857142857142857,0.3333333333333333,0.36,0.08264462809917356,0.09961685823754789,0.33884297520661155,0.3563218390804598,0.5076923076923077,0.4297520661157025,0.07692307692307693,0.383399209486166
2024,"walker, ryan",1225,97.0,-0.09129709712450675,0.3333333333333333,0.12698412698412698,0.09523809523809523,0.3333333333333333,0.3968253968253968,0.35714285714285715,0.05714285714285714,0.10294117647058823,0.37142857142857144,0.39705882352941174,0.16,0.2857142857142857,0.08,0.37383177570093457
2024,"bassitt, chris",2976,96.9,-0.09394039730129554,0.08571428571428572,0.12704918032786885,0.1323529411764706,0.4,0.4057377049180328,0.4117647058823529,0.09701492537313433,0.0851063829787234,0.3805970149253731,0.33617021276595743,0.2682926829268293,0.3656716417910448,0.08536585365853659,0.3595505617977528
2024,"jackson, luke",921,96.8,-0.09733864104074849,0.07692307692307693,0.06060606060606061,0.030303030303030304,0.15384615384615385,0.2878787878787879,0.2727272727272727,0.25925925925925924,0.21153846153846154,0.5185185185185185,0.28846153846153844,0.2916666666666667,0.3333333333333333,0.08333333333333333,0.4117647058823529
2024,"cronin, declan",1109,96.7,-0.10013042696905954,0.125,0.07608695652173914,0.07894736842105263,0.375,0.41304347826086957,0.42105263157894735,0.1,0.09210526315789473,0.325,0.39473684210526316,0.34615384615384615,0.425,0.11538461538461539,0.32571428571428573
2024,"cannon, jonathan",2029,96.7,-0.09882541837567171,0.1111111111111111,0.07575757575757576,0.0898876404494382,0.5555555555555556,0.36363636363636365,0.4044943820224719,0.0963855421686747,0.10285714285714286,0.4457831325301205,0.38857142857142857,0.5,0.3493975903614458,0.05,0.3641456582633053
2024,"jiménez, joe",1093,96.6,-0.10303800957205715,0.16666666666666666,0.09090909090909091,0.07692307692307693,0.6666666666666666,0.3333333333333333,0.34615384615384615,0.09375,0.13333333333333333,0.4375,0.36666666666666664,0.24,0.25,0.12,0.30434782608695654
2024,"shuster, jared",1290,96.6,-0.10221480418675814,0.0625,0.09574468085106383,0.1,0.375,0.43617021276595747,0.4666666666666667,0.09615384615384616,0.09,0.40384615384615385,0.36,0.3,0.40384615384615385,0.1,0.40086206896551724
2024,"ureña, josé",1769,96.6,-0.10306316430820846,0.11538461538461539,0.08875739644970414,0.07058823529411765,0.2692307692307692,0.4319526627218935,0.38823529411764707,0.13793103448275862,0.12883435582822086,0.42528735632183906,0.49693251533742333,0.3157894736842105,0.3793103448275862,0.02631578947368421,0.39649122807017545
2024,"allen, logan",1665,96.2,-0.1142541832798249,0.09375,0.11046511627906977,0.08536585365853659,0.1875,0.3488372093023256,0.25609756097560976,0.13636363636363635,0.1276595744680851,0.3787878787878788,0.40425531914893614,0.4772727272727273,0.4696969696969697,0.045454545454545456,0.38434163701067614
2024,"cease, dylan",3188,96.2,-0.11322076439399854,0.16216216216216217,0.09876543209876543,0.12037037037037036,0.4594594594594595,0.3991769547325103,0.3888888888888889,0.08571428571428572,0.07792207792207792,0.49523809523809526,0.4329004329004329,0.36363636363636365,0.3047619047619048,0.045454545454545456,0.4148936170212766
2024,"ortiz, luis",2158,96.2,-0.11485691111857965,0.1,0.09137055837563451,0.10204081632653061,0.4,0.37055837563451777,0.336734693877551,0.12790697674418605,0.09313725490196079,0.4186046511627907,0.4117647058823529,0.40425531914893614,0.3488372093023256,0.0851063829787234,0.32608695652173914
2024,"howard, spencer",537,96.1,-0.11710776729847185,0.0,0.09523809523809523,0.06451612903225806,0.1111111111111111,0.2857142857142857,0.16129032258064516,0.15384615384615385,0.13157894736842105,0.38461538461538464,0.2894736842105263,0.4166666666666667,0.6153846153846154,0.16666666666666666,0.36792452830188677
2024,"bello, brayan",2713,96.1,-0.118682778880065,0.12121212121212122,0.10612244897959183,0.08396946564885496,0.42424242424242425,0.3836734693877551,0.32061068702290074,0.13333333333333333,0.1276595744680851,0.32592592592592595,0.3829787234042553,0.4166666666666667,0.362962962962963,0.05555555555555555,0.37748344370860926
2024,"abbott, andrew",2334,95.8,-0.1250550221213665,0.05405405405405406,0.0962566844919786,0.11224489795918367,0.40540540540540543,0.40106951871657753,0.41836734693877553,0.06862745098039216,0.08095238095238096,0.4019607843137255,0.4,0.33962264150943394,0.29411764705882354,0.16981132075471697,0.3533487297921478
2024,"contreras, roansy",1103,95.8,-0.12496340448965304,0.125,0.1188118811881188,0.06818181818181818,0.4375,0.31683168316831684,0.4318181818181818,0.05714285714285714,0.1411764705882353,0.45714285714285713,0.3411764705882353,0.44,0.45714285714285713,0.04,0.31443298969072164
2024,"alcalá, jorge",935,95.8,-0.12738086177366367,0.3,0.11940298507462686,0.07142857142857142,0.3,0.31343283582089554,0.39285714285714285,0.0967741935483871,0.13636363636363635,0.3548387096774194,0.3939393939393939,0.2727272727272727,0.22580645161290322,0.09090909090909091,0.3742690058479532
2024,"peterson, david",1875,95.8,-0.12707127214115368,0.11538461538461539,0.10471204188481675,0.10344827586206896,0.46153846153846156,0.35602094240837695,0.42528735632183906,0.16455696202531644,0.0963855421686747,0.43037974683544306,0.3072289156626506,0.3076923076923077,0.4177215189873418,0.038461538461538464,0.40460526315789475
2024,"molina, anthony",1053,95.7,-0.1299553157661037,0.0625,0.061224489795918366,0.03333333333333333,0.4375,0.3979591836734694,0.4,0.13157894736842105,0.1,0.6052631578947368,0.38333333333333336,0.43478260869565216,0.2894736842105263,0.13043478260869565,0.4057971014492754
2024,"brebbia, john",995,95.7,-0.12930240167533374,0.08333333333333333,0.0967741935483871,0.10638297872340426,0.3333333333333333,0.27419354838709675,0.2765957446808511,0.14814814814814814,0.11764705882352941,0.4074074074074074,0.4117647058823529,0.3333333333333333,0.4444444444444444,0.09523809523809523,0.3177570093457944
2024,"burr, ryan",570,95.6,-0.13141847660036513,0.0,0.045454545454545456,0.05,0.42857142857142855,0.29545454545454547,0.35,0.3333333333333333,0.13333333333333333,0.6666666666666666,0.4666666666666667,0.4,0.25,0.0,0.28448275862068967
2024,"criswell, cooper",1757,95.5,-0.13668185057965282,0.13636363636363635,0.09090909090909091,0.1375,0.5,0.38181818181818183,0.4125,0.08571428571428572,0.0958904109589041,0.38571428571428573,0.3698630136986301,0.5945945945945946,0.2857142857142857,0.02702702702702703,0.417910447761194
2024,"harrison, kyle",2078,95.4,-0.1393296288934768,0.14705882352941177,0.08571428571428572,0.0673076923076923,0.5588235294117647,0.40476190476190477,0.33653846153846156,0.08333333333333333,0.1125,0.4305555555555556,0.43125,0.5,0.3888888888888889,0.041666666666666664,0.3469945355191257
2024,"jones, jared",1916,95.2,-0.14421041469495605,0.1935483870967742,0.11170212765957446,0.13953488372093023,0.3870967741935484,0.3829787234042553,0.4418604651162791,0.05714285714285714,0.07792207792207792,0.32857142857142857,0.38311688311688313,0.36585365853658536,0.38571428571428573,0.07317073170731707,0.34349030470914127
2024,"luzardo, jesús",1084,95.1,-0.14692726641462148,0.05555555555555555,0.06796116504854369,0.08928571428571429,0.5,0.36893203883495146,0.44642857142857145,0.21428571428571427,0.12359550561797752,0.38095238095238093,0.29213483146067415,0.391304347826087,0.40476190476190477,0.043478260869565216,0.40555555555555556
2024,"rogers, taylor",1082,95.1,-0.14757100504627205,0.0,0.11864406779661017,0.10344827586206896,0.375,0.3728813559322034,0.3793103448275862,0.13513513513513514,0.11666666666666667,0.35135135135135137,0.4666666666666667,0.3333333333333333,0.35135135135135137,0.09523809523809523,0.35789473684210527
2024,"megill, tylor",1367,95.0,-0.15152826150429033,0.047619047619047616,0.125,0.125,0.42857142857142855,0.375,0.42857142857142855,0.08,0.11702127659574468,0.46,0.425531914893617,0.2647058823529412,0.32,0.08823529411764706,0.3584905660377358
2024,"sandoval, patrick",1455,94.9,-0.15388001110394348,0.09090909090909091,0.09615384615384616,0.1076923076923077,0.2727272727272727,0.4807692307692308,0.47692307692307695,0.1095890410958904,0.11538461538461539,0.3698630136986301,0.375,0.47058823529411764,0.3835616438356164,0.029411764705882353,0.3438735177865613
2024,"yarbrough, ryan",1527,94.8,-0.15712180006920723,0.17647058823529413,0.06956521739130435,0.1016949152542373,0.47058823529411764,0.3739130434782609,0.4067796610169492,0.1375,0.12213740458015267,0.35,0.33587786259541985,0.2894736842105263,0.25,0.13157894736842105,0.3837638376383764
2024,"greene, hunter",2563,94.8,-0.15530193546183726,0.0,0.14772727272727273,0.0963855421686747,0.47058823529411764,0.3522727272727273,0.37349397590361444,0.10679611650485436,0.13526570048309178,0.4368932038834951,0.41545893719806765,0.2328767123287671,0.3106796116504854,0.1095890410958904,0.33643122676579923
2024,"miller, mason",1037,94.8,-0.1579935617797142,0.2,0.14893617021276595,0.17391304347826086,0.6,0.3617021276595745,0.391304347826087,0.03125,0.08,0.40625,0.44,0.3684210526315789,0.3125,0.0,0.3434343434343434
2024,"booser, cam",699,94.7,-0.16098260091503108,0.125,0.0784313725490196,0.07142857142857142,0.25,0.35294117647058826,0.39285714285714285,0.09523809523809523,0.09090909090909091,0.3333333333333333,0.38636363636363635,0.5,0.38095238095238093,0.16666666666666666,0.35074626865671643
2024,"anderson, chase",1022,94.5,-0.16531610854473727,0.06666666666666667,0.07407407407407407,0.06818181818181818,0.26666666666666666,0.4444444444444444,0.4772727272727273,0.12,0.08791208791208792,0.4,0.42857142857142855,0.5833333333333334,0.36,0.08333333333333333,0.4093567251461988
2024,"martinez, justin",1201,94.4,-0.1691024478747793,0.25,0.11940298507462686,0.07894736842105263,0.25,0.34328358208955223,0.3157894736842105,0.1276595744680851,0.13043478260869565,0.3191489361702128,0.391304347826087,0.3103448275862069,0.2765957446808511,0.10344827586206896,0.4426229508196721
2024,"little, brendon",705,94.4,-0.16959981337282493,0.0,0.058823529411764705,0.08,0.42857142857142855,0.4117647058823529,0.6,0.10714285714285714,0.12,0.39285714285714285,0.42,0.36363636363636365,0.4642857142857143,0.09090909090909091,0.36363636363636365
2024,"thielbar, caleb",895,94.3,-0.17161767296992508,0.36363636363636365,0.11764705882352941,0.0625,0.2727272727272727,0.43137254901960786,0.375,0.07407407407407407,0.0784313725490196,0.5185185185185185,0.39215686274509803,0.3333333333333333,0.18518518518518517,0.09523809523809523,0.3314917127071823
2024,"schmidt, clarke",1456,94.3,-0.17125492345406354,0.09090909090909091,0.14285714285714285,0.09259259259259259,0.45454545454545453,0.34285714285714286,0.42592592592592593,0.10638297872340426,0.17,0.3829787234042553,0.31,0.24324324324324326,0.46808510638297873,0.02702702702702703,0.4199134199134199
2024,"swanson, erik",667,94.2,-0.17336668207034744,0.0,0.09090909090909091,0.034482758620689655,0.5384615384615384,0.41818181818181815,0.3793103448275862,0.1,0.10810810810810811,0.4,0.35135135135135137,0.4666666666666667,0.5,0.13333333333333333,0.32857142857142857
2024,"moore, matt",859,94.2,-0.17486004593373414,0.0,0.16071428571428573,0.07142857142857142,0.3333333333333333,0.375,0.32142857142857145,0.03225806451612903,0.07017543859649122,0.41935483870967744,0.42105263157894735,0.4166666666666667,0.4838709677419355,0.16666666666666666,0.375
2024,"baz, shane",1207,94.1,-0.17646457193581486,0.125,0.1092436974789916,0.08695652173913043,0.3125,0.35294117647058826,0.391304347826087,0.15789473684210525,0.12727272727272726,0.5,0.34545454545454546,0.43333333333333335,0.34210526315789475,0.03333333333333333,0.3516949152542373
2024,"holderman, colin",870,93.8,-0.1872656468276544,0.15384615384615385,0.09615384615384616,0.11428571428571428,0.3076923076923077,0.4807692307692308,0.34285714285714286,0.18181818181818182,0.12244897959183673,0.30303030303030304,0.42857142857142855,0.2857142857142857,0.24242424242424243,0.07142857142857142,0.36879432624113473
2024,"kuhl, chad",984,93.6,-0.19291839085893944,0.0,0.136986301369863,0.1388888888888889,0.375,0.3835616438356164,0.4166666666666667,0.09375,0.1267605633802817,0.40625,0.4225352112676056,0.32142857142857145,0.15625,0.14285714285714285,0.41379310344827586
2024,"pepiot, ryan",2150,93.5,-0.19583738643945606,0.03333333333333333,0.0898876404494382,0.11494252873563218,0.36666666666666664,0.33707865168539325,0.3563218390804598,0.13846153846153847,0.13142857142857142,0.4307692307692308,0.36,0.43137254901960786,0.3230769230769231,0.11764705882352941,0.40369393139841686
2024,"assad, javier",2538,93.4,-0.19784619085206154,0.05555555555555555,0.10460251046025104,0.06306306306306306,0.4166666666666667,0.41841004184100417,0.44144144144144143,0.09523809523809523,0.13861386138613863,0.4380952380952381,0.39603960396039606,0.25,0.34285714285714286,0.140625,0.3986175115207373
2024,"wicks, jordan",852,93.4,-0.1985780576873089,0.07692307692307693,0.11538461538461539,0.0975609756097561,0.5384615384615384,0.4230769230769231,0.4146341463414634,0.05714285714285714,0.13636363636363635,0.4857142857142857,0.45454545454545453,0.2727272727272727,0.42857142857142855,0.045454545454545456,0.3651685393258427
2024,"woodford, jake",618,93.3,-0.20044934230245132,0.0,0.12121212121212122,0.08571428571428572,0.6,0.36363636363636365,0.4,0.034482758620689655,0.07547169811320754,0.4827586206896552,0.41509433962264153,0.6666666666666666,0.41379310344827586,0.08333333333333333,0.4326923076923077
2024,"grove, michael",827,93.2,-0.20316625231138494,0.15384615384615385,0.11666666666666667,0.11764705882352941,0.3076923076923077,0.48333333333333334,0.4411764705882353,0.0967741935483871,0.1,0.41935483870967744,0.43333333333333335,0.25,0.3870967741935484,0.05,0.3357664233576642
2024,"lynn, lance",2040,93.1,-0.20867238181602688,0.18181818181818182,0.11602209944751381,0.11,0.48484848484848486,0.3701657458563536,0.41,0.07142857142857142,0.09876543209876543,0.42857142857142855,0.3333333333333333,0.26666666666666666,0.44047619047619047,0.08888888888888889,0.4398976982097187
2024,"manaea, sean",2997,93.0,-0.21175796387949233,0.0,0.08936170212765958,0.08943089430894309,0.34375,0.39148936170212767,0.36585365853658536,0.12844036697247707,0.10126582278481013,0.46788990825688076,0.45147679324894513,0.34285714285714286,0.3669724770642202,0.15714285714285714,0.3764705882352941
2024,"otañez, michel",602,93.0,-0.2096202551105355,0.0,0.12,0.0,0.0,0.36,0.3076923076923077,0.29411764705882354,0.21428571428571427,0.47058823529411764,0.42857142857142855,0.23809523809523808,0.11764705882352941,0.14285714285714285,0.4583333333333333
2024,"tinoco, jesús",648,92.7,-0.21864480005337472,0.14285714285714285,0.044444444444444446,0.1,0.42857142857142855,0.3333333333333333,0.3,0.041666666666666664,0.0,0.5,0.4186046511627907,0.18181818181818182,0.4166666666666667,0.36363636363636365,0.29365079365079366
2024,"gibson, kyle",2765,92.6,-0.22420101774140136,0.10869565217391304,0.125,0.1223021582733813,0.2608695652173913,0.3828125,0.41007194244604317,0.06923076923076923,0.07555555555555556,0.5076923076923077,0.4488888888888889,0.34328358208955223,0.46923076923076923,0.07462686567164178,0.42780748663101603
2024,"pallante, andre",1981,92.6,-0.22265676489190242,0.09090909090909091,0.13372093023255813,0.11940298507462686,0.45454545454545453,0.3953488372093023,0.4925373134328358,0.09803921568627451,0.13068181818181818,0.43137254901960786,0.4318181818181818,0.2127659574468085,0.3627450980392157,0.0425531914893617,0.4146341463414634
2024,"buehler, walker",1336,92.6,-0.221846023143708,0.058823529411764705,0.07575757575757576,0.11475409836065574,0.47058823529411764,0.42424242424242425,0.4262295081967213,0.08333333333333333,0.058333333333333334,0.43333333333333335,0.39166666666666666,0.46875,0.36666666666666664,0.15625,0.3598326359832636
2024,"roupp, landen",907,92.5,-0.22698433296850912,0.0,0.12698412698412698,0.11764705882352941,0.6666666666666666,0.4126984126984127,0.4411764705882353,0.13513513513513514,0.13432835820895522,0.43243243243243246,0.3582089552238806,0.3076923076923077,0.24324324324324326,0.07692307692307693,0.4148148148148148
2024,"peralta, wandy",616,92.5,-0.22574409590553127,0.0,0.0851063829787234,0.045454545454545456,0.6,0.3829787234042553,0.3181818181818182,0.15384615384615385,0.06818181818181818,0.34615384615384615,0.3181818181818182,0.46153846153846156,0.38461538461538464,0.23076923076923078,0.3805309734513274
2024,"puk, a. j.",1181,92.3,-0.2321767360442679,0.0,0.1016949152542373,0.14285714285714285,0.5,0.3559322033898305,0.3142857142857143,0.17391304347826086,0.16901408450704225,0.2391304347826087,0.39436619718309857,0.2857142857142857,0.2391304347826087,0.14285714285714285,0.33488372093023255
2024,"fleming, josh",534,92.3,-0.23172587355173083,0.0,0.07317073170731707,0.05,0.3333333333333333,0.4878048780487805,0.4,0.2,0.14634146341463414,0.5,0.3902439024390244,0.42857142857142855,0.35,0.07142857142857142,0.3368421052631579
2024,"bummer, aaron",983,92.1,-0.23899835926391175,0.5,0.05263157894736842,0.058823529411764705,1.0,0.49122807017543857,0.4411764705882353,0.025,0.038461538461538464,0.375,0.4423076923076923,0.25,0.35,0.0625,0.33774834437086093
2024,"faedo, alex",1007,92.0,-0.2422133404203294,0.2,0.136986301369863,0.07317073170731707,0.2,0.2328767123287671,0.2926829268292683,0.17857142857142858,0.1875,0.42857142857142855,0.328125,0.1,0.32142857142857145,0.13333333333333333,0.41420118343195267
2024,"bellozo, valente",1098,92.0,-0.24034856380117217,0.0,0.06504065040650407,0.08333333333333333,0.6086956521739131,0.45528455284552843,0.5833333333333334,0.09523809523809523,0.09401709401709402,0.42857142857142855,0.46153846153846156,0.4090909090909091,0.42857142857142855,0.09090909090909091,0.3411764705882353
2024,"bender, anthony",959,91.9,-0.2449099017528531,0.16666666666666666,0.09836065573770492,0.09375,0.3333333333333333,0.4098360655737705,0.375,0.14705882352941177,0.14814814814814814,0.5294117647058824,0.4074074074074074,0.42105263157894735,0.3235294117647059,0.0,0.42105263157894735
2024,"williams, gavin",1368,91.9,-0.24291554076019822,0.0,0.10526315789473684,0.11864406779661017,0.42857142857142855,0.3609022556390977,0.4576271186440678,0.14634146341463414,0.12244897959183673,0.36585365853658536,0.37755102040816324,0.375,0.3170731707317073,0.125,0.3741258741258741
2024,"rogers, trevor",2248,91.9,-0.24448554023446578,0.08823529411764706,0.11688311688311688,0.08695652173913043,0.5,0.4199134199134199,0.43478260869565216,0.08860759493670886,0.14444444444444443,0.4177215189873418,0.4222222222222222,0.4339622641509434,0.3670886075949367,0.03773584905660377,0.3898305084745763
2024,"banda, anthony",797,91.8,-0.24625702024596116,0.375,0.0967741935483871,0.2,0.5,0.3548387096774194,0.32,0.041666666666666664,0.0,0.375,0.37777777777777777,0.5,0.375,0.07142857142857142,0.2765957446808511
2024,"hudson, bryan",929,91.8,-0.24734270953223064,0.3333333333333333,0.13333333333333333,0.13043478260869565,0.3333333333333333,0.5166666666666667,0.30434782608695654,0.09375,0.12857142857142856,0.3125,0.37142857142857144,0.2631578947368421,0.21875,0.05263157894736842,0.3076923076923077
2024,"cousins, jake",649,91.8,-0.24699612967645493,0.0,0.2222222222222222,0.11764705882352941,0.6,0.4074074074074074,0.4117647058823529,0.15,0.16,0.35,0.32,0.3,0.25,0.0,0.32673267326732675
2024,"anderson, tyler",2921,91.4,-0.25929138508754784,0.11904761904761904,0.08064516129032258,0.140625,0.4523809523809524,0.3709677419354839,0.46875,0.1267605633802817,0.08571428571428572,0.4295774647887324,0.38571428571428573,0.30666666666666664,0.34507042253521125,0.12,0.3463114754098361
2024,"morton, charlie",2796,91.4,-0.2592758849655035,0.07692307692307693,0.12612612612612611,0.0975609756097561,0.38461538461538464,0.3963963963963964,0.3983739837398374,0.14953271028037382,0.15023474178403756,0.38317757009345793,0.39436619718309857,0.3625,0.2897196261682243,0.075,0.35070140280561124
2024,"sánchez, sixto",622,91.2,-0.2660650966823157,0.125,0.08064516129032258,0.06666666666666667,0.5,0.46774193548387094,0.36666666666666664,0.08,0.0625,0.52,0.53125,0.4117647058823529,0.4,0.11764705882352941,0.2809917355371901
2024,"povich, cade",1392,91.2,-0.26543807805078407,0.09090909090909091,0.11904761904761904,0.10344827586206896,0.5909090909090909,0.4603174603174603,0.46551724137931033,0.08196721311475409,0.08333333333333333,0.39344262295081966,0.3560606060606061,0.3548387096774194,0.32786885245901637,0.12903225806451613,0.32196969696969696
2024,"gore, mackenzie",2995,91.1,-0.2686180417338052,0.16129032258064516,0.11158798283261803,0.13286713286713286,0.45161290322580644,0.45493562231759654,0.45454545454545453,0.07142857142857142,0.07476635514018691,0.35714285714285715,0.40654205607476634,0.3918918918918919,0.3125,0.10810810810810811,0.3528428093645485
2024,"bednar, david",1031,90.9,-0.27412461738687177,0.07692307692307693,0.08450704225352113,0.14285714285714285,0.3076923076923077,0.352112676056338,0.37142857142857144,0.125,0.109375,0.5,0.34375,0.2962962962962963,0.40625,0.14814814814814814,0.33004926108374383
2024,"harris, hogan",1213,90.9,-0.27448009677548674,0.15384615384615385,0.16831683168316833,0.13725490196078433,0.15384615384615385,0.36633663366336633,0.29411764705882354,0.08333333333333333,0.1326530612244898,0.375,0.3673469387755102,0.3142857142857143,0.4166666666666667,0.08571428571428572,0.38028169014084506
2024,"strickland, hunter",1166,90.6,-0.2843381641885693,0.16666666666666666,0.09302325581395349,0.18181818181818182,0.5,0.5116279069767442,0.45454545454545453,0.1282051282051282,0.07142857142857142,0.3333333333333333,0.40476190476190477,0.4782608695652174,0.3333333333333333,0.0,0.32057416267942584
2024,"beeks, jalen",1195,90.6,-0.2827339202244792,0.09090909090909091,0.06896551724137931,0.0851063829787234,0.45454545454545453,0.40229885057471265,0.425531914893617,0.08695652173913043,0.05813953488372093,0.5652173913043478,0.4883720930232558,0.38095238095238093,0.43478260869565216,0.14285714285714285,0.395
2024,"cano, yennier",1012,90.2,-0.2961730916072508,0.2222222222222222,0.10144927536231885,0.14285714285714285,0.3333333333333333,0.4782608695652174,0.37142857142857144,0.07692307692307693,0.06896551724137931,0.38461538461538464,0.46551724137931033,0.35,0.34615384615384615,0.1,0.36649214659685864
2024,"honeywell, brent",595,90.2,-0.29499216796450556,0.3333333333333333,0.14035087719298245,0.12,0.8333333333333334,0.38596491228070173,0.36,0.037037037037037035,0.046511627906976744,0.5555555555555556,0.37209302325581395,0.35714285714285715,0.4074074074074074,0.0,0.4298245614035088
2024,"jarvis, bryce",1024,90.2,-0.29502428858109153,0.0,0.0975609756097561,0.14285714285714285,0.36363636363636365,0.32926829268292684,0.5476190476190477,0.11538461538461539,0.16666666666666666,0.3076923076923077,0.3194444444444444,0.5151515151515151,0.5384615384615384,0.030303030303030304,0.4030612244897959
2024,"ferguson, caleb",948,89.8,-0.30614387268553095,0.2857142857142857,0.09615384615384616,0.1282051282051282,0.5714285714285714,0.34615384615384615,0.41025641025641024,0.14285714285714285,0.16326530612244897,0.2,0.2653061224489796,0.2692307692307692,0.34285714285714286,0.07692307692307693,0.40350877192982454
2024,"keller, brad",744,89.7,-0.3087445891891464,0.2,0.1111111111111111,0.12121212121212122,0.26666666666666666,0.3611111111111111,0.3333333333333333,0.058823529411764705,0.11428571428571428,0.38235294117647056,0.4857142857142857,0.6666666666666666,0.5,0.0,0.40476190476190477
2024,"priester, quinn",811,89.6,-0.3140199749777517,0.0,0.08791208791208792,0.16279069767441862,0.5,0.4725274725274725,0.5581395348837209,0.11904761904761904,0.060240963855421686,0.40476190476190477,0.40963855421686746,0.29411764705882354,0.42857142857142855,0.11764705882352941,0.3333333333333333
2024,"paxton, james",1708,89.5,-0.3171748089856766,0.08,0.12650602409638553,0.1111111111111111,0.2,0.3795180722891566,0.32098765432098764,0.13559322033898305,0.13793103448275862,0.3728813559322034,0.46206896551724136,0.40425531914893614,0.423728813559322,0.0851063829787234,0.367601246105919
2024,"lynch, daniel",631,89.3,-0.3223206764779691,0.1,0.11764705882352941,0.13636363636363635,0.1,0.3235294117647059,0.36363636363636365,0.23809523809523808,0.14516129032258066,0.6190476190476191,0.41935483870967744,0.3684210526315789,0.2857142857142857,0.0,0.4725274725274725
2024,"winn, keaton",877,89.3,-0.32297323155961066,0.15384615384615385,0.11224489795918367,0.125,0.46153846153846156,0.336734693877551,0.375,0.041666666666666664,0.08333333333333333,0.375,0.38333333333333336,0.4782608695652174,0.5,0.13043478260869565,0.31843575418994413
2024,"walker, taijuan",1435,89.1,-0.3283537333563228,0.17142857142857143,0.10975609756097561,0.10112359550561797,0.34285714285714286,0.3780487804878049,0.3595505617977528,0.061224489795918366,0.13333333333333333,0.3673469387755102,0.425,0.4473684210526316,0.42857142857142855,0.10526315789473684,0.43333333333333335
2024,"fulmer, carson",1490,88.8,-0.33615992669119044,0.13043478260869565,0.1223021582733813,0.12857142857142856,0.391304347826087,0.48201438848920863,0.38571428571428573,0.06521739130434782,0.07476635514018691,0.34782608695652173,0.411214953271028,0.4722222222222222,0.41304347826086957,0.1111111111111111,0.3548387096774194
2024,"hancock, emerson",1015,88.8,-0.33804290335808956,0.05555555555555555,0.050505050505050504,0.1016949152542373,0.3333333333333333,0.31313131313131315,0.4406779661016949,0.16666666666666666,0.09782608695652174,0.37037037037037035,0.33695652173913043,0.4166666666666667,0.46296296296296297,0.20833333333333334,0.36597938144329895
2024,"javier, cristian",571,88.7,-0.3410786548263817,0.0,0.17307692307692307,0.07692307692307693,0.3333333333333333,0.40384615384615385,0.3076923076923077,0.18181818181818182,0.18518518518518517,0.45454545454545453,0.42592592592592593,0.3157894736842105,0.3181818181818182,0.05263157894736842,0.4155844155844156
2024,"weems, jordan",734,88.7,-0.3401748633602838,0.18181818181818182,0.13432835820895522,0.12121212121212122,0.45454545454545453,0.3283582089552239,0.3333333333333333,0.15384615384615385,0.07547169811320754,0.38461538461538464,0.3018867924528302,0.391304347826087,0.23076923076923078,0.17391304347826086,0.348993288590604
2024,"kahnle, tommy",754,88.6,-0.34419681931267265,0.0,0.1111111111111111,0.1,0.8,0.4722222222222222,0.4,0.12,0.13636363636363635,0.52,0.5681818181818182,0.23529411764705882,0.12,0.11764705882352941,0.39316239316239315
2024,"kremer, dean",2171,88.4,-0.3481307806880197,0.16666666666666666,0.12921348314606743,0.13402061855670103,0.5277777777777778,0.4101123595505618,0.3711340206185567,0.12380952380952381,0.10989010989010989,0.38095238095238093,0.38461538461538464,0.37254901960784315,0.3523809523809524,0.058823529411764705,0.38817480719794345
2024,"arrighetti, spencer",2509,88.3,-0.35083540285793274,0.07142857142857142,0.12264150943396226,0.1559633027522936,0.21428571428571427,0.37735849056603776,0.3577981651376147,0.1511627906976744,0.10106382978723404,0.38372093023255816,0.3776595744680851,0.463768115942029,0.3953488372093023,0.10144927536231885,0.3593073593073593
2024,"koenig, jared",1033,88.3,-0.35145572540339914,0.16666666666666666,0.09722222222222222,0.20588235294117646,0.4166666666666667,0.4305555555555556,0.3235294117647059,0.047619047619047616,0.07142857142857142,0.35714285714285715,0.45714285714285713,0.38095238095238093,0.3333333333333333,0.14285714285714285,0.3826530612244898
2024,"stroman, marcus",2668,88.3,-0.3513740739066267,0.15625,0.11439114391143912,0.09401709401709402,0.34375,0.4095940959409594,0.37606837606837606,0.10619469026548672,0.13679245283018868,0.504424778761062,0.46226415094339623,0.3728813559322034,0.46017699115044247,0.03389830508474576,0.4073226544622426
2024,"canning, griffin",2876,88.0,-0.3614455265961847,0.09090909090909091,0.11501597444089456,0.13194444444444445,0.4318181818181818,0.4249201277955272,0.4444444444444444,0.10476190476190476,0.11196911196911197,0.41904761904761906,0.40540540540540543,0.5373134328358209,0.4380952380952381,0.029850746268656716,0.37598425196850394
2024,"montas, frankie",2638,88.0,-0.3607868508332479,0.16216216216216217,0.11711711711711711,0.13157894736842105,0.3783783783783784,0.38288288288288286,0.38596491228070173,0.1,0.1065989847715736,0.35454545454545455,0.41624365482233505,0.39705882352941174,0.3181818181818182,0.1323529411764706,0.3850574712643678
2024,"vieira, thyago",742,87.8,-0.3683043398433473,0.0,0.1875,0.07142857142857142,0.0,0.3541666666666667,0.21428571428571427,0.125,0.18181818181818182,0.4166666666666667,0.4318181818181818,0.6,0.20833333333333334,0.16,0.32558139534883723
2024,"ashcraft, graham",1342,87.6,-0.3736328910378486,0.15,0.08333333333333333,0.07575757575757576,0.35,0.4513888888888889,0.4090909090909091,0.09259259259259259,0.12931034482758622,0.3888888888888889,0.47413793103448276,0.4666666666666667,0.5370370370370371,0.06666666666666667,0.3794466403162055
2024,"ottavino, adam",1007,87.4,-0.37976647084152804,0.2,0.15517241379310345,0.14285714285714285,0.4,0.4482758620689655,0.2857142857142857,0.13333333333333333,0.14754098360655737,0.26666666666666666,0.36065573770491804,0.3333333333333333,0.26666666666666666,0.08333333333333333,0.3389830508474576
2024,"yates, kirby",1045,87.3,-0.38206813727307026,0.25,0.17777777777777778,0.07692307692307693,0.5,0.4222222222222222,0.38461538461538464,0.11538461538461539,0.17307692307692307,0.23076923076923078,0.3269230769230769,0.28,0.2692307692307692,0.08,0.4272300469483568
2024,"lorenzen, michael",2093,87.3,-0.3826465437514782,0.16666666666666666,0.1111111111111111,0.13253012048192772,0.36666666666666664,0.35978835978835977,0.4457831325301205,0.13541666666666666,0.12169312169312169,0.34375,0.37037037037037035,0.46774193548387094,0.3020833333333333,0.0967741935483871,0.42528735632183906
2024,"lovelady, richard",532,87.1,-0.3891833029262303,0.0,0.10204081632653061,0.09090909090909091,0.5,0.46938775510204084,0.45454545454545453,0.08695652173913043,0.08571428571428572,0.391304347826087,0.5142857142857142,0.5,0.5217391304347826,0.1,0.42696629213483145
2024,"verlander, justin",1580,87.0,-0.3916820419827426,0.05263157894736842,0.08571428571428572,0.07575757575757576,0.47368421052631576,0.44285714285714284,0.42424242424242425,0.03125,0.08552631578947369,0.484375,0.40789473684210525,0.4375,0.390625,0.25,0.3396825396825397
2024,"faucher, calvin",1000,86.9,-0.3928853680558482,0.09090909090909091,0.09836065573770492,0.11428571428571428,0.09090909090909091,0.39344262295081966,0.42857142857142855,0.17391304347826086,0.1568627450980392,0.43478260869565216,0.43137254901960786,0.3333333333333333,0.2608695652173913,0.14285714285714285,0.41818181818181815
2024,"pérez, cionel",865,86.8,-0.39851046223789055,0.2,0.14754098360655737,0.08,0.4,0.4262295081967213,0.48,0.0967741935483871,0.15517241379310345,0.3548387096774194,0.25862068965517243,0.3225806451612903,0.3225806451612903,0.12903225806451613,0.31654676258992803
2024,"bird, jake",688,86.4,-0.40802593250402813,0.09090909090909091,0.14285714285714285,0.2413793103448276,0.36363636363636365,0.32142857142857145,0.27586206896551724,0.14285714285714285,0.12244897959183673,0.35714285714285715,0.32653061224489793,0.375,0.25,0.125,0.3211009174311927
2024,"farmer, buck",1193,86.1,-0.41906776767394704,0.25,0.09210526315789473,0.14285714285714285,0.5,0.35526315789473684,0.5306122448979592,0.17073170731707318,0.10256410256410256,0.34146341463414637,0.3717948717948718,0.3,0.2682926829268293,0.1,0.3482587064676617
2024,"soto, gregory",971,86.1,-0.4176114439039284,0.0,0.14754098360655737,0.16129032258064516,0.4444444444444444,0.45901639344262296,0.41935483870967744,0.12,0.13333333333333333,0.28,0.4666666666666667,0.3333333333333333,0.32,0.1111111111111111,0.36363636363636365
2024,"ferguson, tyler",827,86.0,-0.42204489347465496,0.0,0.12,0.0,0.3333333333333333,0.46,0.3,0.2222222222222222,0.2222222222222222,0.48148148148148145,0.5333333333333333,0.34782608695652173,0.2962962962962963,0.08695652173913043,0.35119047619047616
2024,"bradish, kyle",674,85.8,-0.4277390314369371,0.16666666666666666,0.1111111111111111,0.0625,0.6666666666666666,0.5833333333333334,0.5625,0.0967741935483871,0.10909090909090909,0.25806451612903225,0.43636363636363634,0.25,0.16129032258064516,0.1875,0.40869565217391307
2024,"herrin, tim",1015,85.8,-0.42878265428682133,0.2222222222222222,0.12962962962962962,0.1,0.4444444444444444,0.35185185185185186,0.45,0.17142857142857143,0.13793103448275862,0.3142857142857143,0.3793103448275862,0.25,0.4,0.08333333333333333,0.28735632183908044
2024,"roycroft, chris",596,85.7,-0.43113974495487223,0.0,0.10256410256410256,0.11764705882352941,0.5,0.3333333333333333,0.17647058823529413,0.16,0.09523809523809523,0.36,0.40476190476190477,0.2222222222222222,0.32,0.3333333333333333,0.3944954128440367
2024,"lodolo, nick",1865,85.7,-0.43074527202440177,0.24,0.14012738853503184,0.17333333333333334,0.24,0.34394904458598724,0.38666666666666666,0.10606060606060606,0.09032258064516129,0.30303030303030304,0.2967741935483871,0.4339622641509434,0.3181818181818182,0.1509433962264151,0.3841059602649007
2024,"scott, tayler",1208,85.5,-0.4371360796975818,0.0,0.1518987341772152,0.1388888888888889,0.4,0.43037974683544306,0.3333333333333333,0.06896551724137931,0.14516129032258066,0.41379310344827586,0.5161290322580645,0.3235294117647059,0.41379310344827586,0.11764705882352941,0.4482758620689655
2024,"hudson, dakota",1512,85.3,-0.44280156508418944,0.0,0.11046511627906977,0.0958904109589041,0.23529411764705882,0.37790697674418605,0.3972602739726027,0.14285714285714285,0.15217391304347827,0.5079365079365079,0.42028985507246375,0.43137254901960786,0.4126984126984127,0.13725490196078433,0.4325581395348837
2024,"kinley, tyler",1194,85.2,-0.44673988065647585,0.16666666666666666,0.1527777777777778,0.14583333333333334,0.5833333333333334,0.4861111111111111,0.4166666666666667,0.11363636363636363,0.13114754098360656,0.3181818181818182,0.3770491803278688,0.34375,0.2727272727272727,0.0625,0.41232227488151657
2024,"meyer, max",968,84.8,-0.45887916828401515,0.08333333333333333,0.09,0.07317073170731707,0.4583333333333333,0.36,0.3902439024390244,0.0975609756097561,0.10638297872340426,0.5365853658536586,0.46808510638297873,0.42857142857142855,0.5365853658536586,0.14285714285714285,0.39644970414201186
2024,"sims, lucas",885,84.7,-0.4615752461978444,0.08333333333333333,0.22916666666666666,0.1111111111111111,0.3333333333333333,0.5208333333333334,0.48148148148148145,0.0,0.2,0.36,0.425,0.2413793103448276,0.24,0.10344827586206896,0.3352941176470588
2024,"vodnik, victor",1345,84.3,-0.4739122639269796,0.06666666666666667,0.125,0.06521739130434782,0.5333333333333333,0.4519230769230769,0.391304347826087,0.08823529411764706,0.2077922077922078,0.38235294117647056,0.42857142857142855,0.38235294117647056,0.2647058823529412,0.14705882352941177,0.43621399176954734
2024,"cantillo, joey",711,84.2,-0.47462922949264635,0.0,0.038461538461538464,0.041666666666666664,0.5714285714285714,0.4807692307692308,0.5,0.125,0.12962962962962962,0.5,0.5,0.42857142857142855,0.3333333333333333,0.21428571428571427,0.3611111111111111
2024,"cabrera, edward",1734,84.1,-0.4795140528951855,0.05,0.14492753623188406,0.18840579710144928,0.4,0.39855072463768115,0.43478260869565216,0.1076923076923077,0.12195121951219512,0.38461538461538464,0.4065040650406504,0.2916666666666667,0.36923076923076925,0.125,0.38064516129032255
2024,"hicks, jordan",1960,84.0,-0.4804522662754391,0.26666666666666666,0.10857142857142857,0.10256410256410256,0.36666666666666664,0.35428571428571426,0.38461538461538464,0.1388888888888889,0.11267605633802817,0.4027777777777778,0.36619718309859156,0.37037037037037035,0.4444444444444444,0.1111111111111111,0.4179566563467492
2024,"aguiar, julian",532,84.0,-0.48281378257767105,0.16666666666666666,0.1,0.125,0.16666666666666666,0.38,0.3333333333333333,0.15384615384615385,0.12280701754385964,0.46153846153846156,0.45614035087719296,0.5625,0.2692307692307692,0.125,0.3577981651376147
2024,"brieske, beau",1161,83.8,-0.4886470243498927,0.1,0.07317073170731707,0.1388888888888889,0.4,0.3902439024390244,0.5,0.15789473684210525,0.075,0.5,0.425,0.32142857142857145,0.3684210526315789,0.17857142857142858,0.319672131147541
2024,"hall, dl",783,83.7,-0.4908054357172426,0.18181818181818182,0.16071428571428573,0.14285714285714285,0.45454545454545453,0.375,0.42857142857142855,0.09090909090909091,0.125,0.3939393939393939,0.42857142857142855,0.391304347826087,0.30303030303030304,0.08695652173913043,0.3671875
2024,"elder, bryce",864,83.7,-0.49083712345579145,0.21428571428571427,0.08791208791208792,0.08695652173913043,0.5,0.4725274725274725,0.43478260869565216,0.0625,0.09090909090909091,0.40625,0.42424242424242425,0.35294117647058826,0.625,0.11764705882352941,0.35
2024,"johnson, pierce",921,83.5,-0.49769083015089954,0.2727272727272727,0.14516129032258066,0.13157894736842105,0.7272727272727273,0.43548387096774194,0.3684210526315789,0.09523809523809523,0.061224489795918366,0.47619047619047616,0.30612244897959184,0.46153846153846156,0.3333333333333333,0.07692307692307693,0.42207792207792205
2024,"weaver, luke",1374,83.5,-0.49736972348649755,0.26666666666666666,0.12643678160919541,0.1875,0.4666666666666667,0.41379310344827586,0.4375,0.14285714285714285,0.08235294117647059,0.4,0.38823529411764707,0.26666666666666666,0.34285714285714286,0.06666666666666667,0.36947791164658633
2024,"mazur, adam",585,83.4,-0.4987397533543685,0.0,0.14754098360655737,0.1724137931034483,0.3333333333333333,0.47540983606557374,0.4482758620689655,0.1875,0.14583333333333334,0.25,0.3958333333333333,0.14285714285714285,0.5,0.09523809523809523,0.4
2024,"quantrill, cal",2645,83.3,-0.5017446034624692,0.15151515151515152,0.152,0.13385826771653545,0.2727272727272727,0.432,0.44881889763779526,0.1188118811881188,0.1388888888888889,0.3465346534653465,0.3611111111111111,0.3150684931506849,0.44554455445544555,0.0958904109589041,0.37945492662473795
2024,"cleavinger, garrett",1057,83.3,-0.5017545857826037,0.25,0.10344827586206896,0.10256410256410256,0.5833333333333334,0.4482758620689655,0.3333333333333333,0.24324324324324326,0.2037037037037037,0.21621621621621623,0.2777777777777778,0.2222222222222222,0.21621621621621623,0.1111111111111111,0.31443298969072164
2024,"wentz, joey",1229,83.3,-0.5027224578315916,0.09090909090909091,0.11494252873563218,0.11627906976744186,0.5454545454545454,0.40229885057471265,0.2558139534883721,0.2,0.13924050632911392,0.45714285714285713,0.4430379746835443,0.3225806451612903,0.2,0.16129032258064516,0.36792452830188677
2024,"turnbull, spencer",920,83.0,-0.5108054845989649,0.2,0.1076923076923077,0.2,0.5,0.4307692307692308,0.34285714285714286,0.1,0.11290322580645161,0.425,0.3870967741935484,0.391304347826087,0.35,0.08695652173913043,0.39473684210526316
2024,"hamilton, ian",620,82.9,-0.5135332597706476,0.3333333333333333,0.16666666666666666,0.18518518518518517,0.6666666666666666,0.38095238095238093,0.4074074074074074,0.0625,0.08571428571428572,0.3125,0.22857142857142856,0.26666666666666666,0.125,0.2,0.3655913978494624
2024,"doval, camilo",1124,82.9,-0.5151299765060214,0.16666666666666666,0.16901408450704225,0.14285714285714285,0.25,0.43661971830985913,0.35714285714285715,0.11538461538461539,0.1694915254237288,0.38461538461538464,0.3898305084745763,0.3684210526315789,0.23076923076923078,0.10526315789473684,0.3674698795180723
2024,"bowman, matthew",501,82.9,-0.514150045801877,0.1111111111111111,0.075,0.0,0.6666666666666666,0.35,0.45,0.16666666666666666,0.21212121212121213,0.5555555555555556,0.30303030303030304,0.36363636363636365,0.2777777777777778,0.18181818181818182,0.45121951219512196
2024,"maton, phil",1085,82.8,-0.5161863186567263,0.1,0.09375,0.1724137931034483,0.3,0.390625,0.4827586206896552,0.16216216216216217,0.125,0.4594594594594595,0.40625,0.3870967741935484,0.1891891891891892,0.16129032258064516,0.36363636363636365
2024,"devenski, chris",534,82.4,-0.5294505519032077,0.125,0.1111111111111111,0.09090909090909091,0.375,0.3333333333333333,0.3181818181818182,0.06666666666666667,0.16216216216216217,0.3333333333333333,0.32432432432432434,0.4166666666666667,0.4666666666666667,0.25,0.3956043956043956
2024,"suarez, josé",990,82.2,-0.5347296923429685,0.08333333333333333,0.1111111111111111,0.13636363636363635,0.4166666666666667,0.48148148148148145,0.45454545454545453,0.20512820512820512,0.12121212121212122,0.4358974358974359,0.4090909090909091,0.42857142857142855,0.3076923076923077,0.07142857142857142,0.38596491228070173
2024,"bielak, brandon",510,82.2,-0.5357207474912611,0.1,0.08620689655172414,0.0967741935483871,0.6,0.46551724137931033,0.4838709677419355,0.13636363636363635,0.14,0.4090909090909091,0.4,0.14285714285714285,0.5454545454545454,0.14285714285714285,0.3902439024390244
2024,"young, danny",700,82.1,-0.539331767826659,0.3333333333333333,0.12903225806451613,0.13636363636363635,0.16666666666666666,0.41935483870967744,0.36363636363636365,0.0,0.10344827586206896,0.5263157894736842,0.4827586206896552,0.2631578947368421,0.2631578947368421,0.21052631578947367,0.46153846153846156
2024,"rodríguez, yariel",1502,82.0,-0.5426654834729346,0.14285714285714285,0.11570247933884298,0.1,0.2857142857142857,0.39669421487603307,0.38333333333333336,0.09836065573770492,0.13114754098360656,0.45901639344262296,0.45901639344262296,0.225,0.45901639344262296,0.2,0.3408239700374532
2024,"adams, austin",813,81.9,-0.5453524772541146,0.0,0.22857142857142856,0.05,0.4,0.42857142857142855,0.45,0.08333333333333333,0.1388888888888889,0.4583333333333333,0.3888888888888889,0.36666666666666664,0.25,0.2,0.38596491228070173
2024,"muñoz, andrés",964,81.6,-0.553113902023764,0.1111111111111111,0.13333333333333333,0.05,0.4444444444444444,0.4666666666666667,0.45,0.11538461538461539,0.11320754716981132,0.5,0.49056603773584906,0.25,0.19230769230769232,0.25,0.30597014925373134
2024,"blalock, bradley",554,81.2,-0.5669767213912486,0.2,0.16666666666666666,0.16129032258064516,0.6,0.38333333333333336,0.3548387096774194,0.12,0.17777777777777778,0.28,0.37777777777777777,0.55,0.32,0.0,0.4387755102040816
2024,"ramírez, yohan",774,80.8,-0.5778436960651763,0.0,0.07547169811320754,0.03125,0.625,0.5849056603773585,0.40625,0.08571428571428572,0.1206896551724138,0.4857142857142857,0.5862068965517241,0.2,0.4857142857142857,0.24,0.38095238095238093
2024,"martin, davis",892,80.6,-0.5830071684250651,0.0,0.09722222222222222,0.16129032258064516,0.3,0.4027777777777778,0.3548387096774194,0.20512820512820512,0.1111111111111111,0.38461538461538464,0.3611111111111111,0.38461538461538464,0.358974358974359,0.23076923076923078,0.31547619047619047
2024,"henry, tommy",706,80.5,-0.5866324387249335,0.2,0.125,0.14634146341463414,0.4666666666666667,0.3194444444444444,0.34146341463414637,0.14814814814814814,0.14035087719298245,0.48148148148148145,0.3684210526315789,0.3181818181818182,0.48148148148148145,0.09090909090909091,0.36551724137931035
2024,"muñoz, roddery",1486,80.1,-0.5980604096270682,0.14285714285714285,0.11971830985915492,0.12987012987012986,0.42857142857142855,0.4084507042253521,0.4025974025974026,0.16666666666666666,0.13513513513513514,0.375,0.4144144144144144,0.5581395348837209,0.375,0.06976744186046512,0.47265625
2024,"fairbanks, pete",702,80.1,-0.5994525756732066,0.0,0.11538461538461539,0.09090909090909091,1.0,0.6153846153846154,0.5454545454545454,0.10344827586206896,0.10526315789473684,0.4482758620689655,0.5,0.2857142857142857,0.27586206896551724,0.14285714285714285,0.35294117647058826
2024,"wilson, steven",643,80.0,-0.6020879889043604,0.2,0.16666666666666666,0.09090909090909091,0.3,0.3888888888888889,0.36363636363636365,0.09090909090909091,0.2,0.5909090909090909,0.45714285714285713,0.15789473684210525,0.22727272727272727,0.15789473684210525,0.358974358974359
2024,"garrett, reed",984,80.0,-0.6008795685405945,0.16666666666666666,0.16,0.16666666666666666,0.16666666666666666,0.36,0.3333333333333333,0.13333333333333333,0.21739130434782608,0.4666666666666667,0.43478260869565216,0.23076923076923078,0.23333333333333334,0.11538461538461539,0.3716216216216216
2024,"lawrence, justin",1082,79.9,-0.6055791505573367,0.06666666666666667,0.12359550561797752,0.1346153846153846,0.6666666666666666,0.43820224719101125,0.4807692307692308,0.08333333333333333,0.11475409836065574,0.4444444444444444,0.3770491803278688,0.39473684210526316,0.3333333333333333,0.18421052631578946,0.3869047619047619
2024,"hernández, jonathan",767,79.8,-0.6082778238438982,0.0,0.12727272727272726,0.0,0.6666666666666666,0.45454545454545453,0.4444444444444444,0.08333333333333333,0.16666666666666666,0.4583333333333333,0.5208333333333334,0.38461538461538464,0.4583333333333333,0.19230769230769232,0.344
2024,"mcgough, scott",578,79.6,-0.6152247481955693,0.18181818181818182,0.14545454545454545,0.17391304347826086,0.36363636363636365,0.36363636363636365,0.4782608695652174,0.18181818181818182,0.14285714285714285,0.18181818181818182,0.35714285714285715,0.5714285714285714,0.36363636363636365,0.047619047619047616,0.42857142857142855
2024,"soriano, josé",1743,79.4,-0.6211858398465242,0.15,0.10119047619047619,0.11940298507462686,0.35,0.39285714285714285,0.417910447761194,0.19672131147540983,0.14093959731543623,0.4918032786885246,0.436241610738255,0.3333333333333333,0.32786885245901637,0.13725490196078433,0.3482758620689655
2024,"sewald, paul",633,79.3,-0.6222976504443983,0.3333333333333333,0.09090909090909091,0.11538461538461539,0.4444444444444444,0.4772727272727273,0.5,0.11764705882352941,0.05555555555555555,0.23529411764705882,0.4722222222222222,0.2727272727272727,0.47058823529411764,0.18181818181818182,0.24822695035460993
2024,"hernández, carlos",560,79.2,-0.626412785407693,0.4,0.13513513513513514,0.23076923076923078,0.2,0.3783783783783784,0.23076923076923078,0.06666666666666667,0.10714285714285714,0.4,0.25,0.26666666666666666,0.3333333333333333,0.2,0.4132231404958678
2024,"black, mason",663,79.1,-0.6304434401796243,0.09090909090909091,0.12698412698412698,0.027777777777777776,0.5454545454545454,0.5079365079365079,0.5555555555555556,0.17857142857142858,0.17543859649122806,0.5357142857142857,0.38596491228070173,0.3333333333333333,0.25,0.13333333333333333,0.30344827586206896
2024,"brazobán, huascar",903,78.7,-0.6418149561954408,0.16666666666666666,0.1111111111111111,0.14814814814814814,0.6666666666666666,0.5833333333333334,0.5185185185185185,0.125,0.125,0.4791666666666667,0.53125,0.25925925925925924,0.22916666666666666,0.07407407407407407,0.3132530120481928
2024,"dunning, dane",1693,78.7,-0.641233707431046,0.1935483870967742,0.08641975308641975,0.11363636363636363,0.6129032258064516,0.4691358024691358,0.5568181818181818,0.1111111111111111,0.10077519379844961,0.4603174603174603,0.4883720930232558,0.4,0.3492063492063492,0.125,0.3289036544850498
2024,"vesia, alex",1124,78.5,-0.6466622505196373,0.07142857142857142,0.14035087719298245,0.15384615384615385,0.5,0.42105263157894735,0.46153846153846156,0.125,0.1694915254237288,0.40625,0.4576271186440678,0.25,0.3125,0.14285714285714285,0.386046511627907
2024,"wood, alex",760,78.4,-0.650731387368379,0.2,0.13333333333333333,0.17073170731707318,0.2,0.4266666666666667,0.43902439024390244,0.16666666666666666,0.12,0.5416666666666666,0.44,0.36363636363636365,0.4166666666666667,0.045454545454545456,0.3524590163934426
2024,"soroka, michael",1447,78.2,-0.6564232360300449,0.2,0.1836734693877551,0.16666666666666666,0.4,0.45918367346938777,0.48148148148148145,0.1,0.07920792079207921,0.4666666666666667,0.45544554455445546,0.35555555555555557,0.38333333333333336,0.06666666666666667,0.4007936507936508
2024,"birdsong, hayden",1388,78.1,-0.6585502609486692,0.13333333333333333,0.12962962962962962,0.08695652173913043,0.4,0.4722222222222222,0.6521739130434783,0.125,0.1794871794871795,0.375,0.38461538461538464,0.36363636363636365,0.28125,0.13636363636363635,0.40869565217391307
2024,"abreu, bryan",1302,78.0,-0.6607194757354339,0.09090909090909091,0.10843373493975904,0.225,0.36363636363636365,0.40963855421686746,0.475,0.2222222222222222,0.09836065573770492,0.5925925925925926,0.45901639344262296,0.23684210526315788,0.3333333333333333,0.07894736842105263,0.3080568720379147
2024,"oller, adam",711,77.5,-0.6759267214160548,0.18181818181818182,0.14492753623188406,0.11764705882352941,0.36363636363636365,0.43478260869565216,0.4117647058823529,0.15789473684210525,0.11940298507462686,0.3157894736842105,0.417910447761194,0.5,0.3684210526315789,0.125,0.43636363636363634
2024,"hodge, porter",643,77.5,-0.6762634722606129,0.3333333333333333,0.10526315789473684,0.15384615384615385,0.3333333333333333,0.47368421052631576,0.3076923076923077,0.15789473684210525,0.07894736842105263,0.3684210526315789,0.39473684210526316,0.2777777777777778,0.2631578947368421,0.2222222222222222,0.3564356435643564
2024,"barlow, scott",1027,77.4,-0.6806732771392404,0.14285714285714285,0.12,0.058823529411764705,0.14285714285714285,0.42,0.35294117647058826,0.2,0.22727272727272727,0.5,0.4090909090909091,0.26666666666666666,0.23333333333333334,0.2,0.4391891891891892
2024,"stratton, chris",999,77.1,-0.6900761728300506,0.15384615384615385,0.14705882352941177,0.1891891891891892,0.46153846153846156,0.4411764705882353,0.43243243243243246,0.1891891891891892,0.12903225806451613,0.40540540540540543,0.4032258064516129,0.28125,0.21621621621621623,0.125,0.3395061728395062
2024,"houser, adrian",1131,76.1,-0.7180776531877705,0.2222222222222222,0.11278195488721804,0.12727272727272726,0.4444444444444444,0.41353383458646614,0.4,0.1875,0.1388888888888889,0.34375,0.4444444444444444,0.4857142857142857,0.3125,0.11428571428571428,0.42702702702702705
2024,"baumann, mike",1069,75.7,-0.7302254731306531,0.26666666666666666,0.125,0.16326530612244897,0.5333333333333333,0.4090909090909091,0.40816326530612246,0.043478260869565216,0.046153846153846156,0.391304347826087,0.35384615384615387,0.4074074074074074,0.5217391304347826,0.2222222222222222,0.3640552995391705
2024,"latz, jacob",827,75.6,-0.7340770352699508,0.0,0.1724137931034483,0.1,0.3333333333333333,0.5,0.5,0.13043478260869565,0.1282051282051282,0.391304347826087,0.41025641025641024,0.36363636363636365,0.34782608695652173,0.22727272727272727,0.3881578947368421
2024,"ray, robbie",568,75.5,-0.7369230093433639,0.4,0.1,0.21428571428571427,0.4,0.4,0.2857142857142857,0.1111111111111111,0.03125,0.2777777777777778,0.375,0.25,0.16666666666666666,0.35,0.3090909090909091
2024,"gil, luis",2666,74.7,-0.7622268289903013,0.14705882352941177,0.11616161616161616,0.15384615384615385,0.4411764705882353,0.4898989898989899,0.45054945054945056,0.12345679012345678,0.13705583756345177,0.43209876543209874,0.5329949238578681,0.30864197530864196,0.32098765432098764,0.16049382716049382,0.33613445378151263
2024,"montero, rafael",683,72.8,-0.8173594459361346,0.2,0.18867924528301888,0.13793103448275862,0.4,0.5094339622641509,0.4482758620689655,0.16666666666666666,0.17142857142857143,0.4444444444444444,0.42857142857142855,0.38095238095238093,0.2777777777777778,0.047619047619047616,0.3805970149253731
2024,"kelly, joe",558,72.7,-0.8230762451738137,0.2,0.11904761904761904,0.25,0.5,0.47619047619047616,0.5,0.13333333333333333,0.14285714285714285,0.3333333333333333,0.39285714285714285,0.35,0.2,0.15,0.2727272727272727
2024,"nicolas, kyle",954,71.9,-0.846824440263532,0.25,0.15625,0.21212121212121213,0.625,0.390625,0.3939393939393939,0.10714285714285714,0.12903225806451613,0.4642857142857143,0.4032258064516129,0.36666666666666664,0.25,0.13333333333333333,0.4394904458598726
2024,"buttó, josé",1223,71.3,-0.8637011314777083,0.15384615384615385,0.16279069767441862,0.15789473684210525,0.5384615384615384,0.4883720930232558,0.4473684210526316,0.175,0.13253012048192772,0.325,0.37349397590361444,0.3333333333333333,0.275,0.1794871794871795,0.4603174603174603
2024,"miller, erik",1271,70.7,-0.8824435624596623,0.18181818181818182,0.1506849315068493,0.18181818181818182,0.36363636363636365,0.4931506849315068,0.5454545454545454,0.14705882352941177,0.18032786885245902,0.47058823529411764,0.45901639344262296,0.4117647058823529,0.17647058823529413,0.08823529411764706,0.44144144144144143
2024,"rainey, tanner",943,70.5,-0.8887803888636275,0.05555555555555555,0.17567567567567569,0.15789473684210525,0.5555555555555556,0.4864864864864865,0.5526315789473685,0.19047619047619047,0.18333333333333332,0.3333333333333333,0.38333333333333336,0.41379310344827586,0.2857142857142857,0.10344827586206896,0.3689839572192513
2024,"joyce, ben",541,70.0,-0.9029025715907678,0.3333333333333333,0.18181818181818182,0.25,0.0,0.36363636363636365,0.5,0.19230769230769232,0.10256410256410256,0.34615384615384615,0.3333333333333333,0.5,0.23076923076923078,0.1111111111111111,0.4
2024,"thorpe, drew",721,69.6,-0.9158902248458759,0.2222222222222222,0.11940298507462686,0.15384615384615385,0.4444444444444444,0.47761194029850745,0.46153846153846156,0.23684210526315788,0.15492957746478872,0.5263157894736842,0.43661971830985913,0.45454545454545453,0.3157894736842105,0.045454545454545456,0.39814814814814814
2024,"diekman, jake",627,69.3,-0.9237511244761644,0.125,0.07142857142857142,0.125,0.75,0.4642857142857143,0.6875,0.2777777777777778,0.12,0.5,0.28,0.2608695652173913,0.1111111111111111,0.2608695652173913,0.35454545454545455
2024,"medina, luis",724,69.0,-0.9317620344439789,0.09090909090909091,0.10606060606060606,0.12121212121212122,0.5454545454545454,0.5454545454545454,0.6060606060606061,0.06451612903225806,0.11864406779661017,0.5161290322580645,0.559322033898305,0.3888888888888889,0.5483870967741935,0.16666666666666666,0.3116883116883117
2024,"miller, bobby",1054,68.9,-0.93537063144385,0.1111111111111111,0.08490566037735849,0.09433962264150944,0.4444444444444444,0.5188679245283019,0.5471698113207547,0.16666666666666666,0.18181818181818182,0.5333333333333333,0.4393939393939394,0.46875,0.4,0.15625,0.36923076923076925
2024,"leasure, jordan",560,68.9,-0.9374984294056237,0.25,0.13513513513513514,0.15789473684210525,0.75,0.43243243243243246,0.42105263157894735,0.17647058823529413,0.1388888888888889,0.29411764705882354,0.4444444444444444,0.3888888888888889,0.4117647058823529,0.1111111111111111,0.37254901960784315
2024,"boyle, joe",966,68.1,-0.9606595667255982,0.0,0.20588235294117646,0.24242424242424243,0.4,0.47058823529411764,0.45454545454545453,0.20588235294117646,0.15,0.4117647058823529,0.45,0.30952380952380953,0.20588235294117646,0.14285714285714285,0.40714285714285714
2024,"kimbrel, craig",969,67.4,-0.9811246644657198,0.2,0.19642857142857142,0.15151515151515152,0.5,0.39285714285714285,0.3939393939393939,0.15,0.1794871794871795,0.35,0.38461538461538464,0.2727272727272727,0.55,0.12121212121212122,0.3374233128834356
2024,"richards, trevor",1182,66.3,-1.015379137358785,0.2,0.21052631578947367,0.13157894736842105,0.5,0.5263157894736842,0.5,0.1388888888888889,0.15584415584415584,0.4722222222222222,0.44155844155844154,0.24242424242424243,0.3611111111111111,0.12121212121212122,0.40271493212669685
2024,"cruz, fernando",1147,62.0,-1.1439883988003468,0.25,0.18032786885245902,0.1875,0.5833333333333334,0.39344262295081966,0.4166666666666667,0.14285714285714285,0.16666666666666666,0.39285714285714285,0.4444444444444444,0.3870967741935484,0.25,0.1935483870967742,0.4175824175824176
2024,"díaz, alexis",981,61.9,-1.147080597362618,0.2857142857142857,0.18032786885245902,0.28,0.42857142857142855,0.36065573770491804,0.4,0.22727272727272727,0.15,0.45454545454545453,0.35,0.3142857142857143,0.36363636363636365,0.08571428571428572,0.32044198895027626
2024,"tyler, kyle",581,61.1,-1.172066535018712,0.25,0.16666666666666666,0.1724137931034483,0.5,0.48148148148148145,0.5862068965517241,0.09090909090909091,0.1794871794871795,0.45454545454545453,0.38461538461538464,0.4117647058823529,0.5,0.11764705882352941,0.3707865168539326
2024,"mckenzie, triston",1309,59.3,-1.2246807902429795,0.25,0.16279069767441862,0.28846153846153844,0.42857142857142855,0.4883720930232558,0.5769230769230769,0.1111111111111111,0.11320754716981132,0.37777777777777777,0.4339622641509434,0.4222222222222222,0.4888888888888889,0.1111111111111111,0.3701923076923077
2024,"dubin, shawn",840,58.3,-1.2551359314107151,0.1111111111111111,0.14754098360655737,0.2222222222222222,0.7777777777777778,0.5737704918032787,0.5925925925925926,0.17857142857142858,0.1206896551724138,0.5357142857142857,0.5689655172413793,0.37037037037037035,0.32142857142857145,0.1111111111111111,0.3007518796992481
2024,"nastrini, nick",736,37.8,-1.872833749435296,0.23076923076923078,0.2222222222222222,0.3076923076923077,0.46153846153846156,0.48148148148148145,0.4230769230769231,0.25925925925925924,0.18333333333333332,0.4074074074074074,0.5666666666666667,0.35294117647058826,0.2962962962962963,0.20588235294117646,0.4329896907216495
