season,pitcher_name,pitch_count,composure_plus,composure_score,walk_after_barrel,walk_after_hard_hit,walk_after_high_xba,first_ball_after_barrel,first_ball_after_hard_hit,first_ball_after_high_xba,walk_after_soft_hit,walk_after_low_xba,first_ball_after_soft_hit,first_ball_after_low_xba,hard_hit_after_walk,hard_hit_after_soft,walk_after_walk,ball_after_foul
2025,"dodd, dylan",536,144.2,1.3768612570896441,0.0,0.046511627906976744,0.05263157894736842,0.0,0.11627906976744186,0.10526315789473684,0.0,0.02631578947368421,0.2631578947368421,0.2631578947368421,0.3333333333333333,0.42105263157894735,0.0,0.4158415841584158
2025,"martin, chris",651,137.4,1.1667252116878366,0.0,0.0,0.03225806451612903,0.125,0.21568627450980393,0.22580645161290322,0.0,0.04878048780487805,0.30434782608695654,0.2926829268292683,0.4,0.4782608695652174,0.0,0.29605263157894735
2025,"rogers, tyler",978,135.5,1.1066213562708478,0.0,0.05952380952380952,0.02631578947368421,0.0,0.21428571428571427,0.21052631578947367,0.016666666666666666,0.046511627906976744,0.23333333333333334,0.27906976744186046,0.42857142857142855,0.4666666666666667,0.0,0.25980392156862747
2025,"kranick, max",529,132.0,0.99764922094294,0.0,0.017543859649122806,0.037037037037037035,0.3333333333333333,0.3157894736842105,0.25925925925925924,0.09090909090909091,0.04081632653061224,0.2727272727272727,0.30612244897959184,0.16666666666666666,0.45454545454545453,0.0,0.3217391304347826
2025,"morejón, adrián",1007,131.8,0.9922797511162104,0.0,0.05970149253731343,0.027777777777777776,0.4,0.23880597014925373,0.25,0.022727272727272728,0.0375,0.20454545454545456,0.3,0.3333333333333333,0.22727272727272727,0.08333333333333333,0.3393939393939394
2025,"brogdon, connor",853,130.6,0.953706689700609,0.0625,0.04918032786885246,0.07142857142857142,0.25,0.29508196721311475,0.25,0.0,0.046511627906976744,0.36363636363636365,0.27906976744186046,0.3333333333333333,0.3181818181818182,0.0,0.358974358974359
2025,"walter, brandon",815,130.1,0.9364977585186048,0.0,0.045454545454545456,0.05,0.18181818181818182,0.3333333333333333,0.4,0.02127659574468085,0.03896103896103896,0.3829787234042553,0.3246753246753247,0.42857142857142855,0.2127659574468085,0.0,0.32051282051282054
2025,"lee, dylan",1104,128.4,0.8843320689840708,0.0,0.047619047619047616,0.058823529411764705,0.21428571428571427,0.2698412698412698,0.2647058823529412,0.07894736842105263,0.06153846153846154,0.2894736842105263,0.2923076923076923,0.4166666666666667,0.3157894736842105,0.0,0.31155778894472363
2025,"king, bryan",1046,128.2,0.8800254711982425,0.1,0.05194805194805195,0.0,0.2,0.3246753246753247,0.35135135135135137,0.029411764705882353,0.06944444444444445,0.2647058823529412,0.3472222222222222,0.2,0.4117647058823529,0.0,0.32338308457711445
2025,"kelly, zack",587,126.1,0.8132108064734427,0.0,0.025,0.1,0.2,0.175,0.2,0.06666666666666667,0.025,0.43333333333333335,0.375,0.36363636363636365,0.26666666666666666,0.09090909090909091,0.31896551724137934
2025,"wesneski, hayden",508,125.6,0.7968619434129631,0.0,0.0196078431372549,0.0,0.4,0.29411764705882354,0.38461538461538464,0.05,0.06521739130434782,0.4,0.3695652173913043,0.14285714285714285,0.15,0.14285714285714285,0.3888888888888889
2025,"santana, dennis",1002,125.5,0.7933697592609039,0.07692307692307693,0.05405405405405406,0.03125,0.3076923076923077,0.2702702702702703,0.40625,0.0,0.08823529411764706,0.23333333333333334,0.25,0.2631578947368421,0.36666666666666664,0.05263157894736842,0.30978260869565216
2025,"allard, kolby",1012,125.4,0.7910464301366715,0.0,0.010309278350515464,0.0,0.2727272727272727,0.30927835051546393,0.325,0.12244897959183673,0.05319148936170213,0.3877551020408163,0.32978723404255317,0.5454545454545454,0.2857142857142857,0.0,0.31521739130434784
2025,"soto, gregory",1036,124.9,0.7747833016587121,0.0,0.08571428571428572,0.04878048780487805,0.0,0.24285714285714285,0.14634146341463414,0.09375,0.1111111111111111,0.28125,0.3333333333333333,0.3333333333333333,0.25,0.06060606060606061,0.30120481927710846
2025,"jansen, kenley",878,124.6,0.766720678847571,0.0,0.02666666666666667,0.10344827586206896,0.2222222222222222,0.32,0.3448275862068966,0.045454545454545456,0.04411764705882353,0.22727272727272727,0.23529411764705882,0.5555555555555556,0.2727272727272727,0.05555555555555555,0.263681592039801
2025,"messick, parker",625,124.0,0.7470131507394565,0.0,0.04918032786885246,0.03571428571428571,0.2857142857142857,0.3114754098360656,0.39285714285714285,0.0,0.031746031746031744,0.25925925925925924,0.25396825396825395,0.6,0.5185185185185185,0.0,0.4065934065934066
2025,"englert, mason",725,122.9,0.7120690250688362,0.08333333333333333,0.05970149253731343,0.08108108108108109,0.16666666666666666,0.23880597014925373,0.21621621621621623,0.09090909090909091,0.06818181818181818,0.3181818181818182,0.18181818181818182,0.4166666666666667,0.45454545454545453,0.0,0.3873239436619718
2025,"chapman, aroldis",920,122.8,0.709996275339619,0.0,0.08163265306122448,0.0,0.2857142857142857,0.24489795918367346,0.17391304347826086,0.09090909090909091,0.06818181818181818,0.4090909090909091,0.36363636363636365,0.2,0.4090909090909091,0.06666666666666667,0.3251231527093596
2025,"svanson, matt",965,122.1,0.6876094448159724,0.0,0.07575757575757576,0.038461538461538464,0.2,0.3181818181818182,0.23076923076923078,0.09375,0.06557377049180328,0.40625,0.3442622950819672,0.2916666666666667,0.3125,0.041666666666666664,0.3804347826086957
2025,"lodolo, nick",2483,122.1,0.6880214003374708,0.05714285714285714,0.06726457399103139,0.0970873786407767,0.2,0.3094170403587444,0.2621359223300971,0.05405405405405406,0.05504587155963303,0.2702702702702703,0.3119266055045872,0.4634146341463415,0.34234234234234234,0.0,0.3634361233480176
2025,"banks, tanner",1088,121.8,0.6779268183876089,0.0,0.02702702702702703,0.021739130434782608,0.3333333333333333,0.33783783783783783,0.2826086956521739,0.05128205128205128,0.047619047619047616,0.5384615384615384,0.3492063492063492,0.4166666666666667,0.46153846153846156,0.0,0.3652173913043478
2025,"woodruff, brandon",964,121.6,0.6720672958822934,0.09090909090909091,0.05263157894736842,0.034482758620689655,0.36363636363636365,0.3157894736842105,0.3103448275862069,0.09523809523809523,0.09782608695652174,0.23809523809523808,0.3695652173913043,0.35294117647058826,0.23809523809523808,0.0,0.2994652406417112
2025,"curtiss, john",546,121.6,0.6736253940141305,0.0,0.04081632653061224,0.03571428571428571,0.75,0.3877551020408163,0.35714285714285715,0.0,0.023809523809523808,0.4,0.38095238095238093,0.2,0.55,0.0,0.30434782608695654
2025,"ferrer, jose",1215,120.6,0.6417604623957631,0.0,0.042105263157894736,0.044444444444444446,0.2727272727272727,0.29473684210526313,0.3333333333333333,0.06,0.07352941176470588,0.28,0.3088235294117647,0.47619047619047616,0.38,0.047619047619047616,0.34080717488789236
2025,"kremer, dean",2756,120.2,0.6301805935344179,0.022727272727272728,0.05533596837944664,0.025423728813559324,0.2727272727272727,0.3557312252964427,0.3220338983050847,0.07518796992481203,0.06692913385826772,0.3308270676691729,0.3700787401574803,0.45454545454545453,0.3609022556390977,0.0,0.37832699619771865
2025,"pomeranz, drew",805,120.0,0.624015840943694,0.0,0.05555555555555555,0.0,0.2857142857142857,0.3148148148148148,0.2857142857142857,0.05,0.1111111111111111,0.35,0.26666666666666666,0.42105263157894735,0.4,0.05263157894736842,0.3390804597701149
2025,"ashcraft, graham",1039,119.9,0.6205361428611175,0.125,0.08571428571428572,0.02564102564102564,0.5,0.4142857142857143,0.41025641025641024,0.03773584905660377,0.03278688524590164,0.3584905660377358,0.4098360655737705,0.20833333333333334,0.2641509433962264,0.0,0.2976190476190476
2025,"matz, steven",1160,119.9,0.6201841991369796,0.0,0.038461538461538464,0.024390243902439025,0.2727272727272727,0.34615384615384615,0.34146341463414637,0.05555555555555555,0.08737864077669903,0.37037037037037035,0.3106796116504854,0.46153846153846156,0.46296296296296297,0.0,0.34545454545454546
2025,"skubal, tarik",2849,119.8,0.6177509920765314,0.05405405405405406,0.04807692307692308,0.0782608695652174,0.24324324324324326,0.27884615384615385,0.3217391304347826,0.06896551724137931,0.06995884773662552,0.3586206896551724,0.32098765432098764,0.40540540540540543,0.25517241379310346,0.05405405405405406,0.31478260869565217
2025,"kittredge, andrew",772,119.7,0.6125328473848507,0.125,0.08064516129032258,0.14285714285714285,0.25,0.3064516129032258,0.35714285714285715,0.05263157894736842,0.0,0.2631578947368421,0.1702127659574468,0.3333333333333333,0.21052631578947367,0.1111111111111111,0.32894736842105265
2025,"sale, chris",2031,119.6,0.6098924279349658,0.0625,0.055944055944055944,0.02702702702702703,0.1875,0.2727272727272727,0.2702702702702703,0.11494252873563218,0.09333333333333334,0.3563218390804598,0.32,0.23076923076923078,0.2413793103448276,0.10256410256410256,0.3247422680412371
2025,"jax, griffin",1105,119.6,0.609480548701851,0.0,0.045454545454545456,0.022727272727272728,0.5,0.3939393939393939,0.3181818181818182,0.06896551724137931,0.06666666666666667,0.27586206896551724,0.26666666666666666,0.4117647058823529,0.3448275862068966,0.058823529411764705,0.2972972972972973
2025,"enns, dietrich",757,119.0,0.5908614852706352,0.0,0.06779661016949153,0.027777777777777776,0.0,0.288135593220339,0.3055555555555556,0.06060606060606061,0.1111111111111111,0.3939393939393939,0.36507936507936506,0.5454545454545454,0.3939393939393939,0.0,0.2875816993464052
2025,"speier, gabe",925,118.8,0.5849024624070358,0.0,0.03333333333333333,0.07407407407407407,0.2222222222222222,0.31666666666666665,0.3333333333333333,0.11538461538461539,0.057692307692307696,0.4230769230769231,0.34615384615384615,0.3076923076923077,0.2692307692307692,0.07692307692307693,0.3387096774193548
2025,"gordon, colton",1459,118.8,0.5849675737920543,0.0,0.04861111111111111,0.02631578947368421,0.30303030303030304,0.3472222222222222,0.3157894736842105,0.05970149253731343,0.07518796992481203,0.47761194029850745,0.44360902255639095,0.3333333333333333,0.417910447761194,0.0,0.3226837060702875
2025,"schwellenbach, spencer",1577,118.7,0.5834070082797034,0.08695652173913043,0.05,0.047619047619047616,0.21739130434782608,0.35,0.2976190476190476,0.0136986301369863,0.06923076923076923,0.3013698630136986,0.3230769230769231,0.5789473684210527,0.4383561643835616,0.0,0.34172661870503596
2025,"hader, josh",851,118.7,0.5834617680453911,0.0,0.07894736842105263,0.16666666666666666,0.25,0.34210526315789475,0.3333333333333333,0.041666666666666664,0.09615384615384616,0.2916666666666667,0.25,0.17647058823529413,0.2916666666666667,0.058823529411764705,0.35802469135802467
2025,"clarke, taylor",865,118.6,0.5782241473624563,0.09090909090909091,0.03225806451612903,0.058823529411764705,0.2727272727272727,0.24193548387096775,0.23529411764705882,0.037037037037037035,0.1016949152542373,0.25925925925925924,0.2711864406779661,0.6666666666666666,0.4444444444444444,0.0,0.42857142857142855
2025,"okert, steven",1057,118.6,0.5795080688708365,0.09090909090909091,0.0547945205479452,0.030303030303030304,0.18181818181818182,0.3150684931506849,0.3333333333333333,0.034482758620689655,0.03389830508474576,0.5172413793103449,0.3898305084745763,0.23529411764705882,0.27586206896551724,0.11764705882352941,0.31746031746031744
2025,"suter, brent",1141,118.5,0.5779325850870868,0.0,0.07407407407407407,0.02127659574468085,0.25,0.345679012345679,0.2978723404255319,0.04918032786885246,0.10975609756097561,0.32786885245901637,0.36585365853658536,0.3157894736842105,0.3442622950819672,0.05263157894736842,0.4029126213592233
2025,"woo, bryan",2714,118.4,0.5739360640692923,0.06976744186046512,0.06589147286821706,0.0603448275862069,0.23255813953488372,0.35658914728682173,0.3103448275862069,0.06722689075630252,0.06451612903225806,0.3697478991596639,0.32661290322580644,0.38461538461538464,0.31092436974789917,0.02564102564102564,0.37478108581436076
2025,"gray, sonny",2724,118.1,0.5627187767376274,0.0425531914893617,0.05859375,0.056338028169014086,0.2765957446808511,0.37109375,0.39436619718309857,0.05223880597014925,0.045454545454545456,0.3656716417910448,0.3181818181818182,0.375,0.3358208955223881,0.05,0.3619047619047619
2025,"ober, bailey",2356,117.9,0.556447378029056,0.09803921568627451,0.06374501992031872,0.045454545454545456,0.37254901960784315,0.3386454183266932,0.30303030303030304,0.020202020202020204,0.041666666666666664,0.3434343434343434,0.3625,0.48484848484848486,0.35353535353535354,0.030303030303030304,0.33259911894273125
2025,"baker, bryan",1102,117.8,0.5553336014290481,0.05,0.05063291139240506,0.043478260869565216,0.35,0.3291139240506329,0.2826086956521739,0.0625,0.05172413793103448,0.3125,0.3448275862068966,0.3333333333333333,0.4375,0.06666666666666667,0.3169642857142857
2025,"clase, emmanuel",754,117.4,0.5426655786031164,0.0,0.0847457627118644,0.07407407407407407,0.5,0.3728813559322034,0.3333333333333333,0.034482758620689655,0.037037037037037035,0.3448275862068966,0.3333333333333333,0.35714285714285715,0.27586206896551724,0.07142857142857142,0.2867647058823529
2025,"brown, ben",1759,117.4,0.5424248584978579,0.08823529411764706,0.047872340425531915,0.06382978723404255,0.2647058823529412,0.3404255319148936,0.32978723404255317,0.06,0.050724637681159424,0.38,0.32608695652173914,0.375,0.4,0.03125,0.38461538461538464
2025,"bednar, david",1032,117.0,0.5307795447336253,0.18181818181818182,0.043478260869565216,0.08823529411764706,0.45454545454545453,0.3333333333333333,0.38235294117647056,0.037037037037037035,0.037037037037037035,0.2962962962962963,0.2962962962962963,0.35294117647058826,0.25925925925925924,0.058823529411764705,0.3036649214659686
2025,"suárez, ranger",2432,117.0,0.5290999567020083,0.125,0.09405940594059406,0.07777777777777778,0.16666666666666666,0.33663366336633666,0.3111111111111111,0.06818181818181818,0.06550218340611354,0.3181818181818182,0.3406113537117904,0.24390243902439024,0.2803030303030303,0.04878048780487805,0.41309255079006774
2025,"beeks, jalen",924,116.8,0.5241986462046452,0.0,0.03389830508474576,0.03225806451612903,0.07142857142857142,0.3898305084745763,0.3225806451612903,0.1,0.07547169811320754,0.3,0.3584905660377358,0.2,0.35,0.15,0.42857142857142855
2025,"patrick, chad",2015,116.6,0.516294840819744,0.08333333333333333,0.06470588235294118,0.036585365853658534,0.2916666666666667,0.3235294117647059,0.32926829268292684,0.0759493670886076,0.06535947712418301,0.379746835443038,0.35294117647058826,0.3488372093023256,0.3291139240506329,0.046511627906976744,0.371824480369515
2025,"peralta, wandy",1153,116.3,0.5073546757809813,0.07692307692307693,0.12658227848101267,0.11904761904761904,0.3076923076923077,0.3670886075949367,0.30952380952380953,0.08,0.02631578947368421,0.36,0.3026315789473684,0.3076923076923077,0.28,0.0,0.47674418604651164
2025,"cleavinger, garrett",874,116.2,0.5043583416431607,0.0,0.06557377049180328,0.17857142857142858,0.2857142857142857,0.3114754098360656,0.35714285714285715,0.19230769230769232,0.0625,0.23076923076923078,0.25,0.2727272727272727,0.19230769230769232,0.045454545454545456,0.2826086956521739
2025,"vest, will",1141,116.2,0.5054652472856945,0.0,0.05333333333333334,0.0,0.16666666666666666,0.32,0.2564102564102564,0.125,0.1095890410958904,0.325,0.3835616438356164,0.42857142857142855,0.25,0.09523809523809523,0.3127962085308057
2025,"webb, logan",3282,115.8,0.4909791479689979,0.09090909090909091,0.06557377049180328,0.09271523178807947,0.3409090909090909,0.35737704918032787,0.3576158940397351,0.030303030303030304,0.03488372093023256,0.2878787878787879,0.29844961240310075,0.34,0.36363636363636365,0.08,0.3895870736086176
2025,"littell, zack",2791,115.6,0.48479624806078714,0.05263157894736842,0.047021943573667714,0.06756756756756757,0.3508771929824561,0.3761755485893417,0.3918918918918919,0.035398230088495575,0.05755395683453238,0.35398230088495575,0.36330935251798563,0.43243243243243246,0.3893805309734513,0.02702702702702703,0.3333333333333333
2025,"mize, casey",2357,115.4,0.4806013366179262,0.05128205128205128,0.08835341365461848,0.08035714285714286,0.28205128205128205,0.27710843373493976,0.30357142857142855,0.06451612903225806,0.0787037037037037,0.3763440860215054,0.3425925925925926,0.37142857142857144,0.3548387096774194,0.02857142857142857,0.3833718244803695
2025,"green, chad",718,115.4,0.47866444910341743,0.0,0.06493506493506493,0.08108108108108109,0.2222222222222222,0.2857142857142857,0.40540540540540543,0.0,0.09090909090909091,0.5555555555555556,0.36363636363636365,0.4166666666666667,0.4444444444444444,0.0,0.41304347826086957
2025,"gilbert, logan",2156,115.4,0.48012926498147374,0.037037037037037035,0.060109289617486336,0.08235294117647059,0.2962962962962963,0.3224043715846995,0.35294117647058826,0.0847457627118644,0.05625,0.4067796610169492,0.30625,0.3235294117647059,0.3559322033898305,0.058823529411764705,0.38929440389294406
2025,"sánchez, cristopher",2897,115.3,0.4764369691447149,0.03571428571428571,0.05474452554744526,0.05555555555555555,0.42857142857142855,0.3722627737226277,0.35714285714285715,0.03875968992248062,0.04924242424242424,0.34108527131782945,0.3787878787878788,0.3125,0.4263565891472868,0.0625,0.3429844097995546
2025,"sheehan, emmet",1146,115.3,0.4775631935087825,0.0,0.11578947368421053,0.04878048780487805,0.3333333333333333,0.3263157894736842,0.2682926829268293,0.075,0.1411764705882353,0.3,0.35294117647058826,0.4166666666666667,0.25,0.0,0.4174757281553398
2025,"kelly, kevin",592,115.2,0.47280776411444553,0.14285714285714285,0.04477611940298507,0.05714285714285714,0.35714285714285715,0.40298507462686567,0.37142857142857144,0.058823529411764705,0.0,0.35294117647058826,0.3684210526315789,0.7142857142857143,0.23529411764705882,0.0,0.45977011494252873
2025,"boyd, matt",2747,115.2,0.4738192358293673,0.15555555555555556,0.07569721115537849,0.09016393442622951,0.28888888888888886,0.3187250996015936,0.29508196721311475,0.06611570247933884,0.039301310043668124,0.2975206611570248,0.32751091703056767,0.3333333333333333,0.38016528925619836,0.0392156862745098,0.3765541740674956
2025,"gaddis, hunter",1060,115.1,0.4704597351649726,0.07142857142857142,0.07894736842105263,0.05128205128205128,0.21428571428571427,0.2631578947368421,0.1794871794871795,0.1,0.10909090909090909,0.5,0.43636363636363634,0.42105263157894735,0.26666666666666666,0.0,0.39106145251396646
2025,"crismatt, nabil",534,114.8,0.4621464835918475,0.2,0.09433962264150944,0.029411764705882353,0.4,0.3584905660377358,0.29411764705882354,0.06666666666666667,0.07142857142857142,0.36666666666666664,0.39285714285714285,0.2,0.36666666666666664,0.0,0.20270270270270271
2025,"armstrong, shawn",1118,114.8,0.4626592105910966,0.0,0.1044776119402985,0.09090909090909091,0.3,0.31343283582089554,0.30303030303030304,0.0,0.12162162162162163,0.16129032258064516,0.2972972972972973,0.375,0.25806451612903225,0.125,0.3317972350230415
2025,"taillon, jameson",1979,114.7,0.4590335644538274,0.03125,0.06989247311827956,0.0594059405940594,0.28125,0.3172043010752688,0.3564356435643564,0.061224489795918366,0.06862745098039216,0.336734693877551,0.3382352941176471,0.5,0.3673469387755102,0.038461538461538464,0.35195530726256985
2025,"imanaga, shota",2178,114.7,0.4589699586345076,0.0425531914893617,0.03305785123966942,0.038461538461538464,0.3829787234042553,0.34710743801652894,0.36538461538461536,0.03409090909090909,0.03211009174311927,0.45454545454545453,0.37155963302752293,0.4074074074074074,0.45454545454545453,0.07407407407407407,0.33406113537117904
2025,"horton, cade",1790,114.6,0.4540743020304063,0.09375,0.06417112299465241,0.0625,0.1875,0.3155080213903743,0.3125,0.09090909090909091,0.08139534883720931,0.36363636363636365,0.32558139534883723,0.3055555555555556,0.37662337662337664,0.05555555555555555,0.35526315789473684
2025,"pfaadt, brandon",2931,114.6,0.4543413539430238,0.03333333333333333,0.04746835443037975,0.03048780487804878,0.35,0.31962025316455694,0.3048780487804878,0.06557377049180328,0.0635593220338983,0.4262295081967213,0.3559322033898305,0.40425531914893614,0.36885245901639346,0.0851063829787234,0.39338235294117646
2025,"iglesias, raisel",974,114.6,0.45446872230960345,0.07692307692307693,0.08974358974358974,0.08823529411764706,0.23076923076923078,0.3333333333333333,0.47058823529411764,0.038461538461538464,0.06060606060606061,0.46153846153846156,0.42424242424242425,0.23529411764705882,0.19230769230769232,0.058823529411764705,0.2857142857142857
2025,"scherzer, max",1392,114.4,0.4498658219055043,0.03333333333333333,0.07692307692307693,0.05970149253731343,0.3333333333333333,0.36153846153846153,0.3582089552238806,0.015384615384615385,0.07936507936507936,0.3384615384615385,0.3412698412698413,0.28,0.4153846153846154,0.08,0.33214285714285713
2025,"hart, kyle",692,114.4,0.4473159368257986,0.0,0.03389830508474576,0.13636363636363635,0.125,0.3220338983050847,0.22727272727272727,0.0625,0.029850746268656716,0.40625,0.34328358208955223,0.4166666666666667,0.28125,0.16666666666666666,0.3247863247863248
2025,"darvish, yu",1160,114.4,0.449814392104736,0.05555555555555555,0.10526315789473684,0.09523809523809523,0.3333333333333333,0.3263157894736842,0.35714285714285715,0.01818181818181818,0.0380952380952381,0.41818181818181815,0.29523809523809524,0.4583333333333333,0.32727272727272727,0.041666666666666664,0.32710280373831774
2025,"gilbert, tyler",853,114.3,0.44716452904063136,0.1,0.07936507936507936,0.06666666666666667,0.2,0.2698412698412698,0.2,0.17391304347826086,0.09090909090909091,0.34782608695652173,0.3090909090909091,0.3333333333333333,0.2608695652173913,0.047619047619047616,0.3783783783783784
2025,"manaea, sean",1095,114.3,0.4448971356008963,0.0,0.06741573033707865,0.0625,0.4,0.39325842696629215,0.4166666666666667,0.075,0.06944444444444445,0.375,0.3611111111111111,0.4117647058823529,0.375,0.0,0.3187250996015936
2025,"matthews, zebby",1353,114.3,0.4459614386243868,0.041666666666666664,0.05555555555555555,0.05,0.375,0.3333333333333333,0.275,0.07407407407407407,0.04950495049504951,0.24074074074074073,0.297029702970297,0.30434782608695654,0.3333333333333333,0.17391304347826086,0.33984375
2025,"junk, janson",1622,114.2,0.4437702474227585,0.034482758620689655,0.037914691943127965,0.03225806451612903,0.3793103448275862,0.35071090047393366,0.3333333333333333,0.028169014084507043,0.056338028169014086,0.30985915492957744,0.352112676056338,0.5625,0.4647887323943662,0.0625,0.3588235294117647
2025,"burns, chase",765,114.2,0.4430714263900113,0.0,0.06451612903225806,0.13333333333333333,0.3333333333333333,0.3548387096774194,0.4,0.13043478260869565,0.04878048780487805,0.43478260869565216,0.4146341463414634,0.13333333333333333,0.391304347826087,0.0,0.3869047619047619
2025,"gausman, kevin",3038,114.1,0.43808650725581644,0.09302325581395349,0.06761565836298933,0.09375,0.3023255813953488,0.3202846975088968,0.34375,0.034782608695652174,0.0371900826446281,0.3130434782608696,0.30991735537190085,0.3541666666666667,0.3652173913043478,0.10416666666666667,0.31493506493506496
2025,"crochet, garrett",3151,113.7,0.4264385116223945,0.05555555555555555,0.05928853754940711,0.06722689075630252,0.2777777777777778,0.3359683794466403,0.35294117647058826,0.06896551724137931,0.06967213114754098,0.4068965517241379,0.39344262295081966,0.3617021276595745,0.30344827586206896,0.06382978723404255,0.3249607535321821
2025,"degrom, jacob",2617,113.6,0.4243690932256981,0.025,0.06224066390041494,0.049586776859504134,0.4,0.34854771784232363,0.34710743801652894,0.07692307692307693,0.06944444444444445,0.3626373626373626,0.3194444444444444,0.3157894736842105,0.38461538461538464,0.07894736842105263,0.3867735470941884
2025,"young, brandon",941,113.5,0.4205361993544339,0.05263157894736842,0.08571428571428572,0.09302325581395349,0.3684210526315789,0.3333333333333333,0.32558139534883723,0.06666666666666667,0.08602150537634409,0.37777777777777777,0.3763440860215054,0.4,0.3111111111111111,0.0,0.35714285714285715
2025,"eisert, brandon",1239,113.5,0.4198569359328603,0.0,0.041666666666666664,0.022727272727272728,0.35294117647058826,0.3333333333333333,0.4090909090909091,0.1590909090909091,0.14285714285714285,0.3409090909090909,0.4,0.3333333333333333,0.1590909090909091,0.047619047619047616,0.4207650273224044
2025,"stewart, brock",614,113.5,0.42059844685459286,0.0,0.18181818181818182,0.125,0.25,0.36363636363636365,0.25,0.05,0.08333333333333333,0.2,0.2777777777777778,0.07692307692307693,0.4,0.07692307692307693,0.3739130434782609
2025,"graceffo, gordon",756,113.4,0.4166612667559177,0.0,0.06578947368421052,0.08333333333333333,0.2222222222222222,0.3026315789473684,0.3055555555555556,0.15789473684210525,0.10869565217391304,0.42105263157894735,0.391304347826087,0.4,0.2631578947368421,0.0,0.41843971631205673
2025,"mikolas, miles",2487,113.3,0.41490737478211065,0.046875,0.07194244604316546,0.07317073170731707,0.28125,0.34532374100719426,0.3333333333333333,0.07874015748031496,0.06639004149377593,0.3700787401574803,0.3278008298755187,0.4864864864864865,0.4330708661417323,0.0,0.3900862068965517
2025,"freeland, kyle",2490,113.2,0.41228932961967135,0.12244897959183673,0.07028753993610223,0.07894736842105263,0.3673469387755102,0.3258785942492013,0.34210526315789475,0.04716981132075472,0.048458149779735685,0.3490566037735849,0.32158590308370044,0.5,0.4339622641509434,0.0,0.35560344827586204
2025,"mcgreevy, michael",1466,113.2,0.41114479923744024,0.07142857142857142,0.045714285714285714,0.07407407407407407,0.5,0.37714285714285717,0.4567901234567901,0.046153846153846156,0.05517241379310345,0.36923076923076925,0.36551724137931035,0.391304347826087,0.4153846153846154,0.0,0.4
2025,"holton, tyler",1164,113.1,0.40954256227420155,0.0,0.07526881720430108,0.07407407407407407,0.47058823529411764,0.40860215053763443,0.37037037037037035,0.04081632653061224,0.03529411764705882,0.24489795918367346,0.32941176470588235,0.5,0.32653061224489793,0.08333333333333333,0.35911602209944754
2025,"garcia, robert",981,113.0,0.4044224081887861,0.0,0.0684931506849315,0.0625,0.2222222222222222,0.2876712328767123,0.21875,0.08108108108108109,0.09523809523809523,0.24324324324324326,0.2857142857142857,0.2777777777777778,0.43243243243243246,0.16666666666666666,0.3485714285714286
2025,"thompson, ryan",656,112.7,0.39492517254274134,0.0,0.061224489795918366,0.045454545454545456,0.0,0.40816326530612246,0.13636363636363635,0.15789473684210525,0.08,0.15789473684210525,0.44,0.18181818181818182,0.3684210526315789,0.18181818181818182,0.34579439252336447
2025,"cecconi, slade",2069,112.5,0.3892873862821752,0.02127659574468085,0.06382978723404255,0.07207207207207207,0.3191489361702128,0.33191489361702126,0.34234234234234234,0.04225352112676056,0.029585798816568046,0.36619718309859156,0.35502958579881655,0.48484848484848486,0.49295774647887325,0.06060606060606061,0.4633431085043988
2025,"dobbins, hunter",936,112.4,0.3878503914152726,0.0,0.049019607843137254,0.08108108108108109,0.23076923076923078,0.35294117647058826,0.2972972972972973,0.06818181818181818,0.05102040816326531,0.45454545454545453,0.37755102040816324,0.23529411764705882,0.45454545454545453,0.11764705882352941,0.36551724137931035
2025,"rea, colin",2536,112.3,0.38298615586359885,0.08333333333333333,0.09163346613545817,0.07936507936507936,0.3333333333333333,0.3545816733067729,0.3492063492063492,0.05,0.07373271889400922,0.4,0.3317972350230415,0.4375,0.25,0.041666666666666664,0.3487858719646799
2025,"ryan, joe",2798,112.2,0.38156270009904625,0.16,0.07317073170731707,0.09090909090909091,0.42,0.32926829268292684,0.33636363636363636,0.033707865168539325,0.06976744186046512,0.29213483146067415,0.33488372093023255,0.32,0.39325842696629215,0.04,0.35751295336787564
2025,"hendricks, kyle",2583,112.1,0.3767878802520693,0.047619047619047616,0.06578947368421052,0.06666666666666667,0.42857142857142855,0.35964912280701755,0.31666666666666665,0.08433734939759036,0.06909090909090909,0.3373493975903614,0.33454545454545453,0.30952380952380953,0.3855421686746988,0.07142857142857142,0.3699788583509514
2025,"weaver, luke",1053,112.1,0.3762037399953148,0.0,0.06756756756756757,0.030303030303030304,0.25,0.36486486486486486,0.30303030303030304,0.17391304347826086,0.10606060606060606,0.21739130434782608,0.30303030303030304,0.5,0.17391304347826086,0.1,0.357487922705314
2025,"sugano, tomoyuki",2573,112.0,0.37384701585257024,0.05084745762711865,0.051094890510948905,0.04195804195804196,0.423728813559322,0.38686131386861317,0.43356643356643354,0.017857142857142856,0.06334841628959276,0.45535714285714285,0.3936651583710407,0.4,0.38392857142857145,0.05,0.3634361233480176
2025,"bowlan, jonathan",727,111.9,0.3716055366615401,0.0,0.0392156862745098,0.07142857142857142,0.2727272727272727,0.2549019607843137,0.25,0.17647058823529413,0.14,0.35294117647058826,0.42,0.3125,0.2647058823529412,0.0625,0.45217391304347826
2025,"webb, jacob",986,111.8,0.36807343426644373,0.1,0.09230769230769231,0.1,0.4,0.36923076923076925,0.425,0.0,0.038461538461538464,0.4444444444444444,0.358974358974359,0.23529411764705882,0.37777777777777777,0.058823529411764705,0.3352601156069364
2025,"paddack, chris",2566,111.6,0.36108209112466205,0.02,0.0456140350877193,0.05925925925925926,0.32,0.34385964912280703,0.34814814814814815,0.102803738317757,0.06837606837606838,0.3364485981308411,0.32051282051282054,0.2894736842105263,0.4485981308411215,0.10526315789473684,0.3950381679389313
2025,"varland, louis",1070,111.5,0.35890438875340747,0.0,0.0375,0.09302325581395349,0.21428571428571427,0.4,0.4883720930232558,0.10714285714285714,0.07575757575757576,0.32142857142857145,0.36363636363636365,0.42857142857142855,0.4642857142857143,0.0,0.3349282296650718
2025,"yarbrough, ryan",1018,111.4,0.35482835932204,0.07692307692307693,0.058823529411764705,0.06521739130434782,0.38461538461538464,0.2823529411764706,0.2826086956521739,0.10714285714285714,0.09411764705882353,0.39285714285714285,0.35294117647058826,0.38095238095238093,0.3392857142857143,0.047619047619047616,0.4533333333333333
2025,"wilson, bryse",854,111.0,0.34227263526719875,0.0,0.05555555555555555,0.05172413793103448,0.11764705882352941,0.35555555555555557,0.3275862068965517,0.05405405405405406,0.1206896551724138,0.3783783783783784,0.3620689655172414,0.2857142857142857,0.35135135135135137,0.14285714285714285,0.4140127388535032
2025,"montas, frankie",709,111.0,0.34352372587923585,0.0,0.03225806451612903,0.030303030303030304,0.35714285714285715,0.3709677419354839,0.45454545454545453,0.14285714285714285,0.09433962264150944,0.2857142857142857,0.2830188679245283,0.42857142857142855,0.37142857142857144,0.07142857142857142,0.4122137404580153
2025,"hanifee, brenan",955,110.9,0.3387138847015185,0.2222222222222222,0.07368421052631578,0.09302325581395349,0.2222222222222222,0.2631578947368421,0.20930232558139536,0.14285714285714285,0.06493506493506493,0.32142857142857145,0.2597402597402597,0.2857142857142857,0.35714285714285715,0.07142857142857142,0.4025974025974026
2025,"sauer, matt",512,110.9,0.3402297156418984,0.0,0.044444444444444446,0.13043478260869565,0.0,0.24444444444444444,0.2608695652173913,0.1111111111111111,0.024390243902439025,0.5,0.4878048780487805,0.3,0.5,0.1,0.40350877192982454
2025,"alexander, tyler",1603,110.8,0.33684504072141846,0.07692307692307693,0.05405405405405406,0.047058823529411764,0.23076923076923078,0.33783783783783783,0.3764705882352941,0.08695652173913043,0.10483870967741936,0.37681159420289856,0.3467741935483871,0.4074074074074074,0.4057971014492754,0.037037037037037035,0.38095238095238093
2025,"pivetta, nick",2856,110.8,0.33537464016997126,0.0392156862745098,0.08076923076923077,0.0975609756097561,0.3333333333333333,0.3576923076923077,0.3008130081300813,0.06930693069306931,0.05439330543933055,0.33663366336633666,0.3472803347280335,0.47058823529411764,0.3069306930693069,0.0784313725490196,0.3382352941176471
2025,"lópez, pablo",1259,110.7,0.3342341937215194,0.07692307692307693,0.07692307692307693,0.1,0.3076923076923077,0.40384615384615385,0.5,0.08,0.06666666666666667,0.36,0.34285714285714286,0.30434782608695654,0.38,0.0,0.39148936170212767
2025,"corbin, patrick",2590,110.7,0.33312514258565035,0.05128205128205128,0.08130081300813008,0.0967741935483871,0.358974358974359,0.34552845528455284,0.33064516129032256,0.06837606837606838,0.07906976744186046,0.37606837606837606,0.3581395348837209,0.24489795918367346,0.39316239316239315,0.061224489795918366,0.4379746835443038
2025,"strahm, matt",995,110.7,0.33445731250823685,0.16666666666666666,0.12698412698412698,0.06451612903225806,0.16666666666666666,0.3333333333333333,0.1935483870967742,0.03225806451612903,0.12903225806451613,0.1935483870967742,0.3870967741935484,0.3684210526315789,0.3225806451612903,0.05263157894736842,0.30434782608695654
2025,"liberatore, matthew",2390,110.5,0.3285683646229796,0.04,0.07037037037037037,0.07857142857142857,0.32,0.3962962962962963,0.37857142857142856,0.09090909090909091,0.06572769953051644,0.3181818181818182,0.38497652582159625,0.3,0.42045454545454547,0.05,0.35498839907192575
2025,"spence, mitch",1362,110.5,0.32768228006619926,0.10344827586206896,0.055944055944055944,0.10526315789473684,0.41379310344827586,0.32867132867132864,0.3684210526315789,0.07272727272727272,0.045871559633027525,0.43636363636363634,0.30275229357798167,0.46153846153846156,0.34545454545454546,0.038461538461538464,0.3684210526315789
2025,"uceta, edwin",1226,110.3,0.3212202853915382,0.0,0.0958904109589041,0.06666666666666667,0.2,0.3013698630136986,0.28888888888888886,0.15789473684210525,0.09375,0.47368421052631576,0.375,0.4838709677419355,0.3157894736842105,0.0,0.3333333333333333
2025,"montero, keider",1474,110.3,0.3212348098331957,0.045454545454545456,0.10884353741496598,0.057971014492753624,0.36363636363636365,0.3469387755102041,0.36231884057971014,0.0625,0.1,0.34375,0.34615384615384615,0.3125,0.421875,0.03125,0.3057553956834532
2025,"abbott, andrew",2677,110.2,0.31808375374262854,0.05555555555555555,0.06696428571428571,0.10091743119266056,0.3888888888888889,0.35714285714285715,0.3394495412844037,0.056451612903225805,0.06097560975609756,0.3790322580645161,0.3861788617886179,0.41304347826086957,0.3870967741935484,0.043478260869565216,0.32122370936902483
2025,"lauer, eric",1690,110.0,0.31077491117956246,0.09090909090909091,0.08333333333333333,0.06666666666666667,0.36363636363636365,0.34523809523809523,0.41333333333333333,0.05357142857142857,0.07462686567164178,0.26785714285714285,0.30597014925373134,0.36,0.5,0.04,0.4024390243902439
2025,"bibee, tanner",2975,110.0,0.3106116290271689,0.07894736842105263,0.07003891050583658,0.04504504504504504,0.2631578947368421,0.3424124513618677,0.3063063063063063,0.11764705882352941,0.0830188679245283,0.29411764705882354,0.33584905660377357,0.3220338983050847,0.36764705882352944,0.1016949152542373,0.39763779527559057
2025,"lee, chase",604,110.0,0.31210712718643696,0.08333333333333333,0.0625,0.043478260869565216,0.3333333333333333,0.4166666666666667,0.34782608695652173,0.10526315789473684,0.09375,0.42105263157894735,0.34375,0.2,0.2631578947368421,0.1,0.4036697247706422
2025,"whitlock, garrett",1188,109.9,0.30889431578443266,0.0,0.0945945945945946,0.08823529411764706,0.2727272727272727,0.35135135135135137,0.3235294117647059,0.06451612903225806,0.11764705882352941,0.3548387096774194,0.35294117647058826,0.2692307692307692,0.4838709677419355,0.038461538461538464,0.33877551020408164
2025,"wheeler, zack",2394,109.9,0.30957970044494304,0.16666666666666666,0.09146341463414634,0.0821917808219178,0.375,0.3719512195121951,0.3424657534246575,0.022727272727272728,0.05056179775280899,0.3068181818181818,0.34831460674157305,0.2631578947368421,0.25,0.13157894736842105,0.34182590233545646
2025,"skenes, paul",2997,109.8,0.30408999807026904,0.07692307692307693,0.06986899563318777,0.08571428571428572,0.23076923076923078,0.34934497816593885,0.4,0.05925925925925926,0.046218487394957986,0.43703703703703706,0.42857142857142855,0.3191489361702128,0.34074074074074073,0.0851063829787234,0.3415492957746479
2025,"legumina, casey",869,109.7,0.3013185283603798,0.0,0.11290322580645161,0.08333333333333333,0.375,0.27419354838709675,0.3333333333333333,0.1111111111111111,0.12,0.2777777777777778,0.28,0.4166666666666667,0.1111111111111111,0.125,0.33152173913043476
2025,"eflin, zach",1127,109.7,0.3035962643647844,0.08695652173913043,0.07692307692307693,0.03508771929824561,0.5217391304347826,0.3769230769230769,0.45614035087719296,0.057692307692307696,0.05084745762711865,0.38461538461538464,0.3559322033898305,0.4666666666666667,0.4423076923076923,0.0,0.33663366336633666
2025,"eovaldi, nathan",1924,109.5,0.2958530763201676,0.125,0.054878048780487805,0.05194805194805195,0.25,0.4024390243902439,0.42857142857142855,0.07142857142857142,0.07784431137724551,0.38095238095238093,0.40119760479041916,0.4,0.3333333333333333,0.04,0.3333333333333333
2025,"bellozo, valente",1322,109.5,0.29506223229623174,0.03333333333333333,0.08396946564885496,0.04838709677419355,0.3,0.3511450381679389,0.3870967741935484,0.08333333333333333,0.05263157894736842,0.43333333333333335,0.37719298245614036,0.34615384615384615,0.4,0.07692307692307693,0.3984375
2025,"bivens, spencer",1298,109.5,0.29649863505396107,0.06666666666666667,0.0761904761904762,0.06382978723404255,0.4,0.2761904761904762,0.3404255319148936,0.07142857142857142,0.07216494845360824,0.30357142857142855,0.3711340206185567,0.3103448275862069,0.42857142857142855,0.10344827586206896,0.34558823529411764
2025,"kinley, tyler",1239,109.4,0.2919573499238656,0.0,0.09722222222222222,0.08823529411764706,0.25,0.3333333333333333,0.3235294117647059,0.08888888888888889,0.0821917808219178,0.28888888888888886,0.3424657534246575,0.1724137931034483,0.3111111111111111,0.1724137931034483,0.38207547169811323
2025,"megill, trevor",765,109.3,0.2900004245075885,0.14285714285714285,0.12244897959183673,0.1111111111111111,0.5714285714285714,0.3469387755102041,0.4074074074074074,0.0,0.10256410256410256,0.1875,0.23076923076923078,0.35714285714285715,0.4375,0.0,0.41605839416058393
2025,"rogers, trevor",1627,109.2,0.28537289386115766,0.14285714285714285,0.08917197452229299,0.12307692307692308,0.2857142857142857,0.3821656050955414,0.38461538461538464,0.013333333333333334,0.04032258064516129,0.30666666666666664,0.3467741935483871,0.3870967741935484,0.38666666666666666,0.06451612903225806,0.27714285714285714
2025,"ohtani, shohei",753,109.2,0.2876873119872978,0.0,0.05555555555555555,0.0625,0.75,0.3888888888888889,0.4375,0.02702702702702703,0.02,0.4864864864864865,0.34,0.25,0.40540540540540543,0.125,0.3602941176470588
2025,"williams, trevor",1448,109.1,0.2848243431474223,0.047619047619047616,0.04861111111111111,0.014084507042253521,0.23809523809523808,0.2986111111111111,0.36619718309859156,0.05,0.056,0.3,0.344,0.35,0.48333333333333334,0.2,0.37254901960784315
2025,"rasmussen, drew",2317,109.1,0.28494295436368944,0.08,0.09606986899563319,0.10476190476190476,0.44,0.37117903930131,0.3619047619047619,0.05063291139240506,0.0663265306122449,0.27848101265822783,0.336734693877551,0.4634146341463415,0.3670886075949367,0.024390243902439025,0.38293216630196936
2025,"finnegan, kyle",855,109.0,0.2808567079984933,0.0,0.04477611940298507,0.06451612903225806,0.45454545454545453,0.3880597014925373,0.3870967741935484,0.07692307692307693,0.08,0.46153846153846156,0.38,0.5294117647058824,0.2692307692307692,0.058823529411764705,0.33540372670807456
2025,"ragans, cole",1079,109.0,0.28041538694790974,0.07692307692307693,0.07462686567164178,0.0967741935483871,0.23076923076923078,0.3880597014925373,0.3548387096774194,0.09375,0.1111111111111111,0.3125,0.4126984126984127,0.36363636363636365,0.375,0.0,0.3875598086124402
2025,"mears, nick",849,109.0,0.2813594791718479,0.06666666666666667,0.04054054054054054,0.08108108108108109,0.26666666666666666,0.33783783783783783,0.2972972972972973,0.05,0.041666666666666664,0.3,0.3958333333333333,0.46153846153846156,0.4,0.15384615384615385,0.23369565217391305
2025,"muñoz, andrés",1047,108.9,0.2773663924235683,0.125,0.10526315789473684,0.041666666666666664,0.375,0.3157894736842105,0.375,0.0,0.1590909090909091,0.44,0.2727272727272727,0.20689655172413793,0.16,0.13793103448275862,0.3939393939393939
2025,"smith, cade",1194,108.9,0.2781600019952916,0.16666666666666666,0.06153846153846154,0.06060606060606061,0.5,0.4,0.36363636363636365,0.03333333333333333,0.046153846153846156,0.36666666666666664,0.27692307692307694,0.35,0.36666666666666664,0.1,0.3391304347826087
2025,"leahy, kyle",1352,108.9,0.2761098435590138,0.05555555555555555,0.08695652173913043,0.140625,0.3888888888888889,0.30434782608695654,0.203125,0.11666666666666667,0.06896551724137931,0.3333333333333333,0.3218390804597701,0.4074074074074074,0.4,0.037037037037037035,0.40229885057471265
2025,"woodford, jake",629,108.6,0.2668228936445426,0.0,0.038461538461538464,0.034482758620689655,0.2857142857142857,0.3076923076923077,0.3103448275862069,0.07894736842105263,0.09803921568627451,0.47368421052631576,0.37254901960784315,0.35714285714285715,0.39473684210526316,0.14285714285714285,0.46296296296296297
2025,"festa, david",882,108.6,0.26794259247365554,0.0,0.06593406593406594,0.09302325581395349,0.2777777777777778,0.3076923076923077,0.3488372093023256,0.1935483870967742,0.09859154929577464,0.2903225806451613,0.3380281690140845,0.3157894736842105,0.3870967741935484,0.05263157894736842,0.37572254335260113
2025,"luzardo, jesús",3015,108.5,0.26528657531700617,0.06666666666666667,0.09649122807017543,0.1322314049586777,0.23333333333333334,0.34210526315789475,0.256198347107438,0.06557377049180328,0.06086956521739131,0.3360655737704918,0.34782608695652173,0.43636363636363634,0.30327868852459017,0.09090909090909091,0.396484375
2025,"greene, hunter",1748,108.5,0.2648225233610085,0.12,0.09395973154362416,0.09090909090909091,0.52,0.31543624161073824,0.4,0.02,0.064,0.36,0.328,0.3076923076923077,0.38,0.07692307692307693,0.27586206896551724
2025,"wacha, michael",2666,108.5,0.26351467097679315,0.07894736842105263,0.05668016194331984,0.08208955223880597,0.3684210526315789,0.3765182186234818,0.35074626865671643,0.08860759493670886,0.0599250936329588,0.3670886075949367,0.3895131086142322,0.3181818181818182,0.34810126582278483,0.09090909090909091,0.38551859099804303
2025,"seymour, ian",999,108.0,0.24816736922278068,0.09090909090909091,0.07142857142857142,0.09523809523809523,0.18181818181818182,0.3142857142857143,0.38095238095238093,0.0975609756097561,0.07246376811594203,0.4146341463414634,0.3188405797101449,0.38095238095238093,0.3170731707317073,0.09523809523809523,0.33497536945812806
2025,"evans, logan",1344,108.0,0.2508161214719403,0.038461538461538464,0.07352941176470588,0.1,0.2692307692307692,0.34558823529411764,0.37142857142857144,0.14545454545454545,0.10714285714285714,0.32727272727272727,0.39285714285714285,0.3939393939393939,0.2727272727272727,0.030303030303030304,0.37280701754385964
2025,"de los santos, enyel",1118,107.9,0.24504893398446798,0.0625,0.10256410256410256,0.11363636363636363,0.3125,0.358974358974359,0.29545454545454547,0.057692307692307696,0.11764705882352941,0.3076923076923077,0.35294117647058826,0.5652173913043478,0.3076923076923077,0.0,0.375609756097561
2025,"kirby, george",2087,107.9,0.2474187669464037,0.06896551724137931,0.07653061224489796,0.09195402298850575,0.27586206896551724,0.34183673469387754,0.367816091954023,0.041666666666666664,0.060810810810810814,0.4027777777777778,0.38513513513513514,0.4722222222222222,0.4166666666666667,0.05555555555555555,0.37531486146095716
2025,"vargas, carlos",1117,107.9,0.24497238300655316,0.08333333333333333,0.06542056074766354,0.075,0.16666666666666666,0.308411214953271,0.2,0.07142857142857142,0.07526881720430108,0.38095238095238093,0.3870967741935484,0.391304347826087,0.42857142857142855,0.13043478260869565,0.3241758241758242
2025,"junis, jakob",1037,107.4,0.23152783966056917,0.09090909090909091,0.07692307692307693,0.09302325581395349,0.36363636363636365,0.3076923076923077,0.3023255813953488,0.058823529411764705,0.05263157894736842,0.29411764705882354,0.25,0.3157894736842105,0.3137254901960784,0.21052631578947367,0.33121019108280253
2025,"mahle, tyler",1381,107.4,0.23094456415809422,0.2,0.06818181818181818,0.1076923076923077,0.25,0.3106060606060606,0.35384615384615387,0.017857142857142856,0.048,0.30357142857142855,0.344,0.4444444444444444,0.4642857142857143,0.07407407407407407,0.3695652173913043
2025,"lorenzen, michael",2318,107.4,0.23143144670405164,0.08823529411764706,0.058823529411764705,0.042735042735042736,0.3235294117647059,0.4072398190045249,0.39316239316239315,0.08235294117647059,0.09268292682926829,0.36470588235294116,0.4,0.37777777777777777,0.4117647058823529,0.044444444444444446,0.3583535108958838
2025,"garcia, rico",589,107.3,0.22643962744656343,0.0,0.05405405405405406,0.08695652173913043,0.5714285714285714,0.40540540540540543,0.30434782608695654,0.08333333333333333,0.027777777777777776,0.375,0.4722222222222222,0.3333333333333333,0.375,0.1111111111111111,0.35135135135135137
2025,"priester, quinn",2469,107.2,0.225858811777859,0.030303030303030304,0.05907172995780591,0.03125,0.36363636363636365,0.34177215189873417,0.3333333333333333,0.125,0.09821428571428571,0.35714285714285715,0.35714285714285715,0.49056603773584906,0.35714285714285715,0.07547169811320754,0.40625
2025,"wolfram, grant",525,107.0,0.2180337394754325,0.0,0.075,0.09523809523809523,0.0,0.375,0.38095238095238093,0.05263157894736842,0.10344827586206896,0.15789473684210525,0.3448275862068966,0.3333333333333333,0.3684210526315789,0.2,0.3956043956043956
2025,"desclafani, anthony",637,106.9,0.21511986942814476,0.0,0.04838709677419355,0.09523809523809523,0.3,0.41935483870967744,0.47619047619047616,0.13043478260869565,0.1111111111111111,0.391304347826087,0.4074074074074074,0.23076923076923078,0.2608695652173913,0.07692307692307693,0.37254901960784315
2025,"kelly, merrill",2835,106.8,0.2118930890347523,0.0851063829787234,0.04844290657439446,0.08148148148148149,0.2978723404255319,0.3356401384083045,0.362962962962963,0.10569105691056911,0.06374501992031872,0.35772357723577236,0.33067729083665337,0.3829787234042553,0.4715447154471545,0.0851063829787234,0.3669201520912547
2025,"burke, brock",1028,106.8,0.21208551607571688,0.1,0.0958904109589041,0.08108108108108109,0.2,0.4794520547945205,0.40540540540540543,0.0,0.06896551724137931,0.3888888888888889,0.43103448275862066,0.4375,0.3055555555555556,0.0625,0.3094170403587444
2025,"flexen, chris",673,106.6,0.20427566376017922,0.25,0.08108108108108109,0.06060606060606061,0.25,0.35135135135135137,0.42424242424242425,0.09523809523809523,0.06779661016949153,0.19047619047619047,0.2711864406779661,0.5833333333333334,0.42857142857142855,0.0,0.3308270676691729
2025,"sears, jp",2366,106.6,0.20549464511592055,0.05405405405405406,0.051643192488262914,0.04716981132075472,0.2702702702702703,0.36619718309859156,0.3584905660377358,0.05813953488372093,0.05963302752293578,0.46511627906976744,0.3853211009174312,0.325,0.4883720930232558,0.125,0.376940133037694
2025,"schreiber, john",1051,106.6,0.20420364510986927,0.0,0.046875,0.05714285714285714,0.3076923076923077,0.390625,0.4857142857142857,0.1282051282051282,0.07692307692307693,0.38461538461538464,0.36923076923076925,0.3888888888888889,0.28205128205128205,0.1111111111111111,0.40816326530612246
2025,"yamamoto, yoshinobu",2792,106.6,0.2054061463580324,0.043478260869565216,0.12077294685990338,0.10344827586206896,0.2608695652173913,0.3671497584541063,0.3333333333333333,0.07142857142857142,0.11363636363636363,0.3392857142857143,0.35909090909090907,0.3333333333333333,0.3392857142857143,0.05,0.37924151696606784
2025,"fairbanks, pete",987,106.5,0.20347305705441301,0.0,0.13043478260869565,0.13333333333333333,0.3333333333333333,0.4057971014492754,0.43333333333333335,0.08,0.04838709677419355,0.28,0.2903225806451613,0.4117647058823529,0.36,0.058823529411764705,0.33
2025,"hill, tim",912,106.5,0.2018905987807363,0.08333333333333333,0.031914893617021274,0.03333333333333333,0.3333333333333333,0.2872340425531915,0.23333333333333334,0.05714285714285714,0.06329113924050633,0.3142857142857143,0.26582278481012656,0.5454545454545454,0.5428571428571428,0.18181818181818182,0.3048128342245989
2025,"wilson, justin",832,106.5,0.20223566671176105,0.2857142857142857,0.08695652173913043,0.07407407407407407,0.2857142857142857,0.2826086956521739,0.37037037037037035,0.09523809523809523,0.13513513513513514,0.38095238095238093,0.35135135135135137,0.11764705882352941,0.23809523809523808,0.058823529411764705,0.3841059602649007
2025,"weissert, greg",1073,106.4,0.20002119537541435,0.08333333333333333,0.0375,0.03225806451612903,0.25,0.325,0.16129032258064516,0.08695652173913043,0.025974025974025976,0.6086956521739131,0.4935064935064935,0.30434782608695654,0.30434782608695654,0.21739130434782608,0.3492063492063492
2025,"bubic, kris",1799,106.2,0.19423789080600626,0.09523809523809523,0.08860759493670886,0.08450704225352113,0.3333333333333333,0.37341772151898733,0.2676056338028169,0.06976744186046512,0.0975609756097561,0.4069767441860465,0.42073170731707316,0.41025641025641024,0.2441860465116279,0.07692307692307693,0.2838283828382838
2025,"pérez, eury",1675,106.2,0.1936620281002431,0.09523809523809523,0.11564625850340136,0.07407407407407407,0.38095238095238093,0.42857142857142855,0.4074074074074074,0.023255813953488372,0.09090909090909091,0.37209302325581395,0.34710743801652894,0.40625,0.4418604651162791,0.0,0.36235955056179775
2025,"snell, blake",1033,106.2,0.19188769714921794,0.2222222222222222,0.11428571428571428,0.13513513513513514,0.2222222222222222,0.35714285714285715,0.2972972972972973,0.08620689655172414,0.07042253521126761,0.3275862068965517,0.4225352112676056,0.24,0.25862068965517243,0.04,0.43870967741935485
2025,"myers, tobias",826,106.2,0.1922858611591624,0.0,0.0989010989010989,0.17142857142857143,0.18181818181818182,0.3626373626373626,0.3142857142857143,0.03225806451612903,0.045454545454545456,0.3870967741935484,0.4090909090909091,0.3125,0.5806451612903226,0.0625,0.3212121212121212
2025,"king, john",782,106.2,0.1945313933572142,0.0,0.07142857142857142,0.029411764705882353,0.2857142857142857,0.3333333333333333,0.2647058823529412,0.09375,0.109375,0.4375,0.46875,0.6,0.5,0.0,0.42105263157894735
2025,"schmidt, clarke",1227,106.0,0.18831741357953247,0.0,0.10476190476190476,0.125,0.14285714285714285,0.29523809523809524,0.35,0.07692307692307693,0.09322033898305085,0.3269230769230769,0.3050847457627119,0.3,0.3269230769230769,0.16666666666666666,0.34418604651162793
2025,"dreyer, jack",1166,106.0,0.18616199044510964,0.0,0.024096385542168676,0.030303030303030304,0.42857142857142855,0.4819277108433735,0.45454545454545453,0.0625,0.04878048780487805,0.4375,0.4024390243902439,0.2777777777777778,0.40625,0.16666666666666666,0.3271889400921659
2025,"nola, aaron",1568,106.0,0.18548443537866627,0.041666666666666664,0.05228758169934641,0.08974358974358974,0.375,0.3464052287581699,0.3333333333333333,0.08823529411764706,0.07142857142857142,0.4264705882352941,0.3968253968253968,0.4666666666666667,0.4117647058823529,0.06666666666666667,0.3210332103321033
2025,"miller, shelby",720,105.9,0.18288223685623545,0.16666666666666666,0.10416666666666667,0.2,0.5,0.2916666666666667,0.28,0.05,0.0,0.4,0.3170731707317073,0.2,0.5,0.06666666666666667,0.3178294573643411
2025,"zerpa, angel",1100,105.9,0.18285829689478947,0.0,0.08888888888888889,0.03333333333333333,0.3076923076923077,0.3888888888888889,0.23333333333333334,0.05405405405405406,0.11267605633802817,0.2702702702702703,0.38028169014084506,0.47368421052631576,0.4864864864864865,0.10526315789473684,0.3781094527363184
2025,"carrasco, carlos",779,105.9,0.18331706005627962,0.0,0.036585365853658534,0.0,0.4117647058823529,0.47560975609756095,0.4666666666666667,0.09375,0.10294117647058823,0.34375,0.4117647058823529,0.35294117647058826,0.5,0.058823529411764705,0.5309734513274337
2025,"ohl, pierson",545,105.9,0.1849700780927593,0.125,0.07407407407407407,0.058823529411764705,0.5,0.4074074074074074,0.3235294117647059,0.05,0.03333333333333333,0.3,0.43333333333333335,0.42857142857142855,0.65,0.0,0.415929203539823
2025,"matsui, yuki",1073,105.8,0.1799298627601368,0.0,0.07792207792207792,0.022222222222222223,0.3125,0.3246753246753247,0.4,0.0625,0.12307692307692308,0.5,0.35384615384615387,0.23076923076923078,0.375,0.15384615384615385,0.32608695652173914
2025,"fried, max",3110,105.7,0.1776776221197665,0.08333333333333333,0.07116104868913857,0.08270676691729323,0.3333333333333333,0.33707865168539325,0.3157894736842105,0.12962962962962962,0.11029411764705882,0.43209876543209874,0.4227941176470588,0.3389830508474576,0.3271604938271605,0.03389830508474576,0.3945841392649903
2025,"bazardo, eduard",1232,105.6,0.17383537848758893,0.0,0.045454545454545456,0.07894736842105263,0.5,0.4318181818181818,0.5,0.125,0.045454545454545456,0.375,0.36363636363636365,0.4,0.34375,0.08,0.38181818181818183
2025,"newcomb, sean",1554,105.5,0.1702179519604041,0.0,0.06153846153846154,0.125,0.23076923076923078,0.38461538461538464,0.421875,0.18867924528301888,0.09,0.4339622641509434,0.43,0.34375,0.33962264150943394,0.0,0.35494880546075086
2025,"harrison, kyle",592,105.4,0.1676154179598956,0.0,0.0784313725490196,0.10714285714285714,0.5714285714285714,0.4117647058823529,0.39285714285714285,0.045454545454545456,0.08333333333333333,0.36363636363636365,0.3541666666666667,0.5714285714285714,0.22727272727272727,0.07142857142857142,0.31896551724137934
2025,"gibson, cade",917,105.4,0.16912633636702717,0.0,0.08450704225352113,0.14705882352941177,0.5,0.39436619718309857,0.4117647058823529,0.0975609756097561,0.06666666666666667,0.3902439024390244,0.36666666666666664,0.5,0.3170731707317073,0.0,0.45652173913043476
2025,"casparius, ben",1263,105.3,0.1651370091616233,0.058823529411764705,0.0673076923076923,0.05084745762711865,0.4117647058823529,0.40384615384615385,0.423728813559322,0.05263157894736842,0.0673076923076923,0.38596491228070173,0.47115384615384615,0.4090909090909091,0.3333333333333333,0.09090909090909091,0.35046728971962615
2025,"henriquez, ronny",1167,105.2,0.16067685053548528,0.17647058823529413,0.0759493670886076,0.029411764705882353,0.29411764705882354,0.3291139240506329,0.38235294117647056,0.09375,0.07246376811594203,0.34375,0.34782608695652173,0.3333333333333333,0.28125,0.14814814814814814,0.3684210526315789
2025,"abel, mick",720,105.2,0.16056924966272426,0.0,0.014705882352941176,0.0,0.3,0.35294117647058826,0.37142857142857144,0.16666666666666666,0.07272727272727272,0.3333333333333333,0.32727272727272727,0.23529411764705882,0.2777777777777778,0.29411764705882354,0.3356164383561644
2025,"castillo, luis",2988,105.2,0.16236767868466173,0.07407407407407407,0.08361204013377926,0.07692307692307693,0.3333333333333333,0.4013377926421405,0.38461538461538464,0.06796116504854369,0.06504065040650407,0.32038834951456313,0.3252032520325203,0.4807692307692308,0.4077669902912621,0.07692307692307693,0.38412698412698415
2025,"martínez, nick",2582,105.1,0.15860828267214613,0.058823529411764705,0.075,0.08064516129032258,0.47058823529411764,0.42083333333333334,0.4112903225806452,0.06451612903225806,0.08130081300813008,0.3629032258064516,0.3861788617886179,0.3409090909090909,0.3790322580645161,0.06818181818181818,0.3392857142857143
2025,"thornton, trent",664,105.1,0.15880763802227993,0.0,0.14516129032258066,0.08108108108108109,0.125,0.3387096774193548,0.32432432432432434,0.07407407407407407,0.10416666666666667,0.3333333333333333,0.3333333333333333,0.6,0.2962962962962963,0.06666666666666667,0.41732283464566927
2025,"blanco, ronel",794,105.1,0.15886417513168383,0.09090909090909091,0.03773584905660377,0.12,0.2727272727272727,0.3584905660377358,0.36,0.10416666666666667,0.12857142857142856,0.4791666666666667,0.4714285714285714,0.4117647058823529,0.2916666666666667,0.0,0.46825396825396826
2025,"civale, aaron",1748,105.1,0.1596558281976262,0.0,0.0625,0.04285714285714286,0.2962962962962963,0.3472222222222222,0.3,0.14102564102564102,0.13071895424836602,0.3974358974358974,0.4117647058823529,0.38461538461538464,0.3717948717948718,0.07692307692307693,0.4299363057324841
2025,"walker, ryan",1024,105.0,0.15515171719517265,0.0,0.07575757575757576,0.12195121951219512,0.42857142857142855,0.3484848484848485,0.3170731707317073,0.14634146341463414,0.1,0.5365853658536586,0.38333333333333336,0.391304347826087,0.21951219512195122,0.043478260869565216,0.3333333333333333
2025,"keller, mitch",2871,105.0,0.1542732423148848,0.0,0.07094594594594594,0.06944444444444445,0.4594594594594595,0.36486486486486486,0.4166666666666667,0.061946902654867256,0.06967213114754098,0.46017699115044247,0.36475409836065575,0.43636363636363634,0.39823008849557523,0.09090909090909091,0.368141592920354
2025,"seymour, carson",622,104.9,0.15303639630497737,0.16666666666666666,0.08196721311475409,0.06896551724137931,0.2777777777777778,0.39344262295081966,0.27586206896551724,0.07692307692307693,0.06666666666666667,0.38461538461538464,0.4666666666666667,0.46153846153846156,0.46153846153846156,0.0,0.4166666666666667
2025,"detmers, reid",1100,104.9,0.15255808258051518,0.0,0.08955223880597014,0.07692307692307693,0.18181818181818182,0.3582089552238806,0.2564102564102564,0.1,0.11538461538461539,0.26666666666666666,0.5192307692307693,0.391304347826087,0.4,0.08695652173913043,0.29591836734693877
2025,"verlander, justin",2612,104.9,0.15269677791162325,0.07894736842105263,0.09243697478991597,0.064,0.39473684210526316,0.3907563025210084,0.416,0.06363636363636363,0.09292035398230089,0.34545454545454546,0.35398230088495575,0.35185185185185186,0.32727272727272727,0.09259259259259259,0.34647302904564314
2025,"mclean, nolan",740,104.6,0.14237140127631107,0.125,0.04838709677419355,0.07142857142857142,0.625,0.41935483870967744,0.4642857142857143,0.125,0.021739130434782608,0.2916666666666667,0.41304347826086957,0.2777777777777778,0.2916666666666667,0.1111111111111111,0.3963963963963964
2025,"sousa, bennett",728,104.6,0.14362324983684,0.0,0.05555555555555555,0.07142857142857142,0.4444444444444444,0.42592592592592593,0.39285714285714285,0.045454545454545456,0.08,0.4090909090909091,0.44,0.5384615384615384,0.36363636363636365,0.07692307692307693,0.21739130434782608
2025,"rodríguez, eduardo",2597,104.5,0.14040539446168337,0.1,0.07659574468085106,0.06015037593984962,0.6,0.43829787234042555,0.46616541353383456,0.072992700729927,0.08771929824561403,0.40875912408759124,0.3684210526315789,0.2962962962962963,0.34306569343065696,0.037037037037037035,0.39909297052154197
2025,"topa, justin",990,104.5,0.13957590319441565,0.0,0.031578947368421054,0.07407407407407407,0.6,0.3894736842105263,0.37037037037037035,0.125,0.08064516129032258,0.4,0.43548387096774194,0.3333333333333333,0.475,0.05555555555555555,0.36464088397790057
2025,"erceg, lucas",976,104.4,0.13844583529019064,0.08333333333333333,0.10606060606060606,0.08108108108108109,0.5,0.3484848484848485,0.2702702702702703,0.058823529411764705,0.09859154929577464,0.35294117647058826,0.38028169014084506,0.5263157894736842,0.29411764705882354,0.05263157894736842,0.39080459770114945
2025,"bassitt, chris",2836,104.4,0.13862334700775303,0.13953488372093023,0.10043668122270742,0.13740458015267176,0.37209302325581395,0.37117903930131,0.3893129770992366,0.051094890510948905,0.07327586206896551,0.3795620437956204,0.3793103448275862,0.31666666666666665,0.27007299270072993,0.06666666666666667,0.3937007874015748
2025,"pérez, martín",904,104.3,0.13268711151643806,0.043478260869565216,0.10126582278481013,0.1590909090909091,0.2608695652173913,0.3037974683544304,0.3181818181818182,0.11363636363636363,0.07792207792207792,0.36363636363636365,0.33766233766233766,0.43478260869565216,0.2727272727272727,0.08695652173913043,0.36879432624113473
2025,"scott, tanner",919,104.3,0.13429467789128718,0.09090909090909091,0.08771929824561403,0.058823529411764705,0.36363636363636365,0.3157894736842105,0.3235294117647059,0.043478260869565216,0.12244897959183673,0.34782608695652173,0.3877551020408163,0.3157894736842105,0.43478260869565216,0.10526315789473684,0.2964824120603015
2025,"berríos, josé",2592,104.2,0.13061329232828311,0.08,0.09195402298850575,0.06451612903225806,0.32,0.3563218390804598,0.25806451612903225,0.12149532710280374,0.10084033613445378,0.40186915887850466,0.41596638655462187,0.43859649122807015,0.38317757009345793,0.03508771929824561,0.37236533957845436
2025,"alcalá, jorge",1062,104.1,0.1279743452234729,0.125,0.08,0.1111111111111111,0.25,0.32,0.2777777777777778,0.07142857142857142,0.06779661016949153,0.42857142857142855,0.4406779661016949,0.2857142857142857,0.39285714285714285,0.10714285714285714,0.36097560975609755
2025,"gomber, austin",999,104.1,0.1280499436347278,0.06451612903225806,0.056074766355140186,0.05084745762711865,0.45161290322580644,0.3644859813084112,0.3050847457627119,0.09090909090909091,0.0673076923076923,0.38181818181818183,0.36538461538461536,0.5882352941176471,0.4727272727272727,0.058823529411764705,0.3854166666666667
2025,"milner, hoby",1170,104.0,0.12312135695555676,0.07142857142857142,0.056818181818181816,0.14285714285714285,0.5714285714285714,0.3181818181818182,0.45714285714285713,0.1,0.05813953488372093,0.4,0.3488372093023256,0.6470588235294118,0.3,0.0,0.36018957345971564
2025,"rolison, ryan",678,103.9,0.12128340608750983,0.21428571428571427,0.09375,0.030303030303030304,0.2857142857142857,0.25,0.24242424242424243,0.11764705882352941,0.0967741935483871,0.29411764705882354,0.24193548387096775,0.4117647058823529,0.4411764705882353,0.11764705882352941,0.3577981651376147
2025,"brash, matt",828,103.8,0.1188708351243363,0.16666666666666666,0.09302325581395349,0.08333333333333333,0.3333333333333333,0.4883720930232558,0.25,0.1111111111111111,0.13513513513513514,0.18518518518518517,0.43243243243243246,0.11764705882352941,0.18518518518518517,0.11764705882352941,0.4152542372881356
2025,"estévez, carlos",1064,103.8,0.11697964106700062,0.13333333333333333,0.05333333333333334,0.023809523809523808,0.4666666666666667,0.38666666666666666,0.47619047619047616,0.0967741935483871,0.16417910447761194,0.3225806451612903,0.22388059701492538,0.25,0.3548387096774194,0.1,0.34210526315789475
2025,"beck, tristan",817,103.7,0.11442725054566642,0.14285714285714285,0.07446808510638298,0.12195121951219512,0.2857142857142857,0.32978723404255317,0.2926829268292683,0.08695652173913043,0.08974358974358974,0.391304347826087,0.34615384615384615,0.4,0.391304347826087,0.06666666666666667,0.3161764705882353
2025,"pagán, emilio",1069,103.4,0.10469937606855102,0.0,0.07936507936507936,0.10714285714285714,0.5,0.38095238095238093,0.4642857142857143,0.10714285714285714,0.09230769230769231,0.5357142857142857,0.46153846153846156,0.20833333333333334,0.32142857142857145,0.041666666666666664,0.3922413793103448
2025,"maton, phil",1017,103.3,0.10198925141450518,0.0,0.12244897959183673,0.045454545454545456,0.3333333333333333,0.42857142857142855,0.45454545454545453,0.09090909090909091,0.11363636363636363,0.30303030303030304,0.45454545454545453,0.21428571428571427,0.30303030303030304,0.10714285714285714,0.32515337423312884
2025,"boushley, caleb",743,103.2,0.09941540209454937,0.14285714285714285,0.10144927536231885,0.07317073170731707,0.35714285714285715,0.42028985507246375,0.34146341463414637,0.047619047619047616,0.09302325581395349,0.42857142857142855,0.3488372093023256,0.26666666666666666,0.42857142857142855,0.06666666666666667,0.375
2025,"anderson, grant",1170,103.2,0.10118882318882093,0.125,0.0963855421686747,0.057692307692307696,0.375,0.37349397590361444,0.34615384615384615,0.125,0.125,0.375,0.4375,0.23076923076923078,0.45,0.0,0.4126984126984127
2025,"nelson, ryne",2467,103.1,0.09750298724447873,0.13333333333333333,0.07518796992481203,0.05,0.43333333333333335,0.3684210526315789,0.36,0.06060606060606061,0.08737864077669903,0.2878787878787879,0.4174757281553398,0.5227272727272727,0.3787878787878788,0.06818181818181818,0.3629489603024575
2025,"irvin, jake",2947,103.1,0.09665690661872159,0.11428571428571428,0.08959537572254335,0.08176100628930817,0.44285714285714284,0.3468208092485549,0.389937106918239,0.08208955223880597,0.07224334600760456,0.31343283582089554,0.28517110266159695,0.375,0.44776119402985076,0.09375,0.3365019011406844
2025,"coulombe, danny",720,103.1,0.09681446859675238,0.0,0.07692307692307693,0.13043478260869565,0.0,0.4358974358974359,0.4782608695652174,0.19047619047619047,0.11764705882352941,0.47619047619047616,0.4411764705882353,0.3125,0.2857142857142857,0.0,0.3741496598639456
2025,"mattson, isaac",786,103.1,0.09743426921524212,0.14285714285714285,0.08163265306122448,0.16666666666666666,0.5714285714285714,0.30612244897959184,0.4166666666666667,0.2222222222222222,0.06521739130434782,0.3888888888888889,0.2608695652173913,0.1875,0.16666666666666666,0.0625,0.3136094674556213
2025,"allen, logan",2713,102.8,0.08667530164326696,0.16279069767441862,0.09163346613545817,0.043859649122807015,0.27906976744186046,0.3346613545816733,0.2982456140350877,0.10256410256410256,0.09170305676855896,0.41025641025641024,0.34934497816593885,0.38095238095238093,0.37606837606837606,0.09523809523809523,0.3542116630669546
2025,"williams, devin",1119,102.8,0.08589923435285193,0.09090909090909091,0.109375,0.18181818181818182,0.2727272727272727,0.359375,0.30303030303030304,0.04,0.09433962264150944,0.4,0.4528301886792453,0.23076923076923078,0.44,0.038461538461538464,0.36097560975609755
2025,"cabrera, génesis",720,102.8,0.08651209061648346,0.0,0.09523809523809523,0.07407407407407407,0.25,0.36507936507936506,0.37037037037037035,0.07407407407407407,0.11538461538461539,0.48148148148148145,0.38461538461538464,0.5882352941176471,0.48148148148148145,0.0,0.3103448275862069
2025,"houser, adrian",1892,102.6,0.0818842008798042,0.08695652173913043,0.09523809523809523,0.08888888888888889,0.391304347826087,0.3619047619047619,0.4111111111111111,0.0375,0.10638297872340426,0.4,0.3829787234042553,0.5217391304347826,0.4,0.021739130434782608,0.34285714285714286
2025,"gallen, zac",3137,102.6,0.08011023315223285,0.058823529411764705,0.06774193548387097,0.0625,0.39215686274509803,0.33225806451612905,0.3402777777777778,0.11504424778761062,0.10606060606060606,0.3274336283185841,0.30303030303030304,0.417910447761194,0.40707964601769914,0.11940298507462686,0.41164658634538154
2025,"kolek, stephen",1693,102.6,0.08255309203685,0.047619047619047616,0.05641025641025641,0.06493506493506493,0.19047619047619047,0.3435897435897436,0.33766233766233766,0.07936507936507936,0.10625,0.36507936507936506,0.4125,0.5588235294117647,0.4444444444444444,0.08823529411764706,0.42574257425742573
2025,"lucchesi, joey",637,102.6,0.08139951203328225,0.14285714285714285,0.09090909090909091,0.09523809523809523,0.2857142857142857,0.3181818181818182,0.47619047619047616,0.11538461538461539,0.14,0.38461538461538464,0.42,0.23076923076923078,0.38461538461538464,0.0,0.3394495412844037
2025,"gordon, tanner",1245,102.6,0.08041539380327016,0.03571428571428571,0.05343511450381679,0.05405405405405406,0.5,0.3511450381679389,0.40540540540540543,0.12727272727272726,0.05660377358490566,0.38181818181818183,0.37735849056603776,0.6111111111111112,0.43636363636363634,0.05555555555555555,0.3229166666666667
2025,"harris, hogan",1141,102.6,0.07986228235935712,0.0,0.07142857142857142,0.06976744186046512,0.3333333333333333,0.34285714285714286,0.37209302325581395,0.09090909090909091,0.136986301369863,0.3939393939393939,0.3698630136986301,0.3076923076923077,0.30303030303030304,0.15384615384615385,0.3870967741935484
2025,"lord, brad",2129,102.5,0.07934769158982086,0.07142857142857142,0.07253886010362694,0.061855670103092786,0.2857142857142857,0.38341968911917096,0.41237113402061853,0.07692307692307693,0.06918238993710692,0.41346153846153844,0.4088050314465409,0.2727272727272727,0.36538461538461536,0.1590909090909091,0.34545454545454546
2025,"romero, jojo",1008,102.5,0.07920734924992522,0.14285714285714285,0.03571428571428571,0.03225806451612903,0.2857142857142857,0.3392857142857143,0.3870967741935484,0.14285714285714285,0.13114754098360656,0.4523809523809524,0.36065573770491804,0.25,0.30952380952380953,0.125,0.4198473282442748
2025,"sands, cole",1152,102.3,0.07282143101390556,0.2,0.07526881720430108,0.043478260869565216,0.4666666666666667,0.41935483870967744,0.32608695652173914,0.12121212121212122,0.10256410256410256,0.48484848484848486,0.47435897435897434,0.42857142857142855,0.21212121212121213,0.0,0.37209302325581395
2025,"hatch, thomas",591,102.2,0.06956599616147337,0.0,0.07547169811320754,0.1,0.4444444444444444,0.37735849056603776,0.35,0.1388888888888889,0.08928571428571429,0.4444444444444444,0.39285714285714285,0.3333333333333333,0.3333333333333333,0.08333333333333333,0.4576271186440678
2025,"johnson, pierce",979,102.1,0.06400827897217701,0.0,0.09859154929577464,0.12121212121212122,0.3,0.3380281690140845,0.45454545454545453,0.047619047619047616,0.07547169811320754,0.23809523809523808,0.2641509433962264,0.2,0.5238095238095238,0.2,0.3782051282051282
2025,"taylor, grant",614,102.1,0.06400660388221589,0.0,0.11904761904761904,0.05263157894736842,0.6666666666666666,0.38095238095238093,0.3684210526315789,0.05263157894736842,0.0967741935483871,0.42105263157894735,0.3870967741935484,0.2857142857142857,0.2631578947368421,0.14285714285714285,0.3185840707964602
2025,"funderburk, kody",730,101.5,0.04647718862131366,0.0,0.14035087719298245,0.07692307692307693,0.5,0.3333333333333333,0.38461538461538464,0.058823529411764705,0.14285714285714285,0.47058823529411764,0.42857142857142855,0.3157894736842105,0.29411764705882354,0.05263157894736842,0.3504273504273504
2025,"suarez, robert",1086,101.1,0.03459748487828321,0.0,0.08433734939759036,0.023809523809523808,0.16666666666666666,0.2891566265060241,0.2857142857142857,0.06451612903225806,0.13636363636363635,0.3225806451612903,0.3181818181818182,0.5,0.41935483870967744,0.21428571428571427,0.3726235741444867
2025,"helsley, ryan",994,101.1,0.033015484454948986,0.08333333333333333,0.06493506493506493,0.04878048780487805,0.16666666666666666,0.37662337662337664,0.34146341463414637,0.045454545454545456,0.09803921568627451,0.45454545454545453,0.5294117647058824,0.36363636363636365,0.4090909090909091,0.13636363636363635,0.27860696517412936
2025,"yates, kirby",762,101.0,0.031082860776564195,0.1,0.09302325581395349,0.16666666666666666,0.2,0.37209302325581395,0.4166666666666667,0.09090909090909091,0.09090909090909091,0.4090909090909091,0.45454545454545453,0.25,0.13636363636363635,0.125,0.38620689655172413
2025,"sterner, justin",1101,100.9,0.027195694300658633,0.07142857142857142,0.09859154929577464,0.16666666666666666,0.5,0.3380281690140845,0.3888888888888889,0.12,0.09375,0.28,0.34375,0.32,0.4,0.04,0.39712918660287083
2025,"burrows, mike",1542,100.8,0.02449649804658274,0.07692307692307693,0.06569343065693431,0.10256410256410256,0.34615384615384615,0.34306569343065696,0.358974358974359,0.2,0.08661417322834646,0.4,0.33858267716535434,0.34285714285714286,0.3333333333333333,0.08571428571428572,0.36363636363636365
2025,"estrada, jeremiah",1244,100.7,0.021787138588408063,0.16666666666666666,0.1111111111111111,0.06060606060606061,0.25,0.3333333333333333,0.3333333333333333,0.07407407407407407,0.08620689655172414,0.5185185185185185,0.3448275862068966,0.32,0.4444444444444444,0.08,0.41767068273092367
2025,"alcántara, sandy",2893,100.6,0.019282098151260436,0.15217391304347827,0.08333333333333333,0.11267605633802817,0.43478260869565216,0.36217948717948717,0.3732394366197183,0.09433962264150944,0.09917355371900827,0.3490566037735849,0.33884297520661155,0.4444444444444444,0.39622641509433965,0.031746031746031744,0.34523809523809523
2025,"hoffman, jeff",1132,100.6,0.018566531354137362,0.11764705882352941,0.10810810810810811,0.10526315789473684,0.47058823529411764,0.36486486486486486,0.42105263157894735,0.09375,0.13432835820895522,0.28125,0.2835820895522388,0.35714285714285715,0.28125,0.07142857142857142,0.3944954128440367
2025,"latz, jacob",1397,100.5,0.015431022847118359,0.0,0.08403361344537816,0.10294117647058823,0.2857142857142857,0.35294117647058826,0.39705882352941174,0.16279069767441862,0.09009009009009009,0.37209302325581395,0.3783783783783784,0.39285714285714285,0.32558139534883723,0.10714285714285714,0.39669421487603307
2025,"herget, jimmy",1287,100.5,0.014068891688049182,0.15384615384615385,0.08333333333333333,0.08333333333333333,0.46153846153846156,0.3425925925925926,0.25,0.11320754716981132,0.14432989690721648,0.3584905660377358,0.36082474226804123,0.41935483870967744,0.18867924528301888,0.0967741935483871,0.355
2025,"slaten, justin",504,100.4,0.01359752267099405,0.16666666666666666,0.027777777777777776,0.1111111111111111,0.16666666666666666,0.3888888888888889,0.2777777777777778,0.09090909090909091,0.11904761904761904,0.2727272727272727,0.5238095238095238,0.6666666666666666,0.45454545454545453,0.0,0.2826086956521739
2025,"de los santos, yerry",592,100.3,0.009874761069082383,0.2,0.13043478260869565,0.1111111111111111,0.6,0.34782608695652173,0.4074074074074074,0.1111111111111111,0.1,0.2222222222222222,0.22,0.14285714285714285,0.4074074074074074,0.07142857142857142,0.4270833333333333
2025,"parker, mitchell",2707,100.3,0.008967781269380215,0.12,0.08656716417910448,0.11042944785276074,0.32,0.3701492537313433,0.39263803680981596,0.06666666666666667,0.09565217391304348,0.35555555555555557,0.391304347826087,0.45,0.3888888888888889,0.06666666666666667,0.3071297989031079
2025,"thielbar, caleb",842,100.2,0.005596377939447305,0.1,0.07407407407407407,0.04,0.3,0.35185185185185186,0.32,0.06666666666666667,0.05454545454545454,0.36666666666666664,0.4,0.4,0.43333333333333335,0.2,0.3137254901960784
2025,"valdez, framber",2898,100.1,0.004619781731290769,0.08571428571428572,0.0949367088607595,0.06870229007633588,0.3142857142857143,0.37658227848101267,0.3893129770992366,0.08411214953271028,0.08433734939759036,0.411214953271028,0.37751004016064255,0.4594594594594595,0.45794392523364486,0.06756756756756757,0.33186813186813185
2025,"quantrill, cal",2006,100.1,0.0034858980163524566,0.044444444444444446,0.08837209302325581,0.12380952380952381,0.37777777777777777,0.3813953488372093,0.42857142857142855,0.05952380952380952,0.05172413793103448,0.3333333333333333,0.3735632183908046,0.5384615384615384,0.38095238095238093,0.10256410256410256,0.4519774011299435
2025,"weathers, ryan",642,100.0,-0.0006249588075308018,0.0,0.06944444444444445,0.041666666666666664,0.45454545454545453,0.4861111111111111,0.375,0.23809523809523808,0.09433962264150944,0.5714285714285714,0.4339622641509434,0.45454545454545453,0.23809523809523808,0.0,0.3867924528301887
2025,"elder, bryce",2519,99.9,-0.0038350736736631206,0.18421052631578946,0.09854014598540146,0.09302325581395349,0.39473684210526316,0.3759124087591241,0.3488372093023256,0.05084745762711865,0.06437768240343347,0.3050847457627119,0.3776824034334764,0.42857142857142855,0.423728813559322,0.08928571428571429,0.38271604938271603
2025,"povich, cade",1976,99.7,-0.010044711902189647,0.10810810810810811,0.10052910052910052,0.06315789473684211,0.4864864864864865,0.41798941798941797,0.42105263157894735,0.05,0.08196721311475409,0.31666666666666665,0.36065573770491804,0.5,0.4,0.075,0.40350877192982454
2025,"hancock, emerson",1423,99.5,-0.014281048138431193,0.05,0.1,0.08641975308641975,0.1,0.3466666666666667,0.3333333333333333,0.11267605633802817,0.128,0.29577464788732394,0.4,0.42857142857142855,0.39436619718309857,0.11428571428571428,0.3602941176470588
2025,"peterson, david",2703,99.4,-0.019769133890350284,0.0967741935483871,0.08928571428571429,0.08088235294117647,0.4838709677419355,0.32857142857142857,0.3161764705882353,0.0660377358490566,0.0867579908675799,0.41509433962264153,0.3972602739726027,0.417910447761194,0.42452830188679247,0.1044776119402985,0.3711111111111111
2025,"jacob, alek",586,99.4,-0.018878598740276167,0.0,0.08571428571428572,0.047619047619047616,0.2,0.3142857142857143,0.38095238095238093,0.16666666666666666,0.18604651162790697,0.5,0.3953488372093023,0.3684210526315789,0.36666666666666664,0.05263157894736842,0.32673267326732675
2025,"festa, matt",823,99.3,-0.021543814852757134,0.2222222222222222,0.11864406779661017,0.1724137931034483,0.3333333333333333,0.3050847457627119,0.3448275862068966,0.14285714285714285,0.043478260869565216,0.4642857142857143,0.41304347826086957,0.4444444444444444,0.25,0.0,0.3006535947712418
2025,"bradley, taj",2327,99.3,-0.02258814185113004,0.10344827586206896,0.0821256038647343,0.058823529411764705,0.4482758620689655,0.42995169082125606,0.4215686274509804,0.11827956989247312,0.09137055837563451,0.3870967741935484,0.4010152284263959,0.4642857142857143,0.3333333333333333,0.05357142857142857,0.3464203233256351
2025,"leiter, mark",832,99.0,-0.031619203424160074,0.0,0.08695652173913043,0.11538461538461539,0.4,0.32608695652173914,0.46153846153846156,0.2,0.12,0.44,0.42,0.2222222222222222,0.16,0.1111111111111111,0.42857142857142855
2025,"pepiot, ryan",2700,99.0,-0.03125177946016172,0.125,0.11836734693877551,0.08737864077669903,0.25,0.37551020408163266,0.3883495145631068,0.07692307692307693,0.11538461538461539,0.3956043956043956,0.3798076923076923,0.26865671641791045,0.3956043956043956,0.08955223880597014,0.36036036036036034
2025,"ross, joe",863,99.0,-0.031702893894512925,0.11764705882352941,0.10975609756097561,0.0851063829787234,0.4117647058823529,0.4268292682926829,0.40425531914893614,0.13157894736842105,0.0847457627118644,0.42105263157894735,0.4067796610169492,0.3333333333333333,0.4473684210526316,0.0,0.3508771929824561
2025,"díaz, edwin",1067,98.9,-0.03423501965931953,0.16666666666666666,0.13333333333333333,0.08333333333333333,0.16666666666666666,0.35,0.4166666666666667,0.04,0.10638297872340426,0.32,0.3829787234042553,0.25,0.36,0.14285714285714285,0.3373493975903614
2025,"shugart, chase",701,98.9,-0.03521898461303367,0.2,0.09259259259259259,0.11538461538461539,0.6,0.42592592592592593,0.5384615384615384,0.03225806451612903,0.038461538461538464,0.3548387096774194,0.34615384615384615,0.5,0.45161290322580644,0.0,0.42105263157894735
2025,"brown, hunter",2968,98.9,-0.034045225255033666,0.037037037037037035,0.08133971291866028,0.08849557522123894,0.48148148148148145,0.4688995215311005,0.4690265486725664,0.07352941176470588,0.10964912280701754,0.4485294117647059,0.4605263157894737,0.31666666666666665,0.36764705882352944,0.05,0.3967280163599182
2025,"chivilli, angel",1028,98.7,-0.04012653906456771,0.05263157894736842,0.06862745098039216,0.06,0.47368421052631576,0.4215686274509804,0.36,0.08888888888888889,0.1111111111111111,0.4888888888888889,0.5061728395061729,0.2692307692307692,0.4444444444444444,0.07692307692307693,0.2948717948717949
2025,"lugo, seth",2381,98.7,-0.039161666954176284,0.044444444444444446,0.10743801652892562,0.10909090909090909,0.3111111111111111,0.3512396694214876,0.4090909090909091,0.10344827586206896,0.12953367875647667,0.4367816091954023,0.40932642487046633,0.34545454545454546,0.3103448275862069,0.07272727272727272,0.43434343434343436
2025,"fedde, erick",2374,98.7,-0.039305364659778234,0.08333333333333333,0.11020408163265306,0.11,0.2222222222222222,0.32653061224489793,0.36,0.13,0.116751269035533,0.31,0.34517766497461927,0.3384615384615385,0.42,0.09230769230769231,0.4143222506393862
2025,"fisher, braydon",839,98.7,-0.0397676064974886,0.125,0.1,0.1,0.5,0.44,0.43333333333333335,0.07692307692307693,0.11363636363636363,0.46153846153846156,0.38636363636363635,0.23529411764705882,0.3076923076923077,0.058823529411764705,0.3656716417910448
2025,"baz, shane",2724,98.6,-0.04349144107478542,0.046511627906976744,0.10612244897959183,0.06837606837606838,0.37209302325581395,0.40408163265306124,0.41025641025641024,0.10576923076923077,0.14035087719298245,0.28846153846153844,0.30701754385964913,0.3283582089552239,0.28846153846153844,0.14925373134328357,0.31285988483685223
2025,"rocker, kumar",1128,98.5,-0.046459257680914745,0.17391304347826086,0.09243697478991597,0.05357142857142857,0.391304347826087,0.4117647058823529,0.375,0.045454545454545456,0.05952380952380952,0.3181818181818182,0.36904761904761907,0.4166666666666667,0.4772727272727273,0.125,0.3287671232876712
2025,"smith, shane",2423,98.5,-0.047202712966087655,0.08,0.09734513274336283,0.07368421052631578,0.32,0.3893805309734513,0.4421052631578947,0.08860759493670886,0.11052631578947368,0.31645569620253167,0.37894736842105264,0.4090909090909091,0.3670886075949367,0.10606060606060606,0.3506787330316742
2025,"fernandez, ryan",532,98.4,-0.05098743278485604,0.0,0.0,0.11764705882352941,0.5,0.36363636363636365,0.4117647058823529,0.1,0.058823529411764705,0.45,0.3235294117647059,0.3076923076923077,0.45,0.23076923076923078,0.4090909090909091
2025,"giolito, lucas",2372,98.4,-0.05112265496317838,0.0,0.09649122807017543,0.0423728813559322,0.40540540540540543,0.4298245614035088,0.4322033898305085,0.09195402298850575,0.11274509803921569,0.3103448275862069,0.3382352941176471,0.3584905660377358,0.41379310344827586,0.1509433962264151,0.39952718676122934
2025,"anderson, tyler",2353,98.2,-0.055368162230179596,0.10638297872340426,0.07207207207207207,0.09565217391304348,0.3191489361702128,0.42342342342342343,0.4,0.09345794392523364,0.06572769953051644,0.3644859813084112,0.3615023474178404,0.2777777777777778,0.40186915887850466,0.16666666666666666,0.3617021276595745
2025,"romano, jordan",705,98.2,-0.05536990247144153,0.0,0.058823529411764705,0.043478260869565216,0.5555555555555556,0.4117647058823529,0.5652173913043478,0.041666666666666664,0.02631578947368421,0.5,0.4473684210526316,0.5789473684210527,0.4583333333333333,0.10526315789473684,0.45132743362831856
2025,"doval, camilo",1113,98.2,-0.05584633811797484,0.0,0.10126582278481013,0.1111111111111111,0.0,0.4050632911392405,0.3611111111111111,0.06666666666666667,0.12244897959183673,0.5666666666666667,0.5714285714285714,0.3142857142857143,0.3,0.11428571428571428,0.3121951219512195
2025,"faucher, calvin",1055,98.2,-0.05674117825055594,0.125,0.11290322580645161,0.06818181818181818,0.375,0.43548387096774194,0.3181818181818182,0.07407407407407407,0.11538461538461539,0.2962962962962963,0.4807692307692308,0.38461538461538464,0.2222222222222222,0.11538461538461539,0.4269005847953216
2025,"garrett, reed",987,98.2,-0.05654356766876159,0.0,0.13793103448275862,0.15625,0.6,0.3793103448275862,0.28125,0.125,0.11538461538461539,0.1875,0.4230769230769231,0.3333333333333333,0.28125,0.08333333333333333,0.39751552795031053
2025,"alexander, jason",1252,98.1,-0.059119097056205626,0.25,0.11194029850746269,0.13114754098360656,0.3,0.3582089552238806,0.4426229508196721,0.0392156862745098,0.09523809523809523,0.3333333333333333,0.3047619047619048,0.5185185185185185,0.43137254901960786,0.0,0.5116279069767442
2025,"severino, luis",2735,98.0,-0.06355621610193661,0.16129032258064516,0.08203125,0.11363636363636363,0.45161290322580644,0.41015625,0.3712121212121212,0.06206896551724138,0.0735930735930736,0.36551724137931035,0.39826839826839827,0.328125,0.42758620689655175,0.09375,0.37174721189591076
2025,"wrobleski, justin",1096,98.0,-0.06265669937584746,0.16666666666666666,0.0707070707070707,0.04081632653061224,0.5,0.37373737373737376,0.3673469387755102,0.0625,0.10526315789473684,0.40625,0.35526315789473684,0.2777777777777778,0.375,0.16666666666666666,0.3274336283185841
2025,"blackburn, paul",666,98.0,-0.06143880825552515,0.1,0.09615384615384616,0.16129032258064516,0.3,0.46153846153846156,0.4838709677419355,0.05714285714285714,0.08771929824561403,0.34285714285714286,0.45614035087719296,0.16666666666666666,0.4,0.08333333333333333,0.3620689655172414
2025,"walker, taijuan",2062,97.9,-0.06494480109993861,0.06666666666666667,0.10526315789473684,0.1,0.5,0.3923444976076555,0.43,0.08888888888888889,0.06153846153846154,0.3111111111111111,0.358974358974359,0.5227272727272727,0.36666666666666664,0.09090909090909091,0.39255014326647564
2025,"bernardino, brennan",855,97.9,-0.06502769935098422,0.0,0.1568627450980392,0.15789473684210525,0.14285714285714285,0.35294117647058826,0.5263157894736842,0.02857142857142857,0.07575757575757576,0.3142857142857143,0.30303030303030304,0.43478260869565216,0.4,0.13043478260869565,0.3795620437956204
2025,"melton, troy",656,97.8,-0.06955583720658716,0.0,0.09722222222222222,0.13636363636363635,0.2727272727272727,0.3333333333333333,0.4090909090909091,0.07692307692307693,0.08955223880597014,0.2692307692307692,0.3582089552238806,0.3333333333333333,0.38461538461538464,0.2,0.45217391304347826
2025,"ashcraft, braxton",1107,97.8,-0.0688896390618038,0.0,0.07368421052631578,0.09615384615384616,0.2222222222222222,0.4105263157894737,0.40384615384615385,0.11538461538461539,0.07228915662650602,0.4423076923076923,0.42168674698795183,0.30434782608695654,0.40384615384615385,0.17391304347826086,0.2688679245283019
2025,"roupp, landen",1853,97.8,-0.06862087624820594,0.07407407407407407,0.08695652173913043,0.10526315789473684,0.5555555555555556,0.453416149068323,0.5,0.10843373493975904,0.07142857142857142,0.37349397590361444,0.37662337662337664,0.38636363636363635,0.26506024096385544,0.09090909090909091,0.33941605839416056
2025,"kikuchi, yusei",3109,97.7,-0.07308066074882098,0.08333333333333333,0.08843537414965986,0.10067114093959731,0.375,0.3435374149659864,0.40268456375838924,0.1276595744680851,0.10638297872340426,0.39361702127659576,0.39148936170212767,0.44285714285714284,0.35106382978723405,0.07142857142857142,0.37540453074433655
2025,"abreu, bryan",1191,97.7,-0.07233606059480996,0.09090909090909091,0.1038961038961039,0.1111111111111111,0.45454545454545453,0.4805194805194805,0.4888888888888889,0.05555555555555555,0.09433962264150944,0.2222222222222222,0.32075471698113206,0.30303030303030304,0.3888888888888889,0.12121212121212122,0.3473053892215569
2025,"pallante, andre",2722,97.6,-0.07605262903665638,0.125,0.1282051282051282,0.1388888888888889,0.28125,0.3882783882783883,0.39814814814814814,0.06299212598425197,0.08949416342412451,0.41732283464566927,0.38910505836575876,0.2923076923076923,0.41732283464566927,0.06153846153846154,0.4441860465116279
2025,"rodón, carlos",3213,97.5,-0.07637845490020848,0.17647058823529413,0.1033210332103321,0.10476190476190476,0.4117647058823529,0.35424354243542433,0.37142857142857144,0.10077519379844961,0.09022556390977443,0.34108527131782945,0.35714285714285715,0.35064935064935066,0.3953488372093023,0.07792207792207792,0.41222879684418146
2025,"bender, anthony",793,97.2,-0.08845724751570248,0.1,0.13114754098360656,0.23809523809523808,0.3,0.4918032786885246,0.42857142857142855,0.05,0.058823529411764705,0.3,0.29411764705882354,0.42857142857142855,0.35,0.047619047619047616,0.3305084745762712
2025,"long, sam",790,96.8,-0.10077461745003366,0.1,0.16363636363636364,0.05714285714285714,0.5,0.4,0.37142857142857144,0.06896551724137931,0.1111111111111111,0.41379310344827586,0.4444444444444444,0.47619047619047616,0.3793103448275862,0.0,0.32919254658385094
2025,"senzatela, antonio",2289,96.7,-0.10266198479995574,0.07317073170731707,0.06338028169014084,0.07746478873239436,0.43902439024390244,0.36971830985915494,0.4154929577464789,0.16326530612244897,0.0855614973262032,0.46938775510204084,0.36363636363636365,0.574468085106383,0.3979591836734694,0.0425531914893617,0.37994722955145116
2025,"wentz, joey",1825,96.5,-0.11055440591730566,0.07407407407407407,0.08383233532934131,0.0945945945945946,0.4074074074074074,0.39520958083832336,0.40540540540540543,0.1016949152542373,0.11570247933884298,0.3898305084745763,0.36363636363636365,0.4722222222222222,0.3728813559322034,0.08333333333333333,0.35656836461126007
2025,"bird, jake",975,96.4,-0.11211262595523425,0.1,0.11290322580645161,0.07692307692307693,0.7,0.3709677419354839,0.3333333333333333,0.05263157894736842,0.05357142857142857,0.3684210526315789,0.39285714285714285,0.35,0.42105263157894735,0.15,0.3194444444444444
2025,"falter, bailey",1952,96.3,-0.114451008671346,0.06060606060606061,0.08450704225352113,0.08080808080808081,0.45454545454545453,0.38967136150234744,0.42424242424242425,0.07058823529411765,0.09444444444444444,0.38823529411764707,0.4111111111111111,0.4666666666666667,0.47058823529411764,0.08888888888888889,0.3305084745762712
2025,"cavalli, cade",790,96.2,-0.11725625138587649,0.16666666666666666,0.1,0.20512820512820512,0.3333333333333333,0.375,0.358974358974359,0.12,0.0684931506849315,0.34,0.3287671232876712,0.5263157894736842,0.42,0.0,0.3884297520661157
2025,"cameron, noah",2167,96.2,-0.11851534404047151,0.13043478260869565,0.08247422680412371,0.09375,0.5217391304347826,0.4329896907216495,0.3854166666666667,0.08108108108108109,0.08823529411764706,0.36936936936936937,0.4068627450980392,0.34146341463414637,0.40540540540540543,0.0975609756097561,0.3536231884057971
2025,"enright, nic",532,96.1,-0.12301088467261198,0.0,0.125,0.21428571428571427,0.25,0.34375,0.5,0.1,0.21212121212121213,0.45,0.3939393939393939,0.38461538461538464,0.15,0.0,0.3050847457627119
2025,"may, dustin",2182,96.1,-0.12256733752300884,0.11428571428571428,0.09545454545454546,0.12280701754385964,0.2571428571428571,0.37727272727272726,0.41228070175438597,0.11904761904761904,0.10674157303370786,0.42857142857142855,0.3707865168539326,0.3709677419354839,0.36904761904761907,0.08064516129032258,0.3178294573643411
2025,"singer, brady",2850,96.1,-0.12063519689310197,0.12195121951219512,0.1111111111111111,0.08333333333333333,0.4634146341463415,0.35714285714285715,0.3787878787878788,0.09375,0.10300429184549356,0.4895833333333333,0.39914163090128757,0.3424657534246575,0.3125,0.0958904109589041,0.39789473684210525
2025,"feltner, ryan",523,96.0,-0.12339048181082106,0.0,0.1111111111111111,0.10526315789473684,0.25,0.3333333333333333,0.42105263157894735,0.05,0.12,0.4,0.42,0.5454545454545454,0.45,0.09090909090909091,0.4090909090909091
2025,"assad, javier",567,96.0,-0.1254412859245008,0.0,0.1206896551724138,0.11428571428571428,0.5,0.3448275862068966,0.2857142857142857,0.041666666666666664,0.10204081632653061,0.3333333333333333,0.3877551020408163,0.5333333333333333,0.4166666666666667,0.13333333333333333,0.39805825242718446
2025,"bido, osvaldo",1386,95.9,-0.12925533548518026,0.03333333333333333,0.08088235294117647,0.07142857142857142,0.4,0.29411764705882354,0.38571428571428573,0.09259259259259259,0.09090909090909091,0.5370370370370371,0.32727272727272727,0.5128205128205128,0.48148148148148145,0.1282051282051282,0.36964980544747084
2025,"flaherty, jack",2835,95.9,-0.12684770563908732,0.125,0.10970464135021098,0.13333333333333333,0.375,0.35864978902953587,0.38333333333333336,0.1262135922330097,0.09743589743589744,0.3786407766990291,0.3230769230769231,0.4406779661016949,0.33980582524271846,0.06779661016949153,0.4251968503937008
2025,"lively, ben",720,95.8,-0.1310741387284032,0.14285714285714285,0.10588235294117647,0.08571428571428572,0.35714285714285715,0.36470588235294116,0.4,0.05263157894736842,0.07575757575757576,0.5263157894736842,0.3787878787878788,0.4666666666666667,0.47368421052631576,0.06666666666666667,0.38926174496644295
2025,"márquez, germán",2091,95.6,-0.13840672314130847,0.10204081632653061,0.08058608058608059,0.11538461538461539,0.42857142857142855,0.4139194139194139,0.3769230769230769,0.05952380952380952,0.095,0.34523809523809523,0.34,0.4583333333333333,0.47619047619047616,0.10416666666666667,0.40502793296089384
2025,"bieber, shane",645,95.4,-0.1423409679835418,0.14285714285714285,0.0821917808219178,0.0967741935483871,0.5714285714285714,0.4246575342465753,0.45161290322580644,0.0,0.045454545454545456,0.5384615384615384,0.45454545454545453,0.625,0.5384615384615384,0.0,0.36633663366336633
2025,"hoglund, gunnar",548,95.4,-0.14266206710332593,0.0625,0.09375,0.0625,0.375,0.359375,0.3125,0.0,0.07142857142857142,0.42105263157894735,0.5,0.2,0.3684210526315789,0.3,0.34831460674157305
2025,"soriano, george",696,95.3,-0.14578912309115818,0.23529411764705882,0.13559322033898305,0.05555555555555555,0.47058823529411764,0.3389830508474576,0.3333333333333333,0.09090909090909091,0.125,0.18181818181818182,0.3125,0.3684210526315789,0.4090909090909091,0.10526315789473684,0.34959349593495936
2025,"lazar, max",646,95.2,-0.14809382607650953,0.09090909090909091,0.02631578947368421,0.0,0.36363636363636365,0.4342105263157895,0.41025641025641024,0.1,0.0975609756097561,0.5,0.4878048780487805,0.6,0.45,0.1,0.38461538461538464
2025,"woods richardson, simeon",1881,95.1,-0.153992227642618,0.12121212121212122,0.08823529411764706,0.10666666666666667,0.3939393939393939,0.4470588235294118,0.41333333333333333,0.15517241379310345,0.10465116279069768,0.3448275862068966,0.4127906976744186,0.40425531914893614,0.29310344827586204,0.06382978723404255,0.3532608695652174
2025,"mlodzinski, carmen",1648,94.9,-0.15825986909371056,0.17647058823529413,0.07878787878787878,0.11538461538461539,0.47058823529411764,0.3939393939393939,0.4358974358974359,0.08928571428571429,0.061068702290076333,0.42857142857142855,0.3282442748091603,0.4482758620689655,0.4642857142857143,0.06896551724137931,0.41114982578397213
2025,"stroman, marcus",705,94.9,-0.1592455059356945,0.07142857142857142,0.08108108108108109,0.08333333333333333,0.2857142857142857,0.2702702702702703,0.3055555555555556,0.06896551724137931,0.14516129032258066,0.41379310344827586,0.3870967741935484,0.47058823529411764,0.3793103448275862,0.17647058823529413,0.4264705882352941
2025,"palencia, daniel",845,94.8,-0.16064439559231733,0.25,0.13559322033898305,0.15384615384615385,0.25,0.4406779661016949,0.2692307692307692,0.125,0.08333333333333333,0.2916666666666667,0.3333333333333333,0.4117647058823529,0.2916666666666667,0.058823529411764705,0.4114285714285714
2025,"cannon, jonathan",1799,94.8,-0.16209526753904324,0.05555555555555555,0.12154696132596685,0.10416666666666667,0.3888888888888889,0.3701657458563536,0.3958333333333333,0.0684931506849315,0.12244897959183673,0.4246575342465753,0.41496598639455784,0.5121951219512195,0.3424657534246575,0.07317073170731707,0.3893805309734513
2025,"ashby, aaron",1033,94.7,-0.16625148326889053,0.0,0.1232876712328767,0.10526315789473684,0.5,0.3972602739726027,0.3157894736842105,0.075,0.14925373134328357,0.4,0.40298507462686567,0.2692307692307692,0.3,0.15384615384615385,0.41496598639455784
2025,"buttó, josé",1106,94.7,-0.16651714349835647,0.125,0.11494252873563218,0.024390243902439025,0.4375,0.42528735632183906,0.5121951219512195,0.1935483870967742,0.18840579710144928,0.3225806451612903,0.3333333333333333,0.2857142857142857,0.16129032258064516,0.07142857142857142,0.4147727272727273
2025,"cabrera, edward",2253,94.4,-0.1737463329078927,0.16129032258064516,0.1201923076923077,0.10869565217391304,0.3870967741935484,0.4230769230769231,0.34782608695652173,0.0963855421686747,0.15204678362573099,0.27710843373493976,0.43859649122807015,0.21818181818181817,0.37349397590361444,0.07272727272727272,0.37168141592920356
2025,"kelly, michael",665,94.4,-0.17512489483837268,0.0,0.125,0.1,0.5,0.5,0.45,0.08333333333333333,0.14285714285714285,0.5,0.4523809523809524,0.17647058823529413,0.375,0.058823529411764705,0.3431372549019608
2025,"miller, bryce",1545,94.3,-0.1779646973430579,0.04,0.11377245508982035,0.0379746835443038,0.32,0.31137724550898205,0.379746835443038,0.125,0.18181818181818182,0.3958333333333333,0.371900826446281,0.5294117647058824,0.4375,0.058823529411764705,0.39171974522292996
2025,"bachar, lake",1153,94.2,-0.18100350943577873,0.1111111111111111,0.10112359550561797,0.023255813953488372,0.5,0.4943820224719101,0.3953488372093023,0.037037037037037035,0.15789473684210525,0.2222222222222222,0.4473684210526316,0.5517241379310345,0.4074074074074074,0.06896551724137931,0.36464088397790057
2025,"durán, jhoan",1086,94.1,-0.18334640485237175,0.14285714285714285,0.08860759493670886,0.05,0.5714285714285714,0.3924050632911392,0.5,0.046511627906976744,0.09333333333333334,0.46511627906976744,0.41333333333333333,0.16666666666666666,0.5813953488372093,0.1111111111111111,0.2966507177033493
2025,"winn, cole",627,94.1,-0.18337824222012442,0.125,0.11363636363636363,0.2222222222222222,0.375,0.4090909090909091,0.5,0.0,0.05405405405405406,0.3157894736842105,0.2702702702702703,0.5,0.5263157894736842,0.0625,0.504424778761062
2025,"gusto, ryan",1762,94.1,-0.1851570293869251,0.10714285714285714,0.11602209944751381,0.11538461538461539,0.5,0.3314917127071823,0.34615384615384615,0.04918032786885246,0.08333333333333333,0.36065573770491804,0.3611111111111111,0.5128205128205128,0.4098360655737705,0.1282051282051282,0.3554913294797688
2025,"springs, jeffrey",2849,94.0,-0.18604130000681826,0.12195121951219512,0.08171206225680934,0.14754098360655737,0.36585365853658536,0.4280155642023346,0.4180327868852459,0.10852713178294573,0.07317073170731707,0.4263565891472868,0.3902439024390244,0.38596491228070173,0.4418604651162791,0.07017543859649122,0.3968957871396896
2025,"lopez, jacob",1666,94.0,-0.1872364734375349,0.25,0.1743119266055046,0.11864406779661017,0.4375,0.3577981651376147,0.423728813559322,0.09090909090909091,0.11570247933884298,0.2878787878787879,0.24793388429752067,0.25,0.2727272727272727,0.09090909090909091,0.43097643097643096
2025,"javier, cristian",618,93.8,-0.1947347260799067,0.0,0.08163265306122448,0.045454545454545456,0.5,0.42857142857142855,0.45454545454545453,0.16,0.1724137931034483,0.6,0.5,0.375,0.16,0.0625,0.4380952380952381
2025,"cease, dylan",3052,93.8,-0.19214103278082925,0.08571428571428572,0.1050228310502283,0.05454545454545454,0.37142857142857144,0.3972602739726027,0.32727272727272727,0.09574468085106383,0.140625,0.44680851063829785,0.4583333333333333,0.352112676056338,0.32978723404255317,0.1267605633802817,0.4110320284697509
2025,"morgan, david",770,93.6,-0.19993279765867497,0.0,0.1568627450980392,0.0,0.8,0.4117647058823529,0.32,0.058823529411764705,0.20930232558139536,0.4117647058823529,0.46511627906976744,0.21739130434782608,0.35294117647058826,0.08695652173913043,0.4074074074074074
2025,"castillo, josé",549,93.5,-0.2030032178226402,0.3333333333333333,0.0851063829787234,0.125,0.5,0.3404255319148936,0.2916666666666667,0.09523809523809523,0.09090909090909091,0.19047619047619047,0.2727272727272727,0.3125,0.47619047619047616,0.125,0.3870967741935484
2025,"borucki, ryan",598,93.5,-0.20145161324919947,0.0,0.10526315789473684,0.043478260869565216,0.2857142857142857,0.42105263157894735,0.30434782608695654,0.1111111111111111,0.0967741935483871,0.5925925925925926,0.45161290322580644,0.38461538461538464,0.4074074074074074,0.15384615384615385,0.39361702127659576
2025,"mejia, juan",1078,93.5,-0.2037175233830605,0.125,0.09523809523809523,0.0625,0.375,0.4603174603174603,0.4375,0.1,0.08333333333333333,0.6,0.5166666666666667,0.4074074074074074,0.275,0.07407407407407407,0.36548223350253806
2025,"kershaw, clayton",1772,93.5,-0.20381734291820577,0.21428571428571427,0.08333333333333333,0.11392405063291139,0.42857142857142855,0.39444444444444443,0.34177215189873417,0.06097560975609756,0.07006369426751592,0.32926829268292684,0.3503184713375796,0.4594594594594595,0.4268292682926829,0.13513513513513514,0.375
2025,"smith-shawver, aj",711,93.5,-0.2024340154608031,0.2,0.10810810810810811,0.09090909090909091,0.3333333333333333,0.40540540540540543,0.38636363636363635,0.05,0.0975609756097561,0.35,0.34146341463414637,0.38095238095238093,0.4,0.14285714285714285,0.35135135135135137
2025,"jobe, jackson",877,93.4,-0.20588472340365316,0.15384615384615385,0.1282051282051282,0.17857142857142858,0.3076923076923077,0.3333333333333333,0.35714285714285715,0.16129032258064516,0.08450704225352113,0.2903225806451613,0.23943661971830985,0.17857142857142858,0.5161290322580645,0.10714285714285714,0.5144927536231884
2025,"cruz, steven",646,93.4,-0.20573626118860563,0.14285714285714285,0.0847457627118644,0.07407407407407407,0.14285714285714285,0.4745762711864407,0.37037037037037035,0.16,0.1346153846153846,0.36,0.5,0.5,0.08,0.125,0.27927927927927926
2025,"meyer, max",1040,93.4,-0.205893425652254,0.0625,0.08403361344537816,0.06557377049180328,0.25,0.3445378151260504,0.4098360655737705,0.16129032258064516,0.09302325581395349,0.3548387096774194,0.313953488372093,0.5,0.6129032258064516,0.1,0.4025157232704403
2025,"kerkering, orion",1083,93.4,-0.2065834701006048,0.18181818181818182,0.11290322580645161,0.08571428571428572,0.36363636363636365,0.3548387096774194,0.2857142857142857,0.1111111111111111,0.15254237288135594,0.4166666666666667,0.3728813559322034,0.3333333333333333,0.3055555555555556,0.1111111111111111,0.34444444444444444
2025,"gómez, yoendrys",1104,93.3,-0.20788255617011733,0.13636363636363635,0.10101010101010101,0.058823529411764705,0.4090909090909091,0.40404040404040403,0.35294117647058826,0.05555555555555555,0.12048192771084337,0.3888888888888889,0.40963855421686746,0.3333333333333333,0.2777777777777778,0.2,0.3640776699029126
2025,"vodnik, victor",927,93.2,-0.21100495860216098,0.09090909090909091,0.11940298507462686,0.06060606060606061,0.36363636363636365,0.43283582089552236,0.3939393939393939,0.1,0.14893617021276595,0.35,0.40425531914893614,0.30434782608695654,0.45,0.08695652173913043,0.42948717948717946
2025,"montgomery, mason",859,93.2,-0.21047775164978494,0.14285714285714285,0.15,0.2222222222222222,0.2857142857142857,0.3,0.2962962962962963,0.17857142857142858,0.034482758620689655,0.35714285714285715,0.3448275862068966,0.34615384615384615,0.17857142857142858,0.15384615384615385,0.3148148148148148
2025,"akin, keegan",1066,93.2,-0.21293140086631088,0.15384615384615385,0.09722222222222222,0.17142857142857143,0.15384615384615385,0.3472222222222222,0.2857142857142857,0.16666666666666666,0.10344827586206896,0.3888888888888889,0.3275862068965517,0.2413793103448276,0.5,0.10344827586206896,0.35135135135135137
2025,"phillips, tyler",1114,93.1,-0.21593018231352543,0.09090909090909091,0.06422018348623854,0.09090909090909091,0.7272727272727273,0.3761467889908257,0.5227272727272727,0.09090909090909091,0.10810810810810811,0.45454545454545453,0.35135135135135137,0.4,0.4318181818181818,0.08,0.37333333333333335
2025,"garcía, luis",914,93.0,-0.2176829512648116,0.14285714285714285,0.13513513513513514,0.13953488372093023,0.2857142857142857,0.44594594594594594,0.4883720930232558,0.08333333333333333,0.07547169811320754,0.4583333333333333,0.32075471698113206,0.5,0.3333333333333333,0.05,0.3764705882352941
2025,"neris, héctor",551,92.9,-0.2212706365605459,0.1,0.09090909090909091,0.058823529411764705,0.5,0.48484848484848486,0.6470588235294118,0.07692307692307693,0.13636363636363635,0.23076923076923078,0.3181818181818182,0.3076923076923077,0.3076923076923077,0.15384615384615385,0.3611111111111111
2025,"brazobán, huascar",1017,92.9,-0.22258647484995722,0.08333333333333333,0.08450704225352113,0.06060606060606061,0.6666666666666666,0.38028169014084506,0.45454545454545453,0.08888888888888889,0.10294117647058823,0.37777777777777777,0.39705882352941174,0.20689655172413793,0.4444444444444444,0.1724137931034483,0.34536082474226804
2025,"santillan, tony",1230,92.8,-0.22477423901665824,0.08333333333333333,0.11494252873563218,0.14285714285714285,0.6666666666666666,0.42528735632183906,0.46938775510204084,0.13043478260869565,0.06451612903225806,0.30434782608695654,0.3548387096774194,0.40625,0.391304347826087,0.0625,0.4103585657370518
2025,"molina, anthony",611,92.7,-0.2262828568200248,0.0,0.06153846153846154,0.029411764705882353,0.5454545454545454,0.47692307692307695,0.5,0.045454545454545456,0.06818181818181818,0.45454545454545453,0.4090909090909091,0.5,0.6363636363636364,0.125,0.4235294117647059
2025,"uribe, abner",1174,92.7,-0.22658899655982204,0.3333333333333333,0.05172413793103448,0.1,0.3333333333333333,0.29310344827586204,0.3333333333333333,0.0625,0.07575757575757576,0.5416666666666666,0.48484848484848486,0.16666666666666666,0.3333333333333333,0.2,0.31351351351351353
2025,"fitts, richard",735,92.7,-0.22694268800038497,0.17647058823529413,0.08108108108108109,0.07894736842105263,0.17647058823529413,0.36486486486486486,0.23684210526315788,0.11764705882352941,0.1111111111111111,0.2647058823529412,0.35185185185185186,0.42105263157894735,0.4117647058823529,0.21052631578947367,0.3717948717948718
2025,"martin, davis",2315,92.4,-0.23528342534956023,0.07142857142857142,0.10080645161290322,0.07936507936507936,0.5,0.4475806451612903,0.42063492063492064,0.061224489795918366,0.09900990099009901,0.45918367346938777,0.43564356435643564,0.4339622641509434,0.4897959183673469,0.07547169811320754,0.3741648106904232
2025,"miller, mason",981,92.4,-0.23657773297442067,0.0,0.10810810810810811,0.10526315789473684,0.375,0.4594594594594595,0.42105263157894735,0.0,0.15625,0.631578947368421,0.5,0.46153846153846156,0.3157894736842105,0.07692307692307693,0.38271604938271603
2025,"peralta, freddy",3089,92.0,-0.24869443800180716,0.24324324324324326,0.1330049261083744,0.12745098039215685,0.5405405405405406,0.4039408866995074,0.4803921568627451,0.061946902654867256,0.08583690987124463,0.3185840707964602,0.3133047210300429,0.2361111111111111,0.3185840707964602,0.125,0.4092526690391459
2025,"koenig, jared",1047,91.9,-0.2535848386435271,0.14285714285714285,0.08823529411764706,0.07142857142857142,0.5714285714285714,0.4264705882352941,0.39285714285714285,0.0967741935483871,0.10526315789473684,0.5483870967741935,0.4605263157894737,0.2631578947368421,0.3548387096774194,0.10526315789473684,0.3942857142857143
2025,"burke, sean",2380,91.9,-0.25214039220729284,0.1,0.10849056603773585,0.1111111111111111,0.3,0.42452830188679247,0.3333333333333333,0.09090909090909091,0.08717948717948718,0.4090909090909091,0.48205128205128206,0.36363636363636365,0.3977272727272727,0.13636363636363635,0.3440366972477064
2025,"bello, brayan",2698,91.7,-0.26018553030728425,0.06060606060606061,0.0963855421686747,0.08547008547008547,0.42424242424242425,0.42971887550200805,0.4358974358974359,0.15151515151515152,0.1206896551724138,0.3333333333333333,0.3793103448275862,0.43478260869565216,0.3333333333333333,0.11594202898550725,0.42083333333333334
2025,"keller, brad",1114,91.5,-0.264529194816313,0.2857142857142857,0.05263157894736842,0.15384615384615385,0.42857142857142855,0.2982456140350877,0.38461538461538464,0.12195121951219512,0.08955223880597014,0.43902439024390244,0.31343283582089554,0.15384615384615385,0.43902439024390244,0.15384615384615385,0.484375
2025,"ferguson, tyler",998,91.5,-0.26472184683691224,0.1,0.1935483870967742,0.16666666666666666,0.4,0.3548387096774194,0.3,0.07407407407407407,0.12727272727272726,0.3333333333333333,0.4,0.41935483870967744,0.1111111111111111,0.12903225806451613,0.3817204301075269
2025,"leasure, jordan",1133,91.4,-0.2664588293789889,0.13333333333333333,0.15254237288135594,0.1111111111111111,0.5333333333333333,0.423728813559322,0.4444444444444444,0.125,0.09523809523809523,0.3125,0.3968253968253968,0.35714285714285715,0.40625,0.03571428571428571,0.3835616438356164
2025,"orze, eric",685,91.3,-0.2706983626119644,0.16666666666666666,0.07317073170731707,0.04,0.3333333333333333,0.4146341463414634,0.28,0.2608695652173913,0.14583333333333334,0.4782608695652174,0.4583333333333333,0.3157894736842105,0.17391304347826086,0.10526315789473684,0.49242424242424243
2025,"cantillo, joey",1637,91.1,-0.27788075794261785,0.1875,0.1111111111111111,0.1111111111111111,0.375,0.48412698412698413,0.38095238095238093,0.061224489795918366,0.10909090909090909,0.2857142857142857,0.38181818181818183,0.3157894736842105,0.40816326530612246,0.13157894736842105,0.3673469387755102
2025,"warren, will",2808,91.0,-0.28035856656806635,0.06818181818181818,0.10622710622710622,0.10852713178294573,0.36363636363636365,0.3882783882783883,0.43410852713178294,0.16279069767441862,0.09313725490196079,0.3372093023255814,0.36764705882352944,0.5076923076923077,0.32558139534883723,0.12307692307692308,0.37819025522041766
2025,"quintana, jose",2177,90.7,-0.2903415001119898,0.10810810810810811,0.07272727272727272,0.11538461538461539,0.40540540540540543,0.40454545454545454,0.4230769230769231,0.10476190476190476,0.07027027027027027,0.38095238095238093,0.42702702702702705,0.3148148148148148,0.47619047619047616,0.16666666666666666,0.4224137931034483
2025,"king, mike",1219,90.7,-0.2904490375064761,0.19047619047619047,0.1188118811881188,0.14285714285714285,0.38095238095238093,0.38613861386138615,0.40816326530612246,0.08620689655172414,0.0625,0.3103448275862069,0.3854166666666667,0.37037037037037035,0.3620689655172414,0.14814814814814814,0.4336734693877551
2025,"blalock, bradley",1035,90.5,-0.2949816904760281,0.08,0.06611570247933884,0.04477611940298507,0.6,0.4049586776859504,0.417910447761194,0.10869565217391304,0.15217391304347827,0.43478260869565216,0.4782608695652174,0.5652173913043478,0.43478260869565216,0.043478260869565216,0.40425531914893614
2025,"senga, kodai",1908,90.0,-0.31205649467691554,0.041666666666666664,0.10062893081761007,0.11267605633802817,0.4166666666666667,0.36477987421383645,0.36619718309859156,0.16049382716049382,0.14102564102564102,0.48148148148148145,0.46794871794871795,0.3018867924528302,0.4444444444444444,0.07547169811320754,0.3987138263665595
2025,"lynch, daniel",1092,89.7,-0.32246210585526075,0.14285714285714285,0.07216494845360824,0.1111111111111111,0.5714285714285714,0.422680412371134,0.4222222222222222,0.045454545454545456,0.047619047619047616,0.4090909090909091,0.39285714285714285,0.34615384615384615,0.6136363636363636,0.15384615384615385,0.38666666666666666
2025,"heaney, andrew",2085,89.7,-0.3212304669924819,0.10256410256410256,0.1111111111111111,0.08571428571428572,0.38461538461538464,0.41333333333333333,0.37142857142857144,0.15,0.08982035928143713,0.425,0.4311377245508982,0.45652173913043476,0.3875,0.10869565217391304,0.30569948186528495
2025,"chafin, andrew",614,89.5,-0.32749023509277264,0.0,0.12903225806451613,0.10526315789473684,0.5,0.3548387096774194,0.5789473684210527,0.13636363636363635,0.16666666666666666,0.45454545454545453,0.3055555555555556,0.25,0.3181818181818182,0.125,0.40707964601769914
2025,"ray, robbie",3072,89.4,-0.33093724206350167,0.13333333333333333,0.10431654676258993,0.11206896551724138,0.4222222222222222,0.4136690647482014,0.3879310344827586,0.13253012048192772,0.11836734693877551,0.4457831325301205,0.44081632653061226,0.3157894736842105,0.3855421686746988,0.09210526315789473,0.3716216216216216
2025,"salazar, eduardo",545,89.4,-0.33011416762672197,0.3333333333333333,0.2037037037037037,0.125,0.5555555555555556,0.46296296296296297,0.2916666666666667,0.0,0.06451612903225806,0.23529411764705882,0.3225806451612903,0.5294117647058824,0.5294117647058824,0.0,0.3917525773195876
2025,"olson, reese",1167,89.3,-0.33468571349595516,0.3333333333333333,0.08849557522123894,0.09433962264150944,0.5,0.39823008849557523,0.4716981132075472,0.08108108108108109,0.09375,0.4594594594594595,0.3958333333333333,0.34615384615384615,0.35135135135135137,0.07692307692307693,0.4
2025,"dubin, shawn",551,89.2,-0.3368274959882092,0.5,0.08695652173913043,0.10526315789473684,0.5,0.2826086956521739,0.47368421052631576,0.045454545454545456,0.0975609756097561,0.5454545454545454,0.43902439024390244,0.45454545454545453,0.3181818181818182,0.0,0.4111111111111111
2025,"o'brien, riley",767,89.0,-0.3415313935669354,0.0,0.14,0.2692307692307692,0.25,0.46,0.4230769230769231,0.16666666666666666,0.15217391304347827,0.3,0.3695652173913043,0.2,0.16666666666666666,0.12,0.3435114503816794
2025,"burnes, corbin",1010,88.8,-0.34963667560450024,0.2857142857142857,0.13402061855670103,0.21951219512195122,0.42857142857142855,0.41237113402061853,0.4878048780487805,0.045454545454545456,0.07058823529411765,0.2727272727272727,0.32941176470588235,0.35714285714285715,0.38636363636363635,0.07142857142857142,0.37572254335260113
2025,"rutledge, jackson",1341,88.6,-0.3537913424735789,0.047619047619047616,0.10833333333333334,0.18333333333333332,0.47619047619047616,0.49166666666666664,0.5666666666666667,0.06976744186046512,0.022988505747126436,0.5348837209302325,0.45977011494252873,0.4827586206896552,0.3023255813953488,0.10344827586206896,0.39330543933054396
2025,"morillo, juan",618,88.6,-0.35567230704695774,0.25,0.08333333333333333,0.05,0.25,0.25,0.3,0.21739130434782608,0.12121212121212122,0.5652173913043478,0.3333333333333333,0.3333333333333333,0.17391304347826086,0.2222222222222222,0.384
2025,"vásquez, randy",2153,88.5,-0.35868209657744826,0.044444444444444446,0.11013215859030837,0.07407407407407407,0.3333333333333333,0.42290748898678415,0.4166666666666667,0.10101010101010101,0.13861386138613863,0.3838383838383838,0.3910891089108911,0.4339622641509434,0.43434343434343436,0.1509433962264151,0.4
2025,"canning, griffin",1343,88.3,-0.3633843985429503,0.10526315789473684,0.13385826771653545,0.08163265306122448,0.2631578947368421,0.47244094488188976,0.3469387755102041,0.18604651162790697,0.12631578947368421,0.37209302325581395,0.42105263157894735,0.5161290322580645,0.32558139534883723,0.06451612903225806,0.36796536796536794
2025,"jackson, luke",802,88.2,-0.36914591063607227,0.14285714285714285,0.15151515151515152,0.043478260869565216,0.42857142857142855,0.4090909090909091,0.391304347826087,0.2,0.11666666666666667,0.4,0.4,0.5217391304347826,0.3333333333333333,0.043478260869565216,0.2846153846153846
2025,"ginn, j. t.",1580,88.2,-0.3689265608115374,0.125,0.08208955223880597,0.07142857142857142,0.2916666666666667,0.41044776119402987,0.375,0.09859154929577464,0.09322033898305085,0.6197183098591549,0.5423728813559322,0.5,0.2676056338028169,0.14705882352941177,0.4774774774774775
2025,"hicks, jordan",1203,88.2,-0.36669188284092624,0.1,0.17391304347826086,0.21153846153846154,0.5,0.4260869565217391,0.36538461538461536,0.06976744186046512,0.12643678160919541,0.2558139534883721,0.4367816091954023,0.3333333333333333,0.37209302325581395,0.05555555555555555,0.35135135135135137
2025,"gore, mackenzie",2819,88.1,-0.37172245277914756,0.1951219512195122,0.12033195020746888,0.09836065573770492,0.34146341463414637,0.4024896265560166,0.3442622950819672,0.12222222222222222,0.11351351351351352,0.5,0.4486486486486487,0.35384615384615387,0.36666666666666664,0.09230769230769231,0.3905109489051095
2025,"schlittler, cam",1253,88.1,-0.3696759414249455,0.23076923076923078,0.08791208791208792,0.10416666666666667,0.3076923076923077,0.34065934065934067,0.3333333333333333,0.15,0.11392405063291139,0.35,0.3924050632911392,0.38235294117647056,0.4,0.14705882352941177,0.32142857142857145
2025,"soriano, josé",2784,88.0,-0.37531695051864833,0.0625,0.11971830985915492,0.11538461538461539,0.46875,0.44014084507042256,0.5,0.12,0.10869565217391304,0.42,0.4434782608695652,0.42168674698795183,0.4,0.07228915662650602,0.3783132530120482
2025,"ortiz, luis",1502,88.0,-0.37298198600707594,0.13043478260869565,0.11564625850340136,0.14492753623188406,0.4782608695652174,0.3469387755102041,0.4782608695652174,0.08888888888888889,0.1346153846153846,0.4666666666666667,0.3173076923076923,0.4186046511627907,0.4444444444444444,0.06976744186046512,0.3745019920318725
2025,"holmes, grant",1970,87.7,-0.3835382391970474,0.13793103448275862,0.12941176470588237,0.09876543209876543,0.27586206896551724,0.3764705882352941,0.37037037037037035,0.1267605633802817,0.13986013986013987,0.4647887323943662,0.4755244755244755,0.3157894736842105,0.38028169014084506,0.10526315789473684,0.33613445378151263
2025,"treinen, blake",526,87.6,-0.3869063981365713,0.2,0.10714285714285714,0.16666666666666666,0.4,0.4642857142857143,0.5555555555555556,0.0625,0.041666666666666664,0.3125,0.3333333333333333,0.14285714285714285,0.4375,0.21428571428571427,0.3238095238095238
2025,"holmes, clay",2766,87.5,-0.390513477353995,0.12121212121212122,0.11152416356877323,0.13274336283185842,0.3333333333333333,0.44981412639405205,0.36283185840707965,0.06722689075630252,0.108,0.4117647058823529,0.448,0.3783783783783784,0.4789915966386555,0.12162162162162163,0.38913043478260867
2025,"gage, matt",536,87.3,-0.39719383809798287,0.3333333333333333,0.08333333333333333,0.1111111111111111,0.6666666666666666,0.3333333333333333,0.2777777777777778,0.19047619047619047,0.09090909090909091,0.47619047619047616,0.3939393939393939,0.3076923076923077,0.3333333333333333,0.07692307692307693,0.4583333333333333
2025,"hernández, carlos",761,87.3,-0.39525477123442265,0.14285714285714285,0.12962962962962962,0.15384615384615385,0.5714285714285714,0.5,0.5128205128205128,0.13333333333333333,0.10204081632653061,0.3333333333333333,0.42857142857142855,0.4782608695652174,0.2,0.043478260869565216,0.35507246376811596
2025,"bergert, ryan",1316,86.9,-0.4075642363736253,0.13333333333333333,0.1559633027522936,0.13725490196078433,0.6,0.44954128440366975,0.4117647058823529,0.14285714285714285,0.10576923076923077,0.22857142857142856,0.38461538461538464,0.3333333333333333,0.22857142857142856,0.13333333333333333,0.3705179282868526
2025,"little, brendon",1252,86.9,-0.4096393412474442,0.1111111111111111,0.12121212121212122,0.03571428571428571,0.4444444444444444,0.42424242424242425,0.5357142857142857,0.09090909090909091,0.19298245614035087,0.3939393939393939,0.40350877192982454,0.28205128205128205,0.42424242424242425,0.10256410256410256,0.5
2025,"leiter, jack",2585,86.8,-0.4106496338987938,0.15555555555555556,0.102880658436214,0.11650485436893204,0.4666666666666667,0.411522633744856,0.47572815533980584,0.12359550561797752,0.12135922330097088,0.42696629213483145,0.3786407766990291,0.3787878787878788,0.3595505617977528,0.10606060606060606,0.3831041257367387
2025,"fluharty, mason",875,86.6,-0.41815031517386964,0.25,0.08695652173913043,0.1,0.25,0.43478260869565216,0.4,0.1935483870967742,0.18867924528301888,0.45161290322580644,0.4339622641509434,0.2631578947368421,0.2903225806451613,0.05263157894736842,0.3602941176470588
2025,"hurter, brant",1064,86.6,-0.4179526060652857,0.16666666666666666,0.1038961038961039,0.20588235294117646,0.3333333333333333,0.33766233766233766,0.35294117647058826,0.1111111111111111,0.0945945945945946,0.3055555555555556,0.33783783783783783,0.3793103448275862,0.3055555555555556,0.20689655172413793,0.40350877192982454
2025,"scott, tayler",537,86.6,-0.4177548886359317,0.125,0.16216216216216217,0.08695652173913043,0.375,0.32432432432432434,0.30434782608695654,0.08333333333333333,0.1388888888888889,0.4166666666666667,0.3888888888888889,0.3888888888888889,0.375,0.16666666666666666,0.4594594594594595
2025,"cano, yennier",992,86.4,-0.42531931543134116,0.16666666666666666,0.13636363636363635,0.1111111111111111,0.6666666666666666,0.3787878787878788,0.4166666666666667,0.08823529411764706,0.15,0.4117647058823529,0.5333333333333333,0.3333333333333333,0.35294117647058826,0.041666666666666664,0.3532934131736527
2025,"knack, landon",773,86.2,-0.43015640640198444,0.16666666666666666,0.09090909090909091,0.15,0.3888888888888889,0.36363636363636365,0.35,0.11538461538461539,0.11538461538461539,0.19230769230769232,0.28846153846153844,0.55,0.5,0.15,0.46405228758169936
2025,"alvarado, elvis",767,86.0,-0.43476590352009,0.25,0.10416666666666667,0.08333333333333333,0.5,0.3958333333333333,0.4166666666666667,0.18181818181818182,0.13636363636363635,0.5,0.4090909090909091,0.21739130434782608,0.3181818181818182,0.08695652173913043,0.35658914728682173
2025,"rodríguez, yariel",1172,85.9,-0.4385204319999618,0.1111111111111111,0.1038961038961039,0.14285714285714285,0.5555555555555556,0.44155844155844154,0.4523809523809524,0.10638297872340426,0.13636363636363635,0.425531914893617,0.4696969696969697,0.37142857142857144,0.3191489361702128,0.08571428571428572,0.425531914893617
2025,"blewett, scott",711,85.9,-0.4402018518605525,0.21428571428571427,0.08536585365853659,0.034482758620689655,0.21428571428571427,0.32926829268292684,0.41379310344827586,0.13636363636363635,0.14545454545454545,0.36363636363636365,0.34545454545454546,0.47058823529411764,0.45454545454545453,0.17647058823529413,0.4485981308411215
2025,"perkins, jack",637,85.8,-0.44289506877935314,0.2,0.0975609756097561,0.15,0.7,0.5365853658536586,0.45,0.10714285714285714,0.08163265306122448,0.39285714285714285,0.4489795918367347,0.25,0.32142857142857145,0.1,0.3592233009708738
2025,"hamilton, ian",642,85.7,-0.4450782960947581,0.0,0.0975609756097561,0.1111111111111111,0.375,0.3170731707317073,0.3333333333333333,0.3125,0.23529411764705882,0.375,0.4117647058823529,0.2631578947368421,0.25,0.10526315789473684,0.373015873015873
2025,"rogers, taylor",899,85.4,-0.45341215972208215,0.23076923076923078,0.12698412698412698,0.13793103448275862,0.5384615384615384,0.3333333333333333,0.3793103448275862,0.07692307692307693,0.10416666666666667,0.34615384615384615,0.3541666666666667,0.5,0.46153846153846156,0.1,0.30434782608695654
2025,"trivino, lou",843,85.4,-0.45620320582023444,0.2,0.19230769230769232,0.21428571428571427,0.6,0.46153846153846156,0.5,0.02857142857142857,0.08620689655172414,0.37142857142857144,0.3793103448275862,0.5714285714285714,0.2571428571428571,0.0,0.375
2025,"dana, caden",563,85.3,-0.4583131958785584,0.125,0.1111111111111111,0.24,0.375,0.35555555555555557,0.4,0.20833333333333334,0.10810810810810811,0.4166666666666667,0.43243243243243246,0.2777777777777778,0.375,0.05555555555555555,0.3950617283950617
2025,"wilson, steven",982,85.3,-0.45865670040539724,0.125,0.16176470588235295,0.14705882352941177,0.25,0.4411764705882353,0.5,0.16666666666666666,0.13793103448275862,0.625,0.5172413793103449,0.5,0.08333333333333333,0.0,0.3314917127071823
2025,"banda, anthony",1091,85.1,-0.4637923421130328,0.21428571428571427,0.13432835820895522,0.16666666666666666,0.5714285714285714,0.43283582089552236,0.4666666666666667,0.14285714285714285,0.11940298507462686,0.42857142857142855,0.40298507462686567,0.36,0.35714285714285715,0.0,0.3979591836734694
2025,"rodríguez, randy",808,85.0,-0.465990944283129,0.14285714285714285,0.11627906976744186,0.14814814814814814,0.7142857142857143,0.4418604651162791,0.5185185185185185,0.2,0.09523809523809523,0.52,0.47619047619047616,0.4,0.24,0.0,0.310126582278481
2025,"glasnow, tyler",1484,84.7,-0.4752665460024141,0.11764705882352941,0.11711711711711711,0.10344827586206896,0.5294117647058824,0.43243243243243246,0.4482758620689655,0.16326530612244897,0.13761467889908258,0.40816326530612246,0.44036697247706424,0.3181818181818182,0.30612244897959184,0.11363636363636363,0.36752136752136755
2025,"domínguez, seranthony",1109,84.7,-0.4781581811442107,0.2,0.13793103448275862,0.0967741935483871,0.6,0.5172413793103449,0.45161290322580644,0.15625,0.12280701754385964,0.40625,0.47368421052631576,0.24242424242424243,0.1875,0.09090909090909091,0.40437158469945356
2025,"kochanowicz, jack",1875,84.1,-0.49417368656980065,0.11764705882352941,0.125,0.14018691588785046,0.5,0.41203703703703703,0.38317757009345793,0.13432835820895522,0.12195121951219512,0.3582089552238806,0.3719512195121951,0.3888888888888889,0.4626865671641791,0.1111111111111111,0.3611111111111111
2025,"buehler, walker",2191,84.1,-0.4961752005203731,0.18421052631578946,0.14356435643564355,0.15384615384615385,0.2631578947368421,0.3564356435643564,0.3076923076923077,0.1346153846153846,0.11173184357541899,0.3942307692307692,0.39664804469273746,0.2647058823529412,0.38461538461538464,0.17647058823529413,0.4067357512953368
2025,"houck, tanner",749,83.5,-0.5128657723046592,0.16666666666666666,0.10843373493975904,0.14285714285714285,0.4166666666666667,0.40963855421686746,0.30952380952380953,0.14285714285714285,0.13432835820895522,0.42857142857142855,0.40298507462686567,0.5,0.35714285714285715,0.1,0.4107142857142857
2025,"waddell, brandon",513,83.4,-0.5172371538504922,0.1,0.03773584905660377,0.0,0.5,0.4339622641509434,0.4,0.10526315789473684,0.09090909090909091,0.3684210526315789,0.36363636363636365,0.3333333333333333,0.5789473684210527,0.3333333333333333,0.375
2025,"waldrep, hurston",887,83.4,-0.51715756319166,0.16666666666666666,0.13580246913580246,0.09523809523809523,0.5,0.5432098765432098,0.5238095238095238,0.029411764705882353,0.07462686567164178,0.4411764705882353,0.4626865671641791,0.375,0.4411764705882353,0.125,0.417910447761194
2025,"barlow, scott",1286,83.2,-0.5243225071460991,0.0,0.14285714285714285,0.13953488372093023,0.2727272727272727,0.42857142857142855,0.5116279069767442,0.1388888888888889,0.21666666666666667,0.4166666666666667,0.45,0.3023255813953488,0.19444444444444445,0.13953488372093023,0.35294117647058826
2025,"francis, bowden",1143,83.0,-0.5303963173957449,0.2,0.12,0.06666666666666667,0.4,0.464,0.45,0.11428571428571428,0.10714285714285714,0.3142857142857143,0.39285714285714285,0.41935483870967744,0.42857142857142855,0.16129032258064516,0.37681159420289856
2025,"morales, luis",821,83.0,-0.5308454790509005,0.0,0.1,0.16129032258064516,0.6666666666666666,0.5857142857142857,0.5806451612903226,0.0,0.06349206349206349,0.42424242424242425,0.47619047619047616,0.3333333333333333,0.5151515151515151,0.16666666666666666,0.39568345323741005
2025,"dollander, chase",1778,82.7,-0.5377329822251432,0.09375,0.16560509554140126,0.1527777777777778,0.40625,0.47770700636942676,0.4861111111111111,0.041666666666666664,0.0880503144654088,0.4166666666666667,0.4779874213836478,0.32075471698113206,0.4583333333333333,0.1320754716981132,0.3590504451038576
2025,"blubaugh, aj",508,82.4,-0.549267127632499,0.25,0.13157894736842105,0.2,0.5,0.34210526315789475,0.4,0.15789473684210525,0.06976744186046512,0.3684210526315789,0.3488372093023256,0.3333333333333333,0.2631578947368421,0.16666666666666666,0.3516483516483517
2025,"ort, kaleb",793,82.3,-0.5524672860898037,0.1111111111111111,0.1346153846153846,0.17391304347826086,0.4444444444444444,0.5,0.5652173913043478,0.15,0.10638297872340426,0.35,0.425531914893617,0.3181818181818182,0.2,0.13636363636363635,0.4316546762589928
2025,"sasaki, roki",624,82.3,-0.550549017497214,0.0,0.15625,0.06896551724137931,0.4166666666666667,0.453125,0.4482758620689655,0.2,0.21568627450980393,0.45,0.4117647058823529,0.22727272727272727,0.25,0.13636363636363635,0.37
2025,"montero, rafael",1096,82.0,-0.5620407495554163,0.0,0.15384615384615385,0.19230769230769232,0.375,0.36923076923076925,0.2692307692307692,0.2,0.1694915254237288,0.3,0.3898305084745763,0.5,0.3,0.125,0.4
2025,"soroka, michael",1528,81.9,-0.5638838139628668,0.21428571428571427,0.12213740458015267,0.1320754716981132,0.5714285714285714,0.42748091603053434,0.5849056603773585,0.14,0.16260162601626016,0.42,0.37398373983739835,0.2619047619047619,0.38,0.047619047619047616,0.3310344827586207
2025,"murphy, chris",573,81.4,-0.5799568791613993,0.0,0.13043478260869565,0.0625,0.3333333333333333,0.32608695652173914,0.3125,0.16666666666666666,0.20454545454545456,0.3888888888888889,0.4090909090909091,0.2727272727272727,0.3333333333333333,0.2727272727272727,0.43333333333333335
2025,"ferguson, caleb",1054,81.3,-0.5842345768752537,0.5,0.16666666666666666,0.1875,0.5,0.46296296296296297,0.40625,0.09803921568627451,0.08333333333333333,0.35294117647058826,0.3472222222222222,0.13636363636363635,0.2549019607843137,0.09090909090909091,0.33163265306122447
2025,"morton, charlie",2559,81.1,-0.588552447859586,0.15151515151515152,0.13675213675213677,0.1574074074074074,0.3939393939393939,0.3974358974358974,0.3611111111111111,0.125,0.11049723756906077,0.4625,0.39779005524861877,0.43037974683544306,0.35,0.1518987341772152,0.32265446224256294
2025,"herrin, tim",756,81.0,-0.5933853221969947,0.0,0.13333333333333333,0.05,0.25,0.3333333333333333,0.35,0.2,0.2903225806451613,0.5,0.45161290322580644,0.2903225806451613,0.35,0.12903225806451613,0.3867924528301887
2025,"hall, dl",589,80.6,-0.6043352430976081,0.16666666666666666,0.19047619047619047,0.15,0.5,0.5,0.2,0.07692307692307693,0.1320754716981132,0.5,0.5094339622641509,0.21428571428571427,0.5,0.07142857142857142,0.3402061855670103
2025,"misiorowski, jacob",1165,80.4,-0.6092465663787371,0.09090909090909091,0.1038961038961039,0.06060606060606061,0.6363636363636364,0.45454545454545453,0.48484848484848486,0.1,0.11594202898550725,0.43333333333333335,0.391304347826087,0.3870967741935484,0.3,0.25806451612903225,0.32677165354330706
2025,"ramírez, yohan",608,80.3,-0.6123337097035694,0.16666666666666666,0.11904761904761904,0.18518518518518517,0.5833333333333334,0.35714285714285715,0.2962962962962963,0.16666666666666666,0.20588235294117646,0.3888888888888889,0.35294117647058826,0.47058823529411764,0.3333333333333333,0.058823529411764705,0.2900763358778626
2025,"stanek, ryne",1063,79.7,-0.6329208677967698,0.16666666666666666,0.16666666666666666,0.19444444444444445,0.5,0.3787878787878788,0.3055555555555556,0.13043478260869565,0.12962962962962962,0.4782608695652174,0.48148148148148145,0.4,0.34782608695652173,0.06666666666666667,0.3644067796610169
2025,"williams, gavin",2925,79.3,-0.6452651844581211,0.1282051282051282,0.1274131274131274,0.16964285714285715,0.5384615384615384,0.444015444015444,0.4642857142857143,0.10975609756097561,0.13063063063063063,0.4878048780487805,0.4864864864864865,0.34146341463414637,0.3780487804878049,0.0975609756097561,0.39080459770114945
2025,"halvorsen, seth",640,78.8,-0.6605875363763205,0.125,0.18604651162790697,0.17391304347826086,0.25,0.46511627906976744,0.34782608695652173,0.14285714285714285,0.15,0.5714285714285714,0.575,0.2631578947368421,0.3333333333333333,0.05263157894736842,0.3939393939393939
2025,"mccullers, lance",1147,78.7,-0.6642618692445572,0.125,0.09782608695652174,0.12195121951219512,0.5625,0.34782608695652173,0.36585365853658536,0.22857142857142856,0.1506849315068493,0.5142857142857142,0.410958904109589,0.2222222222222222,0.22857142857142856,0.2222222222222222,0.3409090909090909
2025,"gil, luis",970,78.0,-0.686051944236966,0.14285714285714285,0.10112359550561797,0.10526315789473684,0.5,0.42696629213483145,0.42105263157894735,0.2413793103448276,0.11764705882352941,0.3793103448275862,0.47058823529411764,0.3939393939393939,0.41379310344827586,0.12121212121212122,0.4233128834355828
2025,"vasil, mike",1669,77.7,-0.6949947434745659,0.15789473684210525,0.12030075187969924,0.09259259259259259,0.3157894736842105,0.48120300751879697,0.5,0.1016949152542373,0.12295081967213115,0.4915254237288136,0.47540983606557374,0.38461538461538464,0.4576271186440678,0.15384615384615385,0.4112903225806452
2025,"ureña, josé",938,77.2,-0.7093876154457913,0.22727272727272727,0.12631578947368421,0.12962962962962962,0.4090909090909091,0.4421052631578947,0.42592592592592593,0.08695652173913043,0.11538461538461539,0.4782608695652174,0.44871794871794873,0.28,0.5,0.16,0.3620689655172414
2025,"adams, travis",664,77.1,-0.712264616631374,0.15384615384615385,0.16,0.1,0.23076923076923078,0.44,0.4,0.037037037037037035,0.05405405405405406,0.48148148148148145,0.43243243243243246,0.26666666666666666,0.4444444444444444,0.3333333333333333,0.4672131147540984
2025,"bummer, aaron",946,77.1,-0.7139778479465174,0.25,0.13513513513513514,0.1,0.5,0.4189189189189189,0.375,0.1724137931034483,0.14754098360655737,0.4482758620689655,0.4098360655737705,0.5,0.3448275862068966,0.09090909090909091,0.25675675675675674
2025,"vesia, alex",1036,76.9,-0.7199225254803883,0.14285714285714285,0.14545454545454545,0.17857142857142858,0.5,0.41818181818181815,0.42857142857142855,0.25,0.15217391304347827,0.5,0.43478260869565216,0.17391304347826086,0.17857142857142858,0.13043478260869565,0.32882882882882886
2025,"boyle, joe",936,76.8,-0.723202821626589,0.15384615384615385,0.17105263157894737,0.21875,0.07692307692307693,0.40789473684210525,0.375,0.125,0.09090909090909091,0.625,0.5454545454545454,0.25,0.5833333333333334,0.07142857142857142,0.44805194805194803
2025,"adam, jason",1097,76.7,-0.7273944896099768,0.3,0.11594202898550725,0.16666666666666666,0.4,0.4782608695652174,0.5666666666666667,0.14285714285714285,0.1044776119402985,0.42857142857142855,0.417910447761194,0.3333333333333333,0.2857142857142857,0.125,0.31666666666666665
2025,"ogasawara, shinnosuke",674,76.6,-0.7290283812687921,0.1,0.08620689655172414,0.19230769230769232,0.3,0.3620689655172414,0.34615384615384615,0.23529411764705882,0.10204081632653061,0.6470588235294118,0.4489795918367347,0.45,0.23529411764705882,0.2,0.23853211009174313
2025,"cortés, néstor",599,76.3,-0.73911204016136,0.07142857142857142,0.1774193548387097,0.15625,0.21428571428571427,0.46774193548387094,0.46875,0.15384615384615385,0.12727272727272726,0.46153846153846156,0.4,0.3333333333333333,0.38461538461538464,0.16666666666666666,0.3764705882352941
2025,"teng, kai-wei",573,76.3,-0.739966838665029,0.5,0.11764705882352941,0.29411764705882354,0.0,0.29411764705882354,0.29411764705882354,0.1875,0.05555555555555555,0.3125,0.3611111111111111,0.2608695652173913,0.25,0.21739130434782608,0.4423076923076923
2025,"strider, spencer",2111,76.1,-0.7436101123692507,0.2,0.14084507042253522,0.17204301075268819,0.6,0.38967136150234744,0.4838709677419355,0.07692307692307693,0.12258064516129032,0.5538461538461539,0.36774193548387096,0.42857142857142855,0.4307692307692308,0.10714285714285714,0.3953488372093023
2025,"hodge, porter",628,75.6,-0.7616667231921889,0.25,0.11904761904761904,0.16,0.375,0.47619047619047616,0.48,0.3333333333333333,0.16129032258064516,0.3333333333333333,0.3548387096774194,0.4,0.3333333333333333,0.0,0.39166666666666666
2025,"simpson, josh",619,74.4,-0.7987983660394554,0.2,0.08333333333333333,0.1,0.4,0.375,0.5,0.06666666666666667,0.03571428571428571,0.7333333333333333,0.5714285714285714,0.2857142857142857,0.4666666666666667,0.2857142857142857,0.38461538461538464
2025,"henry, cole",969,74.4,-0.7965423503594643,0.0,0.13114754098360656,0.1724137931034483,0.375,0.4262295081967213,0.3103448275862069,0.2,0.18181818181818182,0.44,0.5454545454545454,0.2777777777777778,0.32,0.19444444444444445,0.5
2025,"ribalta, orlando",502,72.2,-0.8649375952663301,0.2222222222222222,0.1935483870967742,0.22727272727272727,0.2222222222222222,0.3548387096774194,0.4090909090909091,0.09523809523809523,0.21428571428571427,0.38095238095238093,0.42857142857142855,0.375,0.2857142857142857,0.125,0.35294117647058826
2025,"pressly, ryan",661,72.2,-0.8676090356701057,0.0,0.1111111111111111,0.0967741935483871,0.625,0.5079365079365079,0.3548387096774194,0.22727272727272727,0.1951219512195122,0.36363636363636365,0.4634146341463415,0.5789473684210527,0.3181818181818182,0.15789473684210525,0.3565217391304348
2025,"cruz, fernando",793,72.1,-0.867871823086743,0.25,0.20588235294117646,0.1724137931034483,0.375,0.4411764705882353,0.4482758620689655,0.12,0.14705882352941177,0.36,0.35294117647058826,0.25,0.24,0.20833333333333334,0.3291139240506329
2025,"gonsolin, tony",609,69.9,-0.9383934188385717,0.2727272727272727,0.15517241379310345,0.13793103448275862,0.45454545454545453,0.3448275862068966,0.4827586206896552,0.19047619047619047,0.12244897959183673,0.5714285714285714,0.3673469387755102,0.3333333333333333,0.42857142857142855,0.14285714285714285,0.45348837209302323
2025,"arrighetti, spencer",619,69.8,-0.9420494525503017,0.3333333333333333,0.14814814814814814,0.14285714285714285,0.2222222222222222,0.35185185185185186,0.2857142857142857,0.11538461538461539,0.16,0.46153846153846156,0.46,0.4090909090909091,0.46153846153846156,0.18181818181818182,0.40425531914893614
2025,"booser, cam",572,69.5,-0.9498994445107818,0.2727272727272727,0.09090909090909091,0.1111111111111111,0.5454545454545454,0.3333333333333333,0.5555555555555556,0.21052631578947367,0.25,0.631578947368421,0.4375,0.3888888888888889,0.3157894736842105,0.05555555555555555,0.38613861386138615
2025,"fermin, josé",655,69.3,-0.9575327434162156,0.2,0.14285714285714285,0.3125,0.1,0.2857142857142857,0.3125,0.1875,0.10810810810810811,0.5625,0.5405405405405406,0.47058823529411764,0.25,0.17647058823529413,0.34579439252336447
2025,"zeferjahn, ryan",1039,69.2,-0.9596696477803265,0.23076923076923078,0.1568627450980392,0.15625,0.6153846153846154,0.49019607843137253,0.6875,0.24242424242424243,0.12727272727272726,0.30303030303030304,0.2909090909090909,0.1875,0.3333333333333333,0.15625,0.40804597701149425
2025,"birdsong, hayden",1195,68.4,-0.983573740804277,0.1111111111111111,0.1320754716981132,0.17391304347826086,0.3333333333333333,0.49056603773584906,0.5,0.15789473684210525,0.12222222222222222,0.47368421052631576,0.4777777777777778,0.3783783783783784,0.47368421052631576,0.1891891891891892,0.3567567567567568
2025,"megill, tylor",1234,68.3,-0.9870275015225373,0.2727272727272727,0.13,0.1702127659574468,0.8181818181818182,0.39,0.46808510638297873,0.20588235294117646,0.08641975308641975,0.38235294117647056,0.345679012345679,0.2571428571428571,0.35294117647058826,0.22857142857142856,0.3864734299516908
2025,"nicolas, kyle",652,68.2,-0.9915665113656599,0.16666666666666666,0.21568627450980393,0.30434782608695654,0.6666666666666666,0.47058823529411764,0.5652173913043478,0.1,0.13043478260869565,0.35,0.45652173913043476,0.3333333333333333,0.35,0.05555555555555555,0.37735849056603776
2025,"agnos, zach",527,65.7,-1.0681112243983641,0.18181818181818182,0.14285714285714285,0.23809523809523808,0.5454545454545454,0.5714285714285714,0.7619047619047619,0.26666666666666666,0.10526315789473684,0.3333333333333333,0.2894736842105263,0.3333333333333333,0.4,0.08333333333333333,0.37662337662337664
2025,"palmquist, carson",705,64.2,-1.115726635812442,0.11764705882352941,0.16393442622950818,0.1111111111111111,0.5294117647058824,0.47540983606557374,0.5,0.1,0.15789473684210525,0.6,0.45614035087719296,0.30434782608695654,0.4,0.2608695652173913,0.4132231404958678
2025,"kahnle, tommy",1037,61.1,-1.2114698938165784,0.2857142857142857,0.16216216216216217,0.1891891891891892,0.5,0.5,0.43243243243243246,0.2,0.1388888888888889,0.42857142857142855,0.4444444444444444,0.24,0.37142857142857144,0.2,0.44
2025,"brown, mccade",502,55.6,-1.3837226793505906,0.14285714285714285,0.14,0.21052631578947367,0.2857142857142857,0.36,0.3157894736842105,0.42857142857142855,0.20930232558139536,0.5714285714285714,0.3953488372093023,0.45,0.35714285714285715,0.15,0.39325842696629215
2025,"richardson, lyon",684,55.2,-1.3953734233189061,0.16666666666666666,0.08928571428571429,0.2,0.5,0.5357142857142857,0.56,0.25,0.17073170731707318,0.55,0.4634146341463415,0.6470588235294118,0.45,0.11764705882352941,0.41304347826086957
2025,"hernández, daysbel",723,53.1,-1.4599647379102265,0.14285714285714285,0.17073170731707318,0.46153846153846156,0.7142857142857143,0.4878048780487805,0.46153846153846156,0.13333333333333333,0.13157894736842105,0.5333333333333333,0.47368421052631576,0.20689655172413793,0.26666666666666666,0.20689655172413793,0.4745762711864407
2025,"bautista, félix",629,47.0,-1.6508705286061187,0.4,0.24,0.3333333333333333,0.4,0.52,0.6666666666666666,0.11764705882352941,0.15151515151515152,0.5294117647058824,0.45454545454545453,0.13043478260869565,0.47058823529411764,0.13043478260869565,0.36607142857142855
2025,"pilkington, konnor",500,45.4,-1.7021596665901213,0.3,0.22580645161290322,0.2,0.4,0.5483870967741935,0.45,0.3333333333333333,0.2857142857142857,0.4444444444444444,0.47619047619047616,0.35294117647058826,0.3333333333333333,0.058823529411764705,0.38636363636363635
2025,"oviedo, johan",667,44.2,-1.738587117538916,0.2857142857142857,0.2857142857142857,0.25,0.5714285714285714,0.5306122448979592,0.5714285714285714,0.17391304347826086,0.2033898305084746,0.5652173913043478,0.4745762711864407,0.36,0.391304347826087,0.08,0.47368421052631576
2025,"sabrowski, erik",503,17.4,-2.5726116094086926,0.5,0.38461538461538464,0.5,1.0,0.5769230769230769,0.3333333333333333,0.1111111111111111,0.23529411764705882,0.3333333333333333,0.5294117647058824,0.05,0.2222222222222222,0.25,0.36363636363636365
