season,pitcher_name,pitch_count,composure_plus,composure_score,walk_after_barrel,walk_after_hard_hit,walk_after_high_xba,first_ball_after_barrel,first_ball_after_hard_hit,first_ball_after_high_xba,walk_after_soft_hit,walk_after_low_xba,first_ball_after_soft_hit,first_ball_after_low_xba,hard_hit_after_walk,hard_hit_after_soft,walk_after_walk,ball_after_foul
2023,"martin, chris",736,154.7,1.6447727606449822,0.0,0.041666666666666664,0.0,0.0,0.125,0.05128205128205128,0.022727272727272728,0.020833333333333332,0.29545454545454547,0.2916666666666667,0.2,0.29545454545454547,0.0,0.3050847457627119
2023,"alexander, tyler",679,139.4,1.1831561865190137,0.0,0.0,0.03571428571428571,0.3333333333333333,0.3269230769230769,0.35714285714285715,0.10344827586206896,0.0,0.1724137931034483,0.28846153846153844,0.16666666666666666,0.3793103448275862,0.0,0.28169014084507044
2023,"ramirez, nick",659,137.8,1.1360586632631744,0.0,0.04,0.034482758620689655,0.2857142857142857,0.38,0.3103448275862069,0.03333333333333333,0.04918032786885246,0.3,0.2786885245901639,0.1111111111111111,0.3,0.0,0.3402061855670103
2023,"speier, gabe",797,136.6,1.0987410906868367,0.1,0.05263157894736842,0.09090909090909091,0.1,0.17543859649122806,0.12121212121212122,0.0,0.0,0.2413793103448276,0.24,0.5,0.41379310344827586,0.0,0.40816326530612246
2023,"nelson, kyle",883,133.3,1.0014795228647508,0.1,0.04838709677419355,0.0625,0.4,0.3064516129032258,0.34375,0.03333333333333333,0.0,0.3,0.3064516129032258,0.18181818181818182,0.3,0.0,0.41509433962264153
2023,"kirby, george",2826,131.7,0.9537824110145553,0.025,0.031141868512110725,0.026143790849673203,0.325,0.3217993079584775,0.3333333333333333,0.021739130434782608,0.026415094339622643,0.2898550724637681,0.2981132075471698,0.25,0.42028985507246375,0.041666666666666664,0.3183279742765273
2023,"sánchez, cristopher",1460,128.5,0.8578594439656588,0.045454545454545456,0.034013605442176874,0.038461538461538464,0.36363636363636365,0.3741496598639456,0.3076923076923077,0.056338028169014086,0.06818181818181818,0.29577464788732394,0.3181818181818182,0.21052631578947367,0.36619718309859156,0.0,0.35319148936170214
2023,"stephenson, robert",771,128.1,0.8440675762732189,0.0,0.07692307692307693,0.07692307692307693,0.2727272727272727,0.28205128205128205,0.3076923076923077,0.041666666666666664,0.05555555555555555,0.20833333333333334,0.3055555555555556,0.42857142857142855,0.125,0.07142857142857142,0.3211009174311927
2023,"garcia, robert",530,127.6,0.8280320763165965,0.0,0.12,0.18181818181818182,0.0,0.32,0.36363636363636365,0.07692307692307693,0.0,0.3076923076923077,0.27586206896551724,0.2222222222222222,0.19230769230769232,0.0,0.3879310344827586
2023,"greinke, zack",2221,127.0,0.8111862642605094,0.0,0.0635593220338983,0.04580152671755725,0.17647058823529413,0.3432203389830508,0.2748091603053435,0.019417475728155338,0.03271028037383177,0.3300970873786408,0.32710280373831774,0.36,0.4077669902912621,0.04,0.4140625
2023,"graterol, brusdar",932,126.8,0.805063688694915,0.0,0.014285714285714285,0.075,0.42857142857142855,0.32857142857142857,0.375,0.07692307692307693,0.02857142857142857,0.3333333333333333,0.32857142857142857,0.15384615384615385,0.3076923076923077,0.07692307692307693,0.2893401015228426
2023,"borucki, ryan",531,126.4,0.7935201209746862,0.0,0.05714285714285714,0.0,0.0,0.3142857142857143,0.30434782608695654,0.06060606060606061,0.0975609756097561,0.21212121212121213,0.3902439024390244,0.6,0.3333333333333333,0.0,0.21839080459770116
2023,"littell, zack",1336,125.8,0.7753378705069306,0.041666666666666664,0.039735099337748346,0.05,0.3333333333333333,0.31788079470198677,0.3875,0.047619047619047616,0.008,0.3492063492063492,0.304,0.42857142857142855,0.42857142857142855,0.0,0.3235294117647059
2023,"anderson, nick",548,125.8,0.7741641061713979,0.25,0.11904761904761904,0.047619047619047616,0.375,0.2857142857142857,0.19047619047619047,0.0,0.09375,0.3,0.25,0.0,0.4,0.0,0.2765957446808511
2023,"smith, will",881,125.5,0.7654950395146322,0.0,0.0847457627118644,0.0967741935483871,0.18181818181818182,0.4406779661016949,0.3548387096774194,0.0,0.07017543859649122,0.19230769230769232,0.2982456140350877,0.2727272727272727,0.38461538461538464,0.0,0.3223684210526316
2023,"rasmussen, drew",677,125.5,0.7671515852544453,0.0,0.05555555555555555,0.06896551724137931,0.5,0.24074074074074073,0.3793103448275862,0.034482758620689655,0.05454545454545454,0.2413793103448276,0.2545454545454545,0.45454545454545453,0.41379310344827586,0.0,0.39285714285714285
2023,"gilbert, logan",2928,125.3,0.7611744352422685,0.04081632653061224,0.04113924050632911,0.056451612903225805,0.30612244897959184,0.35443037974683544,0.3064516129032258,0.019230769230769232,0.04296875,0.34615384615384615,0.39453125,0.23529411764705882,0.41346153846153844,0.029411764705882353,0.356401384083045
2023,"pepiot, ryan",654,124.6,0.7390837032052773,0.0,0.09615384615384616,0.0,0.3333333333333333,0.36538461538461536,0.3333333333333333,0.05405405405405406,0.0967741935483871,0.4594594594594595,0.3709677419354839,0.125,0.32432432432432434,0.0,0.3548387096774194
2023,"stripling, ross",1456,124.4,0.7332570519292589,0.034482758620689655,0.03821656050955414,0.022988505747126436,0.2413793103448276,0.3503184713375796,0.3333333333333333,0.06666666666666667,0.05343511450381679,0.2833333333333333,0.3511450381679389,0.4444444444444444,0.4166666666666667,0.0,0.3817427385892116
2023,"cordero, jimmy",515,123.5,0.7074228498050315,0.0,0.1282051282051282,0.05263157894736842,0.0,0.358974358974359,0.3157894736842105,0.125,0.09375,0.375,0.34375,0.2,0.1875,0.0,0.27631578947368424
2023,"rogers, tyler",1133,123.4,0.7039824176449737,0.0,0.07042253521126761,0.02631578947368421,0.25,0.4225352112676056,0.2894736842105263,0.08823529411764706,0.07692307692307693,0.35294117647058826,0.3626373626373626,0.25,0.22058823529411764,0.05,0.29357798165137616
2023,"foley, jason",1056,122.4,0.6738509904287975,0.0,0.021739130434782608,0.02040816326530612,0.3333333333333333,0.33695652173913043,0.3877551020408163,0.07317073170731707,0.06944444444444445,0.3170731707317073,0.3194444444444444,0.23076923076923078,0.43902439024390244,0.07692307692307693,0.3761904761904762
2023,"urías, julio",1853,122.2,0.6680681563049335,0.06896551724137931,0.05194805194805195,0.03409090909090909,0.41379310344827586,0.36363636363636365,0.3409090909090909,0.07692307692307693,0.0658682634730539,0.38461538461538464,0.3712574850299401,0.26666666666666666,0.31868131868131866,0.0,0.31179775280898875
2023,"varland, louis",1091,122.2,0.6676367644882468,0.05,0.08411214953271028,0.11320754716981132,0.35,0.2336448598130841,0.32075471698113206,0.05555555555555555,0.05747126436781609,0.4444444444444444,0.28735632183908044,0.3076923076923077,0.3055555555555556,0.0,0.31950207468879666
2023,"mantiply, joe",575,122.1,0.6641524985021696,0.0,0.0,0.0,0.2222222222222222,0.2916666666666667,0.22727272727272727,0.12,0.1,0.52,0.425,0.42857142857142855,0.4,0.0,0.37755102040816324
2023,"minter, a. j.",1072,121.2,0.6374069206439333,0.0,0.047619047619047616,0.029411764705882353,0.5,0.47619047619047616,0.4411764705882353,0.06896551724137931,0.06382978723404255,0.2413793103448276,0.3191489361702128,0.23529411764705882,0.27586206896551724,0.058823529411764705,0.37799043062200954
2023,"faedo, alex",1035,121.1,0.6334811586332454,0.0,0.06818181818181818,0.023255813953488372,0.46153846153846156,0.36363636363636365,0.37209302325581395,0.023255813953488372,0.0594059405940594,0.3953488372093023,0.3069306930693069,0.3,0.3953488372093023,0.05,0.38860103626943004
2023,"whitlock, garrett",1195,121.1,0.6346290510129204,0.0,0.07563025210084033,0.08620689655172414,0.35,0.29411764705882354,0.3103448275862069,0.057692307692307696,0.03529411764705882,0.3076923076923077,0.32941176470588235,0.3333333333333333,0.5192307692307693,0.0,0.41363636363636364
2023,"cano, yennier",1024,121.0,0.6308878761553788,0.0,0.03896103896103896,0.0,0.14285714285714285,0.2857142857142857,0.21621621621621623,0.07317073170731707,0.08860759493670886,0.21951219512195122,0.3670886075949367,0.3,0.3170731707317073,0.2,0.3333333333333333
2023,"scherzer, max",2469,120.9,0.6281430842087787,0.0,0.06829268292682927,0.03409090909090909,0.35294117647058826,0.3170731707317073,0.36363636363636365,0.06896551724137931,0.07211538461538461,0.28735632183908044,0.22596153846153846,0.25,0.3218390804597701,0.125,0.38181818181818183
2023,"scott, tanner",1220,120.8,0.6250405089386488,0.0,0.07142857142857142,0.10526315789473684,0.2,0.2857142857142857,0.3157894736842105,0.044444444444444446,0.0410958904109589,0.26666666666666666,0.2602739726027397,0.44,0.15555555555555556,0.16,0.2981651376146789
2023,"yarbrough, ryan",1426,120.8,0.6253140230996944,0.05263157894736842,0.06896551724137931,0.0945945945945946,0.3684210526315789,0.3103448275862069,0.25675675675675674,0.03,0.040268456375838924,0.32,0.26174496644295303,0.3157894736842105,0.31,0.10526315789473684,0.36330935251798563
2023,"woodruff, brandon",1044,120.6,0.6176324458892724,0.0,0.07058823529411765,0.05128205128205128,0.2727272727272727,0.3058823529411765,0.2564102564102564,0.027777777777777776,0.07058823529411765,0.25,0.3764705882352941,0.25,0.5555555555555556,0.0625,0.3615023474178404
2023,"milner, hoby",1027,120.1,0.6055359503640974,0.125,0.05,0.08333333333333333,0.125,0.31666666666666665,0.4583333333333333,0.10256410256410256,0.06153846153846154,0.38461538461538464,0.26153846153846155,0.23076923076923078,0.358974358974359,0.0,0.4329268292682927
2023,"topa, justin",1062,120.0,0.6022348569394379,0.0,0.0821917808219178,0.038461538461538464,0.4,0.3561643835616438,0.3076923076923077,0.0425531914893617,0.07142857142857142,0.3829787234042553,0.34285714285714286,0.2,0.3829787234042553,0.06666666666666667,0.3125
2023,"hoffman, jeff",876,119.8,0.5947880940822536,0.0,0.06666666666666667,0.08333333333333333,0.0,0.35555555555555557,0.3333333333333333,0.0,0.07692307692307693,0.22727272727272727,0.41025641025641024,0.2631578947368421,0.2727272727272727,0.15789473684210525,0.36416184971098264
2023,"eflin, zach",2581,119.7,0.5919266675915579,0.045454545454545456,0.05194805194805195,0.03636363636363636,0.22727272727272727,0.3246753246753247,0.2909090909090909,0.036231884057971016,0.03734439834024896,0.3188405797101449,0.35269709543568467,0.38461538461538464,0.391304347826087,0.11538461538461539,0.32708333333333334
2023,"steele, justin",2683,119.5,0.5861125208686337,0.037037037037037035,0.04219409282700422,0.029850746268656716,0.4074074074074074,0.350210970464135,0.27611940298507465,0.07086614173228346,0.07391304347826087,0.4251968503937008,0.3739130434782609,0.3023255813953488,0.36220472440944884,0.046511627906976744,0.3459552495697074
2023,"teherán, julio",1083,119.4,0.5843278487459781,0.047619047619047616,0.05084745762711865,0.05263157894736842,0.3333333333333333,0.3474576271186441,0.3684210526315789,0.11475409836065574,0.08737864077669903,0.3114754098360656,0.2912621359223301,0.17647058823529413,0.4918032786885246,0.0,0.3404255319148936
2023,"holton, tyler",1199,119.3,0.5811511696981982,0.14285714285714285,0.06818181818181818,0.11538461538461539,0.2857142857142857,0.36363636363636365,0.28846153846153844,0.015873015873015872,0.01020408163265306,0.3333333333333333,0.3469387755102041,0.26666666666666666,0.3333333333333333,0.06666666666666667,0.3282051282051282
2023,"beck, tristan",1306,118.6,0.5579860082868205,0.05,0.046511627906976744,0.0,0.4,0.3643410852713178,0.3225806451612903,0.06153846153846154,0.0859375,0.4,0.421875,0.35,0.4461538461538462,0.0,0.32
2023,"bradford, cody",975,118.5,0.5571564365549209,0.0,0.056179775280898875,0.046511627906976744,0.5,0.33707865168539325,0.4418604651162791,0.0,0.03614457831325301,0.40540540540540543,0.37349397590361444,0.25,0.43243243243243246,0.08333333333333333,0.3401015228426396
2023,"kluber, corey",990,118.3,0.5498117777887929,0.043478260869565216,0.05263157894736842,0.0425531914893617,0.17391304347826086,0.24210526315789474,0.2127659574468085,0.14285714285714285,0.0851063829787234,0.2619047619047619,0.2872340425531915,0.21739130434782608,0.42857142857142855,0.13043478260869565,0.3193717277486911
2023,"burke, brock",928,118.0,0.5399611416249089,0.0,0.023255813953488372,0.02040816326530612,0.26666666666666666,0.3023255813953488,0.3469387755102041,0.0,0.0,0.4375,0.3783783783783784,0.5,0.4375,0.16666666666666666,0.34579439252336447
2023,"dodd, dylan",570,117.9,0.5366194581876931,0.0,0.06097560975609756,0.04878048780487805,0.23529411764705882,0.3048780487804878,0.34146341463414637,0.041666666666666664,0.05172413793103448,0.3333333333333333,0.3448275862068966,0.4166666666666667,0.4583333333333333,0.08333333333333333,0.30357142857142855
2023,"falter, bailey",1297,117.8,0.5348769674838678,0.041666666666666664,0.06428571428571428,0.05128205128205128,0.3333333333333333,0.38571428571428573,0.3974358974358974,0.03571428571428571,0.04132231404958678,0.3392857142857143,0.371900826446281,0.3,0.42857142857142855,0.05,0.3358208955223881
2023,"lópez, pablo",3032,117.8,0.535607330056519,0.03225806451612903,0.06995884773662552,0.037037037037037035,0.3548387096774194,0.3045267489711934,0.3148148148148148,0.0896551724137931,0.08536585365853659,0.30344827586206896,0.3048780487804878,0.42592592592592593,0.32413793103448274,0.05555555555555555,0.3554006968641115
2023,"waldron, matt",673,117.6,0.5292894294075209,0.07142857142857142,0.06349206349206349,0.12,0.2857142857142857,0.3492063492063492,0.32,0.08333333333333333,0.045454545454545456,0.3055555555555556,0.3181818181818182,0.2727272727272727,0.4722222222222222,0.0,0.3282442748091603
2023,"ober, bailey",2327,117.5,0.5261181556916371,0.07894736842105263,0.046875,0.0425531914893617,0.34210526315789475,0.359375,0.30851063829787234,0.11827956989247312,0.05025125628140704,0.3333333333333333,0.33668341708542715,0.2857142857142857,0.3763440860215054,0.05714285714285714,0.36419753086419754
2023,"megill, trevor",602,117.3,0.5207244800686448,0.16666666666666666,0.0851063829787234,0.047619047619047616,0.16666666666666666,0.3617021276595745,0.23809523809523808,0.0,0.03225806451612903,0.3333333333333333,0.3548387096774194,0.23076923076923078,0.1111111111111111,0.23076923076923078,0.3490566037735849
2023,"webb, logan",3184,117.2,0.5169112950328092,0.02564102564102564,0.02932551319648094,0.03225806451612903,0.38461538461538464,0.36656891495601174,0.4,0.07258064516129033,0.0457516339869281,0.3790322580645161,0.34967320261437906,0.34285714285714286,0.4596774193548387,0.05714285714285714,0.3701754385964912
2023,"taillon, jameson",2534,117.1,0.512440379403489,0.02,0.06882591093117409,0.0390625,0.36,0.3360323886639676,0.2734375,0.056910569105691054,0.08035714285714286,0.24390243902439024,0.28125,0.4090909090909091,0.42276422764227645,0.09090909090909091,0.36
2023,"garcía, yimi",1101,117.1,0.5124776862948612,0.0,0.029850746268656716,0.044444444444444446,0.36363636363636365,0.34328358208955223,0.3111111111111111,0.10526315789473684,0.05555555555555555,0.4473684210526316,0.3888888888888889,0.5,0.2631578947368421,0.05555555555555555,0.3888888888888889
2023,"wheeler, zack",3158,116.9,0.5067550443894054,0.043478260869565216,0.06097560975609756,0.032,0.43478260869565216,0.4186991869918699,0.368,0.05844155844155844,0.08108108108108109,0.34415584415584416,0.40540540540540543,0.2978723404255319,0.35714285714285715,0.02127659574468085,0.3525641025641026
2023,"brebbia, john",682,116.9,0.5082866167582621,0.1111111111111111,0.06382978723404255,0.09090909090909091,0.1111111111111111,0.3617021276595745,0.4090909090909091,0.0,0.07317073170731707,0.3076923076923077,0.2682926829268293,0.2727272727272727,0.38461538461538464,0.09090909090909091,0.42105263157894735
2023,"gaddis, hunter",687,116.8,0.5049049158121112,0.0,0.027777777777777776,0.03125,0.2857142857142857,0.3194444444444444,0.375,0.06896551724137931,0.0821917808219178,0.27586206896551724,0.3013698630136986,0.3888888888888889,0.4482758620689655,0.1111111111111111,0.4090909090909091
2023,"hendricks, kyle",2112,116.5,0.4956137856102149,0.03571428571428571,0.052083333333333336,0.05504587155963303,0.35714285714285715,0.3854166666666667,0.3119266055045872,0.045454545454545456,0.05752212389380531,0.2922077922077922,0.33185840707964603,0.5357142857142857,0.3246753246753247,0.07142857142857142,0.31974921630094044
2023,"iglesias, raisel",878,116.2,0.48768254103278424,0.0,0.08196721311475409,0.058823529411764705,0.4,0.32786885245901637,0.2647058823529412,0.03571428571428571,0.05555555555555555,0.39285714285714285,0.35185185185185186,0.5384615384615384,0.2857142857142857,0.07692307692307693,0.29878048780487804
2023,"freeland, kyle",2419,116.2,0.48666037154875796,0.043478260869565216,0.05821917808219178,0.034722222222222224,0.5217391304347826,0.3219178082191781,0.3819444444444444,0.03508771929824561,0.055776892430278883,0.3684210526315789,0.3107569721115538,0.4418604651162791,0.5,0.023255813953488372,0.37763713080168776
2023,"clevinger, mike",2105,116.2,0.48558878476554684,0.037037037037037035,0.047619047619047616,0.04395604395604396,0.2222222222222222,0.35978835978835977,0.27472527472527475,0.08333333333333333,0.06,0.3333333333333333,0.33,0.2916666666666667,0.3541666666666667,0.14583333333333334,0.31909547738693467
2023,"civale, aaron",2010,115.8,0.4761184667162903,0.045454545454545456,0.09714285714285714,0.06818181818181818,0.13636363636363635,0.30857142857142855,0.2840909090909091,0.08433734939759036,0.09941520467836257,0.3132530120481928,0.2982456140350877,0.35294117647058826,0.3493975903614458,0.058823529411764705,0.38726790450928383
2023,"maton, phil",1047,115.6,0.46801668297875043,0.0,0.14545454545454545,0.06666666666666667,0.16666666666666666,0.3090909090909091,0.3,0.09523809523809523,0.11666666666666667,0.30952380952380953,0.2833333333333333,0.25,0.16666666666666666,0.10714285714285714,0.3224043715846995
2023,"bednar, david",1122,115.6,0.4699440859108885,0.0,0.058823529411764705,0.06060606060606061,0.2222222222222222,0.3382352941176471,0.3333333333333333,0.05714285714285714,0.06666666666666667,0.45714285714285713,0.38333333333333336,0.35,0.3142857142857143,0.1,0.31877729257641924
2023,"raley, brooks",996,115.4,0.462539791161952,0.0,0.10204081632653061,0.037037037037037035,0.42857142857142855,0.3673469387755102,0.2962962962962963,0.06666666666666667,0.1346153846153846,0.3333333333333333,0.40384615384615385,0.20833333333333334,0.3,0.041666666666666664,0.40384615384615385
2023,"banks, tanner",1012,115.3,0.45945911505568393,0.0,0.05813953488372093,0.046511627906976744,0.3076923076923077,0.38372093023255816,0.4186046511627907,0.0967741935483871,0.02702702702702703,0.2903225806451613,0.2972972972972973,0.3684210526315789,0.25806451612903225,0.15789473684210525,0.38323353293413176
2023,"floro, dylan",969,115.1,0.45270148314163033,0.2,0.04838709677419355,0.075,0.4,0.22580645161290322,0.175,0.15151515151515152,0.0967741935483871,0.36363636363636365,0.3709677419354839,0.25,0.21212121212121213,0.0625,0.34146341463414637
2023,"gallegos, giovanny",886,115.1,0.4523315788603159,0.08333333333333333,0.027777777777777776,0.08108108108108109,0.3333333333333333,0.3333333333333333,0.3783783783783784,0.12,0.03773584905660377,0.36,0.3018867924528302,0.4,0.52,0.0,0.35074626865671643
2023,"morgan, eli",1204,115.0,0.44974933801603884,0.05555555555555555,0.10126582278481013,0.10638297872340426,0.16666666666666666,0.4936708860759494,0.44680851063829785,0.04,0.013513513513513514,0.32,0.35135135135135137,0.17391304347826086,0.42,0.043478260869565216,0.3551020408163265
2023,"vesia, alex",866,115.0,0.45119378189109866,0.0,0.030303030303030304,0.06666666666666667,0.2222222222222222,0.4393939393939394,0.6333333333333333,0.0,0.06521739130434782,0.46153846153846156,0.391304347826087,0.5,0.15384615384615385,0.07142857142857142,0.40119760479041916
2023,"cobb, alex",2509,114.9,0.4467772548123772,0.0625,0.06640625,0.0859375,0.28125,0.3359375,0.34375,0.09482758620689655,0.07389162561576355,0.2413793103448276,0.31527093596059114,0.43902439024390244,0.3275862068965517,0.04878048780487805,0.3842364532019704
2023,"canning, griffin",2182,114.7,0.4407558782286703,0.06060606060606061,0.06878306878306878,0.05434782608695652,0.36363636363636365,0.3862433862433862,0.31521739130434784,0.030303030303030304,0.07784431137724551,0.2727272727272727,0.3772455089820359,0.3684210526315789,0.36363636363636365,0.07894736842105263,0.37789203084832906
2023,"ryan, joe",2685,114.5,0.4344473942148951,0.07894736842105263,0.06382978723404255,0.05555555555555555,0.23684210526315788,0.33617021276595743,0.26851851851851855,0.09782608695652174,0.06912442396313365,0.3804347826086957,0.3640552995391705,0.38461538461538464,0.3804347826086957,0.05128205128205128,0.33229329173166927
2023,"englert, mason",960,114.4,0.4318682507348767,0.05555555555555555,0.06666666666666667,0.05555555555555555,0.4444444444444444,0.4095238095238095,0.35185185185185186,0.06896551724137931,0.078125,0.3793103448275862,0.40625,0.23529411764705882,0.4482758620689655,0.0,0.38202247191011235
2023,"gibaut, ian",1230,114.4,0.4341661799977195,0.0,0.13414634146341464,0.125,0.09090909090909091,0.25609756097560976,0.16666666666666666,0.038461538461538464,0.09876543209876543,0.34615384615384615,0.345679012345679,0.2727272727272727,0.2692307692307692,0.13636363636363635,0.31048387096774194
2023,"francis, bowden",539,114.3,0.4293546994116486,0.0,0.047619047619047616,0.0,0.3,0.38095238095238093,0.43478260869565216,0.0,0.05128205128205128,0.2857142857142857,0.28205128205128205,0.25,0.42857142857142855,0.25,0.33035714285714285
2023,"mikolas, miles",3198,114.3,0.4285759130843592,0.05084745762711865,0.049315068493150684,0.05434782608695652,0.2033898305084746,0.32602739726027397,0.32608695652173914,0.07874015748031496,0.058823529411764705,0.2992125984251969,0.3464052287581699,0.4772727272727273,0.4645669291338583,0.06818181818181818,0.3488372093023256
2023,"nola, aaron",3094,114.2,0.42719098775450604,0.022727272727272728,0.06934306569343066,0.06666666666666667,0.4318181818181818,0.40145985401459855,0.34074074074074073,0.08130081300813008,0.05343511450381679,0.3252032520325203,0.3702290076335878,0.4186046511627907,0.3902439024390244,0.023255813953488372,0.3333333333333333
2023,"devenski, chris",685,114.2,0.42785541081193,0.0,0.05660377358490566,0.03333333333333333,0.3076923076923077,0.2830188679245283,0.3,0.0,0.021739130434782608,0.28,0.30434782608695654,0.36363636363636365,0.4,0.2727272727272727,0.5267857142857143
2023,"matz, steven",1867,114.0,0.4193010100580939,0.0,0.04375,0.0375,0.3333333333333333,0.3375,0.275,0.10144927536231885,0.07482993197278912,0.3188405797101449,0.42857142857142855,0.5,0.37681159420289856,0.06666666666666667,0.3735632183908046
2023,"chafin, andrew",922,114.0,0.42089692085101904,0.2,0.10204081632653061,0.06451612903225806,0.2,0.4489795918367347,0.3225806451612903,0.07142857142857142,0.021739130434782608,0.42857142857142855,0.41304347826086957,0.375,0.21428571428571427,0.0,0.45985401459854014
2023,"strider, spencer",3102,113.8,0.41382801606963776,0.09090909090909091,0.07109004739336493,0.07894736842105263,0.24242424242424243,0.32701421800947866,0.34210526315789475,0.09803921568627451,0.09895833333333333,0.30392156862745096,0.296875,0.43548387096774194,0.27450980392156865,0.04838709677419355,0.3147208121827411
2023,"romero, jojo",550,113.5,0.40453311927986085,0.0,0.05263157894736842,0.1111111111111111,0.5,0.3684210526315789,0.2777777777777778,0.15,0.05555555555555555,0.55,0.3611111111111111,0.36363636363636365,0.25,0.0,0.4225352112676056
2023,"skubal, tarik",1219,113.4,0.4014865677633487,0.0,0.06930693069306931,0.10526315789473684,0.5,0.45544554455445546,0.42105263157894735,0.08695652173913043,0.05952380952380952,0.3695652173913043,0.36904761904761907,0.3125,0.32608695652173914,0.0,0.2874493927125506
2023,"lugo, seth",2378,113.3,0.3998994099802726,0.07894736842105263,0.06722689075630252,0.059322033898305086,0.3157894736842105,0.37815126050420167,0.3389830508474576,0.0375,0.06806282722513089,0.35,0.3769633507853403,0.4473684210526316,0.4375,0.02631578947368421,0.3543123543123543
2023,"kershaw, clayton",2029,113.2,0.3953029308020449,0.03571428571428571,0.10465116279069768,0.09302325581395349,0.14285714285714285,0.28488372093023256,0.313953488372093,0.1038961038961039,0.09146341463414634,0.4025974025974026,0.3353658536585366,0.38095238095238093,0.2857142857142857,0.047619047619047616,0.34574468085106386
2023,"lorenzen, michael",2369,113.2,0.39677336555421966,0.05555555555555555,0.06072874493927125,0.05263157894736842,0.2222222222222222,0.27125506072874495,0.3684210526315789,0.0989010989010989,0.08771929824561403,0.3626373626373626,0.3026315789473684,0.375,0.4065934065934066,0.08333333333333333,0.3392461197339246
2023,"miller, bryce",2095,113.1,0.39305515725125834,0.02631578947368421,0.05741626794258373,0.0603448275862069,0.2631578947368421,0.3253588516746411,0.3103448275862069,0.05063291139240506,0.06321839080459771,0.3924050632911392,0.367816091954023,0.3870967741935484,0.45569620253164556,0.0967741935483871,0.3170731707317073
2023,"alzolay, adbert",968,113.0,0.39087607900178806,0.0,0.0684931506849315,0.11627906976744186,0.2222222222222222,0.3561643835616438,0.37209302325581395,0.14285714285714285,0.04,0.39285714285714285,0.36,0.5,0.32142857142857145,0.0,0.35294117647058826
2023,"fried, max",1244,112.8,0.38527795408863413,0.0,0.11702127659574468,0.1276595744680851,0.25,0.4148936170212766,0.44680851063829785,0.045454545454545456,0.0782608695652174,0.3181818181818182,0.45217391304347826,0.2222222222222222,0.3333333333333333,0.0,0.3285024154589372
2023,"brasier, ryan",909,112.7,0.38161204120855235,0.0,0.07142857142857142,0.11428571428571428,0.0,0.35714285714285715,0.2571428571428571,0.07142857142857142,0.03773584905660377,0.32142857142857145,0.37735849056603776,0.5714285714285714,0.35714285714285715,0.09523809523809523,0.375
2023,"hoeing, bryan",1134,112.7,0.3821276788842034,0.047619047619047616,0.08620689655172414,0.06896551724137931,0.2857142857142857,0.3620689655172414,0.3275862068965517,0.10256410256410256,0.09803921568627451,0.38461538461538464,0.38235294117647056,0.375,0.23076923076923078,0.041666666666666664,0.35625
2023,"brash, matt",1306,112.6,0.3797676702073799,0.0,0.03076923076923077,0.0,0.2857142857142857,0.4153846153846154,0.47058823529411764,0.13333333333333333,0.08,0.3333333333333333,0.28,0.25,0.26666666666666666,0.1875,0.3763440860215054
2023,"sears, jp",2877,112.4,0.3734274216566813,0.05454545454545454,0.0888030888030888,0.07518796992481203,0.43636363636363634,0.3590733590733591,0.40601503759398494,0.10256410256410256,0.09523809523809523,0.3333333333333333,0.3134920634920635,0.25757575757575757,0.2905982905982906,0.045454545454545456,0.3608768971332209
2023,"scholtens, jesse",1451,112.4,0.37313934351263656,0.047619047619047616,0.06474820143884892,0.027777777777777776,0.3333333333333333,0.302158273381295,0.2777777777777778,0.1320754716981132,0.1048951048951049,0.3018867924528302,0.3776223776223776,0.5333333333333333,0.33962264150943394,0.03333333333333333,0.43859649122807015
2023,"corbin, patrick",2925,112.3,0.3706680818315318,0.1111111111111111,0.0729483282674772,0.08875739644970414,0.3888888888888889,0.3252279635258359,0.35502958579881655,0.04838709677419355,0.05555555555555555,0.25806451612903225,0.29365079365079366,0.36666666666666664,0.4596774193548387,0.06666666666666667,0.3995433789954338
2023,"ryu, hyun jin",830,112.3,0.3684862498384644,0.07692307692307693,0.0684931506849315,0.07692307692307693,0.23076923076923078,0.3287671232876712,0.3333333333333333,0.0851063829787234,0.08139534883720931,0.5319148936170213,0.4418604651162791,0.42857142857142855,0.2978723404255319,0.0,0.3006993006993007
2023,"vest, will",784,112.3,0.3707922441738436,0.0,0.047619047619047616,0.037037037037037035,0.2,0.36507936507936506,0.2962962962962963,0.045454545454545456,0.08,0.18181818181818182,0.26,0.6666666666666666,0.5454545454545454,0.1111111111111111,0.2550335570469799
2023,"junis, jakob",1395,111.8,0.35330303071790836,0.05555555555555555,0.07207207207207207,0.0967741935483871,0.3333333333333333,0.32432432432432434,0.3548387096774194,0.09259259259259259,0.0673076923076923,0.37037037037037035,0.2692307692307692,0.391304347826087,0.42592592592592593,0.043478260869565216,0.39732142857142855
2023,"payamps, joel",1126,111.7,0.3515162866208289,0.1111111111111111,0.08571428571428572,0.05405405405405406,0.3333333333333333,0.37142857142857144,0.40540540540540543,0.08333333333333333,0.109375,0.3888888888888889,0.359375,0.2,0.4166666666666667,0.0,0.4036144578313253
2023,"zerpa, angel",707,111.7,0.3501786973214575,0.09090909090909091,0.0547945205479452,0.05714285714285714,0.7272727272727273,0.3835616438356164,0.42857142857142855,0.038461538461538464,0.05,0.2692307692307692,0.35,0.25,0.4230769230769231,0.08333333333333333,0.41379310344827586
2023,"davidson, tucker",855,111.5,0.34458348529534677,0.0,0.05405405405405406,0.037037037037037035,0.45454545454545453,0.47297297297297297,0.5740740740740741,0.08823529411764706,0.1,0.5588235294117647,0.3333333333333333,0.1875,0.20588235294117646,0.0625,0.3333333333333333
2023,"santos, gregory",1053,111.4,0.34269596489850673,0.0,0.1,0.14285714285714285,0.5,0.325,0.3877551020408163,0.05,0.023529411764705882,0.325,0.35294117647058826,0.38095238095238093,0.275,0.09523809523809523,0.3270440251572327
2023,"keller, mitch",3122,111.4,0.34245990884418936,0.08888888888888889,0.10646387832699619,0.09933774834437085,0.35555555555555557,0.3193916349809886,0.3973509933774834,0.07432432432432433,0.08661417322834646,0.34459459459459457,0.31496062992125984,0.2878787878787879,0.30405405405405406,0.045454545454545456,0.3581081081081081
2023,"houck, tanner",1742,111.3,0.3381696637781844,0.0,0.08571428571428572,0.029850746268656716,0.23809523809523808,0.34285714285714286,0.3283582089552239,0.09090909090909091,0.1390728476821192,0.45454545454545453,0.4304635761589404,0.35555555555555557,0.30303030303030304,0.044444444444444446,0.3680297397769517
2023,"leone, dominic",898,111.1,0.333997460239227,0.11764705882352941,0.07352941176470588,0.05263157894736842,0.4117647058823529,0.35294117647058826,0.23684210526315788,0.07407407407407407,0.1,0.25925925925925924,0.36,0.375,0.2222222222222222,0.125,0.43448275862068964
2023,"barría, jaime",1377,111.1,0.3348155024769011,0.07142857142857142,0.06611570247933884,0.07142857142857142,0.14285714285714285,0.2892561983471074,0.2619047619047619,0.08333333333333333,0.08403361344537816,0.375,0.40336134453781514,0.4230769230769231,0.4027777777777778,0.07692307692307693,0.4194915254237288
2023,"tonkin, michael",1287,111.1,0.3334281948443063,0.1111111111111111,0.06086956521739131,0.07547169811320754,0.5,0.3130434782608696,0.3584905660377358,0.05128205128205128,0.06315789473684211,0.3076923076923077,0.3368421052631579,0.5,0.41025641025641024,0.041666666666666664,0.3474903474903475
2023,"bradish, kyle",2642,110.9,0.32704863942217693,0.03333333333333333,0.07083333333333333,0.05172413793103448,0.23333333333333334,0.375,0.3448275862068966,0.08235294117647059,0.06756756756756757,0.4588235294117647,0.4369369369369369,0.2653061224489796,0.3411764705882353,0.10204081632653061,0.3568181818181818
2023,"winans, allan",536,110.8,0.3244751266924536,0.25,0.0425531914893617,0.08,0.25,0.3829787234042553,0.36,0.13636363636363635,0.1,0.2727272727272727,0.45,0.25,0.2727272727272727,0.0,0.30434782608695654
2023,"sale, chris",1672,110.8,0.32483450643518064,0.13636363636363635,0.06722689075630252,0.05357142857142857,0.22727272727272727,0.33613445378151263,0.3392857142857143,0.07142857142857142,0.0967741935483871,0.37142857142857144,0.3387096774193548,0.2647058823529412,0.3142857142857143,0.11764705882352941,0.3569023569023569
2023,"garrett, braxton",2486,110.6,0.31867364069517873,0.17647058823529413,0.06,0.09090909090909091,0.4117647058823529,0.36,0.3560606060606061,0.05825242718446602,0.046153846153846156,0.2621359223300971,0.3487179487179487,0.3157894736842105,0.46601941747572817,0.05263157894736842,0.3627450980392157
2023,"baker, bryan",793,110.5,0.3166199884478627,0.0,0.06666666666666667,0.13043478260869565,0.6,0.3111111111111111,0.391304347826087,0.045454545454545456,0.044444444444444446,0.3181818181818182,0.3111111111111111,0.5238095238095238,0.2727272727272727,0.09523809523809523,0.4406779661016949
2023,"fulmer, michael",950,110.5,0.31502613727616224,0.0,0.1276595744680851,0.09090909090909091,0.14285714285714285,0.3191489361702128,0.24242424242424243,0.07692307692307693,0.11320754716981132,0.2564102564102564,0.2830188679245283,0.39285714285714285,0.2564102564102564,0.14285714285714285,0.38926174496644295
2023,"berríos, josé",2945,110.3,0.30900156631183817,0.043478260869565216,0.0859375,0.08783783783783784,0.3695652173913043,0.40234375,0.3581081081081081,0.06060606060606061,0.07421875,0.30303030303030304,0.3671875,0.42105263157894735,0.3484848484848485,0.05263157894736842,0.33958333333333335
2023,"brogdon, connor",545,110.3,0.3089953881917077,0.0,0.03125,0.058823529411764705,0.6666666666666666,0.4375,0.5294117647058824,0.08695652173913043,0.125,0.17391304347826086,0.25,0.16666666666666666,0.4782608695652174,0.08333333333333333,0.3711340206185567
2023,"schmidt, clarke",2714,110.3,0.30903980744363846,0.029411764705882353,0.06639004149377593,0.04201680672268908,0.4117647058823529,0.35684647302904565,0.36134453781512604,0.13970588235294118,0.11206896551724138,0.33088235294117646,0.3146551724137931,0.4074074074074074,0.3161764705882353,0.05555555555555555,0.37298387096774194
2023,"cole, gerrit",3286,110.2,0.30527527232436413,0.13513513513513514,0.06343283582089553,0.09285714285714286,0.2702702702702703,0.30223880597014924,0.3142857142857143,0.088,0.07307692307692308,0.392,0.3576923076923077,0.3888888888888889,0.312,0.07407407407407407,0.37574850299401197
2023,"pérez, eury",1538,110.2,0.3050902800488588,0.041666666666666664,0.06299212598425197,0.07547169811320754,0.16666666666666666,0.3779527559055118,0.33962264150943394,0.07142857142857142,0.0975609756097561,0.39285714285714285,0.4634146341463415,0.25806451612903225,0.42857142857142855,0.06451612903225806,0.3102189781021898
2023,"montgomery, jordan",2923,110.1,0.30397676533537865,0.07894736842105263,0.052083333333333336,0.08391608391608392,0.3157894736842105,0.3611111111111111,0.36363636363636365,0.11564625850340136,0.06985294117647059,0.36054421768707484,0.38235294117647056,0.3333333333333333,0.40816326530612246,0.041666666666666664,0.39655172413793105
2023,"armstrong, shawn",799,110.0,0.3004509599013555,0.0,0.08928571428571429,0.038461538461538464,0.25,0.375,0.34615384615384615,0.13333333333333333,0.109375,0.26666666666666666,0.328125,0.42857142857142855,0.36666666666666664,0.07142857142857142,0.2556818181818182
2023,"nardi, andrew",966,109.9,0.29626548404472014,0.0,0.11363636363636363,0.06896551724137931,0.25,0.4318181818181818,0.3793103448275862,0.08108108108108109,0.15517241379310345,0.21621621621621623,0.29310344827586204,0.3,0.35135135135135137,0.05,0.3671497584541063
2023,"strahm, matt",1367,109.8,0.29351903991607853,0.17647058823529413,0.06481481481481481,0.07407407407407407,0.5294117647058824,0.4074074074074074,0.37037037037037035,0.02631578947368421,0.011494252873563218,0.2894736842105263,0.3333333333333333,0.43478260869565216,0.39473684210526316,0.08695652173913043,0.32
2023,"musgrove, joe",1561,109.8,0.2930636317691285,0.07142857142857142,0.06015037593984962,0.06779661016949153,0.21428571428571427,0.3533834586466165,0.3220338983050847,0.1076923076923077,0.08823529411764706,0.2923076923076923,0.34558823529411764,0.2413793103448276,0.38461538461538464,0.13793103448275862,0.3356164383561644
2023,"glasnow, tyler",1903,109.8,0.29550132962152376,0.12121212121212122,0.10559006211180125,0.136986301369863,0.24242424242424243,0.2919254658385093,0.3013698630136986,0.08064516129032258,0.06153846153846154,0.2903225806451613,0.27692307692307694,0.35294117647058826,0.4032258064516129,0.058823529411764705,0.41830065359477125
2023,"sewald, paul",1042,109.7,0.292879305073333,0.2857142857142857,0.08,0.06060606060606061,0.7142857142857143,0.34,0.2727272727272727,0.058823529411764705,0.15254237288135594,0.23529411764705882,0.3220338983050847,0.3333333333333333,0.11764705882352941,0.041666666666666664,0.32727272727272727
2023,"pruitt, austin",763,109.5,0.28646977598637197,0.1,0.08064516129032258,0.027777777777777776,0.5,0.4032258064516129,0.3333333333333333,0.1,0.046875,0.36666666666666664,0.5,0.36363636363636365,0.43333333333333335,0.0,0.40875912408759124
2023,"rea, colin",2021,109.5,0.28454282669661873,0.04,0.09313725490196079,0.07446808510638298,0.24,0.3382352941176471,0.3404255319148936,0.09333333333333334,0.09392265193370165,0.3466666666666667,0.3259668508287293,0.4,0.36,0.075,0.34146341463414637
2023,"bradley, taj",1822,109.5,0.2864507749038687,0.03225806451612903,0.07926829268292683,0.046511627906976744,0.41935483870967744,0.4024390243902439,0.4069767441860465,0.0851063829787234,0.07575757575757576,0.3191489361702128,0.38636363636363635,0.32432432432432434,0.2978723404255319,0.10810810810810811,0.30808080808080807
2023,"manning, matt",1183,109.5,0.28432149981329674,0.038461538461538464,0.05755395683453238,0.06779661016949153,0.2692307692307692,0.37410071942446044,0.2542372881355932,0.08,0.06779661016949153,0.24,0.3728813559322034,0.4583333333333333,0.44,0.125,0.3157894736842105
2023,"chapman, aroldis",1021,109.4,0.28113744572725874,0.1,0.05405405405405406,0.03571428571428571,0.3,0.2972972972972973,0.42857142857142855,0.13793103448275862,0.1,0.41379310344827586,0.375,0.21875,0.1724137931034483,0.15625,0.3006535947712418
2023,"castillo, luis",3209,109.2,0.2754555706079307,0.10638297872340426,0.06785714285714285,0.08759124087591241,0.425531914893617,0.3964285714285714,0.39416058394160586,0.08130081300813008,0.07058823529411765,0.3170731707317073,0.3764705882352941,0.2631578947368421,0.3983739837398374,0.05263157894736842,0.3275316455696203
2023,"bieber, shane",1957,108.9,0.2661087632383411,0.038461538461538464,0.05652173913043478,0.05504587155963303,0.4230769230769231,0.3347826086956522,0.3302752293577982,0.0945945945945946,0.06857142857142857,0.3783783783783784,0.35428571428571426,0.4444444444444444,0.5135135135135135,0.05555555555555555,0.3344947735191638
2023,"lynch, daniel",809,108.9,0.2681596269657396,0.07692307692307693,0.10465116279069768,0.09523809523809523,0.3076923076923077,0.37209302325581395,0.3333333333333333,0.02127659574468085,0.09090909090909091,0.3617021276595745,0.38636363636363635,0.35294117647058826,0.5319148936170213,0.0,0.3629032258064516
2023,"richards, trevor",1367,108.7,0.26163731327474654,0.0625,0.11392405063291139,0.05263157894736842,0.3125,0.35443037974683544,0.2631578947368421,0.05555555555555555,0.09722222222222222,0.2777777777777778,0.3472222222222222,0.3793103448275862,0.3888888888888889,0.10344827586206896,0.40869565217391307
2023,"maeda, kenta",1702,108.7,0.26251515215756466,0.045454545454545456,0.07236842105263158,0.08108108108108109,0.45454545454545453,0.3618421052631579,0.47297297297297297,0.05357142857142857,0.07462686567164178,0.5,0.3880597014925373,0.3448275862068966,0.35714285714285715,0.034482758620689655,0.34726688102893893
2023,"shreve, chasen",753,108.7,0.2605859957210829,0.0,0.08,0.0,0.5555555555555556,0.46,0.4,0.09523809523809523,0.12244897959183673,0.3333333333333333,0.3877551020408163,0.42857142857142855,0.42857142857142855,0.0,0.3225806451612903
2023,"moore, matt",858,108.5,0.25646656623988934,0.125,0.057692307692307696,0.038461538461538464,0.75,0.4230769230769231,0.4230769230769231,0.03571428571428571,0.07017543859649122,0.42857142857142855,0.47368421052631576,0.2857142857142857,0.42857142857142855,0.0,0.3522727272727273
2023,"gallen, zac",3252,108.4,0.25318693486475286,0.018867924528301886,0.05357142857142857,0.05263157894736842,0.5094339622641509,0.36904761904761907,0.3684210526315789,0.05434782608695652,0.06477732793522267,0.358695652173913,0.3319838056680162,0.4423076923076923,0.3804347826086957,0.1346153846153846,0.39783001808318263
2023,"alcántara, sandy",2726,108.4,0.2518288113916723,0.08333333333333333,0.06338028169014084,0.08633093525179857,0.3055555555555556,0.2992957746478873,0.3669064748201439,0.10294117647058823,0.06766917293233082,0.3602941176470588,0.3458646616541353,0.5576923076923077,0.40441176470588236,0.038461538461538464,0.2811918063314711
2023,"hernandez, jose",876,108.3,0.24906363836682757,0.25,0.08620689655172414,0.10810810810810811,0.3333333333333333,0.39655172413793105,0.2702702702702703,0.08,0.038461538461538464,0.4,0.3269230769230769,0.2857142857142857,0.28,0.07142857142857142,0.33093525179856115
2023,"houser, adrian",1859,108.2,0.2465232998090625,0.0,0.08900523560209424,0.08235294117647059,0.42857142857142855,0.39267015706806285,0.35294117647058826,0.04,0.07006369426751592,0.4266666666666667,0.3821656050955414,0.5,0.4266666666666667,0.029411764705882353,0.40425531914893614
2023,"bird, jake",1392,108.1,0.24312416847462573,0.0,0.08270676691729323,0.07462686567164178,0.22727272727272727,0.39097744360902253,0.3880597014925373,0.09302325581395349,0.08823529411764706,0.32558139534883723,0.43137254901960786,0.4375,0.3488372093023256,0.0625,0.34497816593886466
2023,"martínez, nick",1756,108.1,0.2431162476876989,0.09090909090909091,0.09565217391304348,0.07575757575757576,0.2727272727272727,0.34782608695652173,0.3181818181818182,0.09090909090909091,0.0873015873015873,0.32954545454545453,0.38095238095238093,0.24390243902439024,0.3068181818181818,0.12195121951219512,0.3726937269372694
2023,"koch, matt",584,108.0,0.24151136740105275,0.25,0.07547169811320754,0.06896551724137931,0.625,0.39622641509433965,0.4827586206896552,0.038461538461538464,0.047619047619047616,0.3076923076923077,0.30952380952380953,0.2222222222222222,0.5384615384615384,0.0,0.32407407407407407
2023,"hernández, carlos",1257,108.0,0.2398511881222003,0.0625,0.08235294117647059,0.061224489795918366,0.5,0.4823529411764706,0.42857142857142855,0.037037037037037035,0.08333333333333333,0.4074074074074074,0.4,0.43333333333333335,0.37037037037037035,0.0,0.3
2023,"syndergaard, noah",1409,108.0,0.24178140148532556,0.15151515151515152,0.08609271523178808,0.06976744186046512,0.36363636363636365,0.3841059602649007,0.4186046511627907,0.07228915662650602,0.08029197080291971,0.3132530120481928,0.30656934306569344,0.32142857142857145,0.4457831325301205,0.03571428571428571,0.3524904214559387
2023,"harrison, kyle",588,107.8,0.23333478566250926,0.0,0.11538461538461539,0.12,0.14285714285714285,0.40384615384615385,0.32,0.0,0.0625,0.5,0.4583333333333333,0.5714285714285714,0.2222222222222222,0.07142857142857142,0.3302752293577982
2023,"sandlin, nick",1009,107.8,0.23473550308152097,0.0,0.11864406779661017,0.04,0.5,0.423728813559322,0.44,0.06451612903225806,0.14583333333333334,0.3548387096774194,0.375,0.2727272727272727,0.2903225806451613,0.045454545454545456,0.28654970760233917
2023,"castro, miguel",1022,107.7,0.23142624708645473,0.125,0.07407407407407407,0.08571428571428572,0.375,0.42592592592592593,0.3142857142857143,0.20930232558139536,0.1506849315068493,0.3953488372093023,0.3698630136986301,0.16666666666666666,0.16279069767441862,0.0,0.2922077922077922
2023,"wilson, bryse",1158,107.7,0.23066567988092118,0.06666666666666667,0.042105263157894736,0.022222222222222223,0.5333333333333333,0.3894736842105263,0.4444444444444444,0.11764705882352941,0.053763440860215055,0.37254901960784315,0.3763440860215054,0.2727272727272727,0.35294117647058826,0.13636363636363635,0.34649122807017546
2023,"mayza, tim",820,107.6,0.22950663811784464,0.0,0.11764705882352941,0.02857142857142857,0.5,0.3333333333333333,0.34285714285714286,0.03225806451612903,0.07692307692307693,0.25806451612903225,0.38461538461538464,0.3333333333333333,0.5483870967741935,0.1111111111111111,0.3870967741935484
2023,"luzardo, jesús",2994,107.6,0.22735759809828046,0.046511627906976744,0.08433734939759036,0.08333333333333333,0.32558139534883723,0.40160642570281124,0.375,0.10891089108910891,0.1013215859030837,0.37623762376237624,0.3656387665198238,0.30357142857142855,0.2871287128712871,0.07142857142857142,0.3524904214559387
2023,"bello, brayan",2622,107.4,0.22179911263210703,0.029411764705882353,0.06463878326996197,0.07017543859649122,0.35294117647058826,0.311787072243346,0.34210526315789475,0.08547008547008547,0.07563025210084033,0.358974358974359,0.3235294117647059,0.39215686274509803,0.4700854700854701,0.11764705882352941,0.3773987206823028
2023,"kelly, joe",715,107.4,0.22288597089486137,0.0,0.06666666666666667,0.2,0.16666666666666666,0.3,0.6666666666666666,0.1,0.0625,0.45,0.15625,0.21052631578947367,0.2,0.15789473684210525,0.2698412698412698
2023,"dunning, dane",2698,107.4,0.22289562705316762,0.08333333333333333,0.08764940239043825,0.10714285714285714,0.3055555555555556,0.3466135458167331,0.3,0.088,0.08433734939759036,0.376,0.39759036144578314,0.35,0.376,0.05,0.3634408602150538
2023,"bassitt, chris",3160,107.4,0.2223193939572653,0.045454545454545456,0.07749077490774908,0.06060606060606061,0.38636363636363635,0.3763837638376384,0.3409090909090909,0.08695652173913043,0.07971014492753623,0.40372670807453415,0.40217391304347827,0.38235294117647056,0.3416149068322981,0.08823529411764706,0.3073005093378608
2023,"jackson, luke",537,107.4,0.22159081483898851,0.14285714285714285,0.08108108108108109,0.05555555555555555,0.42857142857142855,0.2972972972972973,0.3888888888888889,0.0,0.09375,0.2857142857142857,0.375,0.3076923076923077,0.35714285714285715,0.15384615384615385,0.43617021276595747
2023,"wells, tyler",1905,107.3,0.2208498714119542,0.11428571428571428,0.08074534161490683,0.07894736842105263,0.2857142857142857,0.35403726708074534,0.3157894736842105,0.06756756756756757,0.0783132530120482,0.32432432432432434,0.3795180722891566,0.3611111111111111,0.33783783783783783,0.1111111111111111,0.42318840579710143
2023,"doval, camilo",1163,107.2,0.21748683464291552,0.0,0.08771929824561403,0.07407407407407407,0.4,0.3157894736842105,0.4074074074074074,0.11428571428571428,0.08620689655172414,0.42857142857142855,0.27586206896551724,0.39285714285714285,0.3142857142857143,0.10714285714285714,0.3333333333333333
2023,"hill, rich",2536,107.2,0.21591525469864328,0.044444444444444446,0.08368200836820083,0.05384615384615385,0.4,0.39330543933054396,0.34615384615384615,0.08333333333333333,0.1188118811881188,0.4351851851851852,0.39603960396039606,0.4032258064516129,0.2962962962962963,0.04838709677419355,0.36080178173719374
2023,"suter, brent",1130,107.2,0.21616166486413077,0.2,0.09375,0.08108108108108109,0.2,0.34375,0.35135135135135137,0.10526315789473684,0.10227272727272728,0.3508771929824561,0.3522727272727273,0.2222222222222222,0.2807017543859649,0.07407407407407407,0.4632768361581921
2023,"beeks, jalen",732,107.1,0.21446217290054123,0.0,0.08,0.08,0.5555555555555556,0.36,0.48,0.0,0.1,0.23076923076923078,0.35,0.2857142857142857,0.4230769230769231,0.14285714285714285,0.36036036036036034
2023,"wantz, andrew",663,106.5,0.19563543929332627,0.0,0.07894736842105263,0.18181818181818182,0.42857142857142855,0.2894736842105263,0.4090909090909091,0.09375,0.08695652173913043,0.34375,0.2826086956521739,0.2857142857142857,0.40625,0.07142857142857142,0.3467741935483871
2023,"domínguez, seranthony",859,106.3,0.189739301808951,0.1,0.07142857142857142,0.058823529411764705,0.3,0.4107142857142857,0.29411764705882354,0.21621621621621623,0.14285714285714285,0.32432432432432434,0.3673469387755102,0.28,0.21621621621621623,0.04,0.391304347826087
2023,"la sorsa, joe",541,106.2,0.18677541769108003,0.0,0.1590909090909091,0.11538461538461539,0.5,0.3409090909090909,0.38461538461538464,0.0,0.05405405405405406,0.28,0.3783783783783784,0.35714285714285715,0.28,0.14285714285714285,0.2553191489361702
2023,"winder, josh",560,106.2,0.18635008640607867,0.0,0.10526315789473684,0.1,0.42857142857142855,0.2631578947368421,0.25,0.05263157894736842,0.08333333333333333,0.3684210526315789,0.2916666666666667,0.35714285714285715,0.47368421052631576,0.14285714285714285,0.44144144144144143
2023,"chargois, j. t.",708,106.0,0.18176018067232214,0.0,0.10638297872340426,0.045454545454545456,0.2,0.40425531914893614,0.45454545454545453,0.05,0.09523809523809523,0.55,0.47619047619047616,0.4375,0.25,0.0625,0.3786407766990291
2023,"herget, jimmy",521,106.0,0.1810203556952075,0.0,0.046511627906976744,0.07692307692307693,0.2222222222222222,0.32558139534883723,0.34615384615384615,0.18181818181818182,0.10344827586206896,0.2727272727272727,0.4482758620689655,0.7142857142857143,0.36363636363636365,0.0,0.36363636363636365
2023,"lively, ben",1384,106.0,0.18032969790089953,0.043478260869565216,0.0684931506849315,0.05333333333333334,0.43478260869565216,0.4178082191780822,0.38666666666666666,0.06666666666666667,0.06666666666666667,0.3333333333333333,0.3851851851851852,0.5,0.4,0.08333333333333333,0.36574074074074076
2023,"king, mike",1686,105.9,0.1775352412217969,0.10526315789473684,0.07894736842105263,0.041666666666666664,0.47368421052631576,0.39473684210526316,0.4722222222222222,0.08333333333333333,0.08771929824561403,0.4027777777777778,0.34210526315789475,0.17647058823529413,0.3333333333333333,0.11764705882352941,0.379746835443038
2023,"olson, reese",1744,105.9,0.1767627812042086,0.034482758620689655,0.10559006211180125,0.125,0.41379310344827586,0.40372670807453415,0.3875,0.0,0.07352941176470588,0.37037037037037035,0.38235294117647056,0.4117647058823529,0.48148148148148145,0.029411764705882353,0.37333333333333335
2023,"gausman, kevin",3071,105.9,0.17869953323832402,0.11627906976744186,0.12062256809338522,0.11290322580645161,0.3488372093023256,0.36186770428015563,0.3790322580645161,0.07272727272727272,0.08018867924528301,0.34545454545454546,0.33490566037735847,0.375,0.34545454545454546,0.03571428571428571,0.29372937293729373
2023,"jax, griffin",1052,105.8,0.1743490327457544,0.0,0.029850746268656716,0.0625,0.4,0.373134328358209,0.4375,0.2222222222222222,0.08,0.4444444444444444,0.44,0.21052631578947367,0.26666666666666666,0.10526315789473684,0.3131868131868132
2023,"king, john",529,105.7,0.171155511914641,0.0,0.058823529411764705,0.1,0.6666666666666666,0.3333333333333333,0.4666666666666667,0.10714285714285714,0.075,0.5,0.375,0.6666666666666666,0.21428571428571427,0.0,0.37333333333333335
2023,"kahnle, tommy",688,105.6,0.1680520925308948,0.0,0.10526315789473684,0.0,0.3333333333333333,0.5,0.4375,0.08,0.1111111111111111,0.4,0.4222222222222222,0.2631578947368421,0.32,0.10526315789473684,0.3106796116504854
2023,"webb, jacob",938,105.6,0.16844096299554037,0.0,0.06779661016949153,0.06896551724137931,0.2,0.3389830508474576,0.3448275862068966,0.20689655172413793,0.1111111111111111,0.27586206896551724,0.25925925925925924,0.4230769230769231,0.2413793103448276,0.15384615384615385,0.37222222222222223
2023,"jiménez, joe",938,105.6,0.16718367958091657,0.06666666666666667,0.08333333333333333,0.05,0.4,0.375,0.4,0.045454545454545456,0.0784313725490196,0.45454545454545453,0.35294117647058826,0.3333333333333333,0.5454545454545454,0.06666666666666667,0.30057803468208094
2023,"holderman, colin",939,105.5,0.16656834199774442,0.16666666666666666,0.1,0.05714285714285714,0.3333333333333333,0.3142857142857143,0.2571428571428571,0.14285714285714285,0.1320754716981132,0.39285714285714285,0.33962264150943394,0.3157894736842105,0.2857142857142857,0.05263157894736842,0.4143646408839779
2023,"cueto, johnny",860,105.5,0.16473802809087465,0.125,0.11688311688311688,0.1282051282051282,0.25,0.36363636363636365,0.3333333333333333,0.024390243902439025,0.07142857142857142,0.36585365853658536,0.39285714285714285,0.29411764705882354,0.43902439024390244,0.058823529411764705,0.3910891089108911
2023,"rodríguez, eduardo",2449,105.5,0.16627305073903068,0.0967741935483871,0.09950248756218906,0.1,0.3548387096774194,0.3283582089552239,0.37,0.07017543859649122,0.08080808080808081,0.35964912280701755,0.35858585858585856,0.44,0.35964912280701755,0.06,0.3456521739130435
2023,"hjelle, sean",520,105.2,0.15613293097216208,0.16666666666666666,0.06521739130434782,0.16,0.16666666666666666,0.2826086956521739,0.2,0.1,0.05128205128205128,0.3,0.38461538461538464,0.3333333333333333,0.4,0.13333333333333333,0.3103448275862069
2023,"hentges, sam",857,105.2,0.15662774643866986,0.125,0.0958904109589041,0.05714285714285714,0.625,0.3972602739726027,0.42857142857142855,0.041666666666666664,0.08888888888888889,0.2916666666666667,0.35555555555555557,0.5294117647058824,0.4166666666666667,0.0,0.3333333333333333
2023,"peralta, freddy",2839,105.2,0.1556507484808188,0.08823529411764706,0.0625,0.09183673469387756,0.47058823529411764,0.390625,0.40816326530612246,0.12173913043478261,0.07281553398058252,0.4,0.3058252427184466,0.24561403508771928,0.28695652173913044,0.12280701754385964,0.41020408163265304
2023,"bautista, félix",988,104.7,0.1413764264292986,0.0,0.07317073170731707,0.0,0.8,0.3902439024390244,0.4,0.1875,0.2,0.1875,0.375,0.14285714285714285,0.125,0.14285714285714285,0.3131868131868132
2023,"wentz, joey",1931,104.7,0.14146021786510737,0.05263157894736842,0.08152173913043478,0.04716981132075472,0.3684210526315789,0.3532608695652174,0.41509433962264153,0.13580246913580246,0.09259259259259259,0.4074074074074074,0.30246913580246915,0.45454545454545453,0.30864197530864196,0.09090909090909091,0.3816568047337278
2023,"priester, quinn",866,104.5,0.13425190857419547,0.07692307692307693,0.10869565217391304,0.02127659574468085,0.3076923076923077,0.32608695652173914,0.3191489361702128,0.046511627906976744,0.10810810810810811,0.37209302325581395,0.33783783783783783,0.39285714285714285,0.32558139534883723,0.17857142857142858,0.4126984126984127
2023,"manaea, sean",2053,104.5,0.13568363493326507,0.125,0.10126582278481013,0.06896551724137931,0.2916666666666667,0.379746835443038,0.367816091954023,0.11764705882352941,0.08552631578947369,0.4117647058823529,0.34868421052631576,0.375,0.3088235294117647,0.0625,0.3598233995584989
2023,"bibee, tanner",2326,104.2,0.12675421085851515,0.17391304347826086,0.06930693069306931,0.06315789473684211,0.5652173913043478,0.4306930693069307,0.4,0.041666666666666664,0.05555555555555555,0.3020833333333333,0.3838383838383838,0.36,0.375,0.1,0.3746958637469586
2023,"fleming, josh",769,104.2,0.1270666106963409,0.0,0.058823529411764705,0.023809523809523808,0.3,0.4019607843137255,0.4523809523809524,0.07894736842105263,0.11764705882352941,0.3684210526315789,0.4235294117647059,0.47058823529411764,0.5,0.058823529411764705,0.4090909090909091
2023,"desclafani, anthony",1553,104.2,0.1252825922546917,0.16,0.06818181818181818,0.12643678160919541,0.44,0.3806818181818182,0.3448275862068966,0.04918032786885246,0.02962962962962963,0.39344262295081966,0.3851851851851852,0.34782608695652173,0.4262295081967213,0.08695652173913043,0.35384615384615387
2023,"loup, aaron",855,104.1,0.12412433866568212,0.2,0.09230769230769231,0.08571428571428572,0.5,0.26153846153846155,0.2571428571428571,0.05263157894736842,0.07407407407407407,0.5263157894736842,0.5185185185185185,0.23529411764705882,0.39473684210526316,0.058823529411764705,0.2994011976047904
2023,"long, sam",787,104.0,0.11930048769571665,0.08333333333333333,0.06896551724137931,0.0625,0.3333333333333333,0.27586206896551724,0.34375,0.17857142857142858,0.07142857142857142,0.5,0.32142857142857145,0.5625,0.32142857142857145,0.0625,0.35294117647058826
2023,"phillips, evan",924,103.9,0.11661706803273598,0.0,0.016666666666666666,0.0,0.3333333333333333,0.31666666666666665,0.3939393939393939,0.17647058823529413,0.09259259259259259,0.5294117647058824,0.48148148148148145,0.5714285714285714,0.4117647058823529,0.07142857142857142,0.24342105263157895
2023,"pérez, martín",2230,103.8,0.11327848187080353,0.09090909090909091,0.08849557522123894,0.07407407407407407,0.48484848484848486,0.38495575221238937,0.32407407407407407,0.07407407407407407,0.10091743119266056,0.3425925925925926,0.3532110091743119,0.3673469387755102,0.46296296296296297,0.061224489795918366,0.3424657534246575
2023,"gonzález, victor",514,103.6,0.10824160492345247,0.0,0.125,0.05555555555555555,0.2,0.34375,0.1111111111111111,0.043478260869565216,0.1282051282051282,0.4782608695652174,0.5128205128205128,0.375,0.391304347826087,0.125,0.3472222222222222
2023,"pfaadt, brandon",1614,103.6,0.10748173084261103,0.17647058823529413,0.08024691358024691,0.0759493670886076,0.29411764705882354,0.3333333333333333,0.3037974683544304,0.078125,0.08275862068965517,0.4375,0.4206896551724138,0.41379310344827586,0.46875,0.034482758620689655,0.32653061224489793
2023,"okert, steven",1021,103.5,0.10644200408911646,0.0,0.05555555555555555,0.06060606060606061,0.0,0.3888888888888889,0.2727272727272727,0.17857142857142858,0.11666666666666667,0.39285714285714285,0.5,0.3181818181818182,0.32142857142857145,0.13636363636363635,0.3978494623655914
2023,"grove, michael",1146,103.5,0.105849148794054,0.0,0.08771929824561403,0.09375,0.3157894736842105,0.3684210526315789,0.40625,0.1,0.053763440860215055,0.425,0.3548387096774194,0.47619047619047616,0.4,0.09523809523809523,0.35121951219512193
2023,"pagán, emilio",1071,103.5,0.10650186741153587,0.0,0.05319148936170213,0.025,0.16666666666666666,0.2978723404255319,0.2,0.03333333333333333,0.02702702702702703,0.4,0.3783783783783784,0.5555555555555556,0.5666666666666667,0.2777777777777778,0.352
2023,"chirinos, yonny",1345,103.5,0.10468598599935984,0.0,0.06962025316455696,0.07042253521126761,0.32,0.3987341772151899,0.29577464788732394,0.08695652173913043,0.08527131782945736,0.41304347826086957,0.4418604651162791,0.3793103448275862,0.391304347826087,0.13793103448275862,0.30196078431372547
2023,"robertson, david",1077,103.3,0.09992626243611287,0.2,0.16666666666666666,0.03225806451612903,0.3,0.45,0.3548387096774194,0.058823529411764705,0.078125,0.29411764705882354,0.40625,0.4,0.4117647058823529,0.0,0.3674698795180723
2023,"wicks, jordan",583,103.2,0.09477840199453456,0.0,0.058823529411764705,0.17391304347826086,0.8,0.43137254901960786,0.391304347826087,0.07142857142857142,0.08620689655172414,0.42857142857142855,0.43103448275862066,0.36363636363636365,0.32142857142857145,0.0,0.4421052631578947
2023,"winn, keaton",594,103.2,0.0973481225819826,0.08333333333333333,0.10810810810810811,0.05,0.16666666666666666,0.3783783783783784,0.35,0.045454545454545456,0.08928571428571429,0.45454545454545453,0.2857142857142857,0.5384615384615384,0.5,0.07692307692307693,0.30851063829787234
2023,"stanek, ryne",866,103.2,0.09741724955844444,0.1111111111111111,0.13114754098360656,0.1,0.5555555555555556,0.39344262295081966,0.43333333333333335,0.047619047619047616,0.07547169811320754,0.47619047619047616,0.3584905660377358,0.45,0.2857142857142857,0.0,0.41379310344827586
2023,"walker, ryan",1080,103.1,0.0925512749016388,0.0,0.1,0.09375,0.7142857142857143,0.4166666666666667,0.46875,0.09523809523809523,0.04285714285714286,0.5714285714285714,0.42857142857142855,0.25,0.23809523809523808,0.08333333333333333,0.28901734104046245
2023,"cortés, néstor",1070,103.1,0.09305209301961863,0.07692307692307693,0.09302325581395349,0.13636363636363635,0.46153846153846156,0.29069767441860467,0.3181818181818182,0.06666666666666667,0.07291666666666667,0.35555555555555557,0.375,0.42857142857142855,0.37777777777777777,0.09523809523809523,0.32589285714285715
2023,"williams, gavin",1389,103.0,0.09153802359587382,0.0,0.1320754716981132,0.16363636363636364,0.45454545454545453,0.32075471698113206,0.3090909090909091,0.15789473684210525,0.10185185185185185,0.2807017543859649,0.35185185185185186,0.2564102564102564,0.40350877192982454,0.02564102564102564,0.4150197628458498
2023,"urquidy, josé",1098,103.0,0.08871261170307868,0.05555555555555555,0.07777777777777778,0.0425531914893617,0.3888888888888889,0.37777777777777777,0.44680851063829785,0.16393442622950818,0.11764705882352941,0.3770491803278688,0.39215686274509803,0.25925925925925924,0.36065573770491804,0.07407407407407407,0.3225806451612903
2023,"finnegan, kyle",1118,103.0,0.08906270833590296,0.07142857142857142,0.08333333333333333,0.08333333333333333,0.2857142857142857,0.34375,0.3333333333333333,0.13513513513513514,0.12857142857142856,0.40540540540540543,0.35714285714285715,0.5217391304347826,0.2972972972972973,0.043478260869565216,0.35071090047393366
2023,"gibson, kyle",3039,102.9,0.08793713493588869,0.09302325581395349,0.1021671826625387,0.06382978723404255,0.3488372093023256,0.4024767801857585,0.40425531914893614,0.07092198581560284,0.09057971014492754,0.3546099290780142,0.358695652173913,0.3793103448275862,0.4326241134751773,0.06896551724137931,0.42081447963800905
2023,"gray, sonny",2827,102.9,0.08668584445280064,0.05714285714285714,0.10486891385767791,0.0967741935483871,0.34285714285714286,0.3970037453183521,0.4032258064516129,0.09302325581395349,0.0970464135021097,0.4263565891472868,0.39662447257383965,0.2982456140350877,0.37209302325581395,0.05263157894736842,0.3920335429769392
2023,"murphy, chris",872,102.8,0.08266465629421958,0.0,0.0967741935483871,0.10344827586206896,0.5555555555555556,0.45161290322580644,0.6206896551724138,0.1111111111111111,0.06666666666666667,0.4166666666666667,0.4,0.2222222222222222,0.2777777777777778,0.05555555555555555,0.3465909090909091
2023,"wilson, steven",942,102.7,0.08233947485900052,0.125,0.2,0.2631578947368421,0.375,0.37777777777777777,0.21052631578947367,0.07407407407407407,0.1206896551724138,0.18518518518518517,0.27586206896551724,0.18518518518518517,0.25925925925925924,0.0,0.43859649122807015
2023,"cosgrove, tom",838,102.7,0.08159731799455483,0.0,0.025,0.1,0.3333333333333333,0.45,0.35,0.2,0.14545454545454545,0.35,0.41818181818181815,0.3181818181818182,0.35,0.045454545454545456,0.348993288590604
2023,"smyly, drew",2405,102.5,0.0742136645837209,0.03333333333333333,0.08854166666666667,0.14814814814814814,0.23333333333333334,0.3645833333333333,0.37962962962962965,0.11764705882352941,0.0891089108910891,0.36134453781512604,0.38613861386138615,0.2641509433962264,0.31932773109243695,0.11320754716981132,0.3989769820971867
2023,"swanson, erik",1059,102.3,0.07043504746921028,0.1111111111111111,0.10144927536231885,0.05263157894736842,0.2222222222222222,0.4057971014492754,0.39473684210526316,0.06451612903225806,0.12121212121212122,0.3870967741935484,0.4090909090909091,0.2857142857142857,0.3870967741935484,0.09523809523809523,0.3351063829787234
2023,"blach, ty",1264,102.3,0.06867742829076094,0.14814814814814814,0.0979020979020979,0.08695652173913043,0.4074074074074074,0.34965034965034963,0.3695652173913043,0.0967741935483871,0.08653846153846154,0.41935483870967744,0.3557692307692308,0.4482758620689655,0.3709677419354839,0.034482758620689655,0.31620553359683795
2023,"covey, dylan",740,102.1,0.06255249831548199,0.16666666666666666,0.07017543859649122,0.07142857142857142,0.3333333333333333,0.3508771929824561,0.2857142857142857,0.08333333333333333,0.10344827586206896,0.3055555555555556,0.3620689655172414,0.4375,0.3611111111111111,0.125,0.3741496598639456
2023,"clase, emmanuel",1133,102.0,0.06002849319217453,0.1,0.08139534883720931,0.125,0.5,0.4418604651162791,0.5,0.045454545454545456,0.06097560975609756,0.5,0.4146341463414634,0.4,0.38636363636363635,0.0,0.3113207547169811
2023,"alexander, scott",706,102.0,0.060127405281444696,0.2,0.04225352112676056,0.029411764705882353,0.8,0.38028169014084506,0.4117647058823529,0.0,0.03125,0.2857142857142857,0.328125,0.625,0.47619047619047616,0.125,0.32
2023,"kremer, dean",2933,102.0,0.05964774377210039,0.044444444444444446,0.05017921146953405,0.056338028169014086,0.4666666666666667,0.3727598566308244,0.39436619718309857,0.0660377358490566,0.08713692946058091,0.4056603773584906,0.35684647302904565,0.2727272727272727,0.4528301886792453,0.18181818181818182,0.40298507462686567
2023,"seabold, connor",1567,101.8,0.05444432291342572,0.13333333333333333,0.09202453987730061,0.05194805194805195,0.2,0.34355828220858897,0.4025974025974026,0.11764705882352941,0.06428571428571428,0.39705882352941174,0.36428571428571427,0.46875,0.39705882352941174,0.09375,0.3987138263665595
2023,"kaprielian, james",1097,101.8,0.05294790765962966,0.07692307692307693,0.10752688172043011,0.06521739130434782,0.23076923076923078,0.3118279569892473,0.34782608695652173,0.08888888888888889,0.06382978723404255,0.4222222222222222,0.40425531914893614,0.3333333333333333,0.4222222222222222,0.15151515151515152,0.32057416267942584
2023,"curry, xzavion",1501,101.7,0.050791789873196026,0.045454545454545456,0.07738095238095238,0.10126582278481013,0.13636363636363635,0.3630952380952381,0.4050632911392405,0.0975609756097561,0.06451612903225806,0.4634146341463415,0.33064516129032256,0.45161290322580644,0.4878048780487805,0.0967741935483871,0.32116788321167883
2023,"ramírez, erasmo",962,101.7,0.04988009340883587,0.13333333333333333,0.06542056074766354,0.14285714285714285,0.4,0.3364485981308411,0.42857142857142855,0.04878048780487805,0.03614457831325301,0.36585365853658536,0.3493975903614458,0.26666666666666666,0.4878048780487805,0.13333333333333333,0.4157303370786517
2023,"white, brendan",669,101.6,0.04943215328178596,0.0,0.16981132075471697,0.17857142857142858,0.0,0.3018867924528302,0.32142857142857145,0.0,0.05555555555555555,0.4444444444444444,0.2222222222222222,0.5263157894736842,0.3888888888888889,0.15789473684210525,0.3185840707964602
2023,"flexen, chris",1755,101.6,0.04821829138265134,0.06451612903225806,0.07262569832402235,0.08181818181818182,0.41935483870967744,0.39106145251396646,0.36363636363636365,0.10126582278481013,0.0718954248366013,0.3924050632911392,0.4117647058823529,0.35,0.3670886075949367,0.125,0.3588039867109635
2023,"brito, jhony",1447,101.6,0.04834870478638076,0.08695652173913043,0.0625,0.08064516129032258,0.30434782608695654,0.359375,0.3225806451612903,0.08771929824561403,0.08888888888888889,0.42105263157894735,0.4444444444444444,0.3793103448275862,0.43859649122807015,0.10344827586206896,0.37906137184115524
2023,"mlodzinski, carmen",621,101.6,0.0489367526052888,0.25,0.14705882352941177,0.15789473684210525,0.25,0.35294117647058826,0.3157894736842105,0.09523809523809523,0.08108108108108109,0.23809523809523808,0.24324324324324326,0.3333333333333333,0.3333333333333333,0.05555555555555555,0.3140495867768595
2023,"gore, mackenzie",2462,101.5,0.045371458703854776,0.06976744186046512,0.08415841584158416,0.06140350877192982,0.3953488372093023,0.3910891089108911,0.35964912280701755,0.11764705882352941,0.1125,0.4470588235294118,0.45625,0.32727272727272727,0.32941176470588235,0.07272727272727272,0.36907216494845363
2023,"allen, logan",2134,101.4,0.04067079314809459,0.07692307692307693,0.09,0.10679611650485436,0.23076923076923078,0.345,0.36893203883495146,0.12048192771084337,0.10674157303370786,0.39759036144578314,0.37640449438202245,0.4375,0.30120481927710846,0.08333333333333333,0.38957816377171217
2023,"harvey, hunter",967,101.4,0.041993198821707066,0.08333333333333333,0.0684931506849315,0.05714285714285714,0.6666666666666666,0.3561643835616438,0.5714285714285714,0.047619047619047616,0.05555555555555555,0.3333333333333333,0.3148148148148148,0.5833333333333334,0.42857142857142855,0.08333333333333333,0.34951456310679613
2023,"nelson, ryne",2358,101.4,0.04196649003819021,0.057692307692307696,0.07011070110701106,0.06557377049180328,0.3269230769230769,0.3800738007380074,0.39344262295081966,0.06451612903225806,0.0641025641025641,0.3978494623655914,0.3547008547008547,0.4523809523809524,0.5268817204301075,0.11904761904761904,0.3969298245614035
2023,"mcclanahan, shane",1822,101.4,0.04348159938460173,0.1,0.07407407407407407,0.10714285714285714,0.43333333333333335,0.37037037037037035,0.39285714285714285,0.08333333333333333,0.06521739130434782,0.4444444444444444,0.391304347826087,0.43902439024390244,0.375,0.07317073170731707,0.32371794871794873
2023,"stephan, trevor",1133,101.2,0.03535414755538581,0.0,0.09210526315789473,0.0851063829787234,0.4,0.3815789473684211,0.3617021276595745,0.06451612903225806,0.15,0.3870967741935484,0.36666666666666664,0.3448275862068966,0.1935483870967742,0.1724137931034483,0.458128078817734
2023,"voth, austin",667,101.2,0.036840544915927226,0.0,0.0851063829787234,0.045454545454545456,0.6,0.40425531914893614,0.45454545454545453,0.125,0.13725490196078433,0.25,0.37254901960784315,0.26666666666666666,0.5,0.06666666666666667,0.3643410852713178
2023,"germán, domingo",1655,101.2,0.03488192062143772,0.07692307692307693,0.07947019867549669,0.09210526315789473,0.46153846153846156,0.37748344370860926,0.39473684210526316,0.06493506493506493,0.10810810810810811,0.37662337662337664,0.41216216216216217,0.3157894736842105,0.37662337662337664,0.10526315789473684,0.3163265306122449
2023,"stratton, chris",1360,101.2,0.035650805285409565,0.058823529411764705,0.10784313725490197,0.061224489795918366,0.35294117647058826,0.45098039215686275,0.3469387755102041,0.13157894736842105,0.12631578947368421,0.39473684210526316,0.5052631578947369,0.375,0.34210526315789475,0.0,0.35315985130111527
2023,"sborz, josh",835,101.1,0.03375351269841547,0.0,0.0847457627118644,0.1111111111111111,0.4444444444444444,0.3559322033898305,0.2962962962962963,0.17391304347826086,0.09259259259259259,0.4782608695652174,0.4074074074074074,0.625,0.30434782608695654,0.0,0.3448275862068966
2023,"irvin, cole",1275,101.1,0.03275544870434576,0.04,0.06779661016949153,0.12307692307692308,0.28,0.3389830508474576,0.4,0.13725490196078433,0.0625,0.4117647058823529,0.3958333333333333,0.37037037037037035,0.39215686274509803,0.1111111111111111,0.3233082706766917
2023,"fairbanks, pete",736,101.0,0.029148511673875638,0.0,0.0967741935483871,0.058823529411764705,0.5,0.3548387096774194,0.23529411764705882,0.047619047619047616,0.05555555555555555,0.47619047619047616,0.4722222222222222,0.09523809523809523,0.23809523809523808,0.3333333333333333,0.296551724137931
2023,"crawford, kutter",2100,100.9,0.027971321599721363,0.15384615384615385,0.11627906976744186,0.12857142857142856,0.38461538461538464,0.42441860465116277,0.4857142857142857,0.054945054945054944,0.06060606060606061,0.26373626373626374,0.3434343434343434,0.2894736842105263,0.3956043956043956,0.07894736842105263,0.3237250554323725
2023,"abbott, andrew",1898,100.9,0.026855031867249194,0.043478260869565216,0.11612903225806452,0.08823529411764706,0.34782608695652173,0.432258064516129,0.36764705882352944,0.11627906976744186,0.09929078014184398,0.27906976744186046,0.46099290780141844,0.4772727272727273,0.3023255813953488,0.045454545454545456,0.403899721448468
2023,"boyd, matt",1178,100.9,0.026796135080671597,0.0625,0.05660377358490566,0.061224489795918366,0.5625,0.3490566037735849,0.40816326530612246,0.16279069767441862,0.10526315789473684,0.4186046511627907,0.3894736842105263,0.4230769230769231,0.3023255813953488,0.07692307692307693,0.385
2023,"moreta, dauri",966,100.8,0.02416947214796092,0.1111111111111111,0.1,0.16,0.2222222222222222,0.34,0.32,0.09090909090909091,0.0625,0.48484848484848486,0.34375,0.48,0.30303030303030304,0.08,0.3469387755102041
2023,"williamson, brandon",1940,100.7,0.02253816144179013,0.06896551724137931,0.08205128205128205,0.08,0.41379310344827586,0.441025641025641,0.35,0.07352941176470588,0.10526315789473684,0.4411764705882353,0.47368421052631576,0.35135135135135137,0.39705882352941174,0.05405405405405406,0.4228571428571429
2023,"gott, trevor",990,100.7,0.022009789231817876,0.0,0.06666666666666667,0.05405405405405406,0.2857142857142857,0.44,0.4864864864864865,0.075,0.125,0.4,0.421875,0.5,0.3,0.1111111111111111,0.31446540880503143
2023,"pressly, ryan",1025,100.5,0.015550229346253627,0.09090909090909091,0.07526881720430108,0.07317073170731707,0.5454545454545454,0.40860215053763443,0.3902439024390244,0.12,0.11475409836065574,0.24,0.3442622950819672,0.47058823529411764,0.4,0.058823529411764705,0.3615819209039548
2023,"holmes, clay",1025,100.5,0.01580664272957921,0.0,0.09090909090909091,0.0,0.6666666666666666,0.2987012987012987,0.35294117647058826,0.08,0.11864406779661017,0.44,0.4067796610169492,0.23076923076923078,0.44,0.19230769230769232,0.3192771084337349
2023,"romano, jordan",937,100.5,0.014697385184787633,0.2222222222222222,0.11290322580645161,0.0967741935483871,0.4444444444444444,0.4032258064516129,0.3548387096774194,0.034482758620689655,0.07272727272727272,0.27586206896551724,0.36363636363636365,0.35,0.3793103448275862,0.1,0.3055555555555556
2023,"ottavino, adam",1035,100.5,0.014214391565069165,0.0,0.07246376811594203,0.125,0.16666666666666666,0.3333333333333333,0.3333333333333333,0.22580645161290322,0.12903225806451613,0.45161290322580644,0.3064516129032258,0.375,0.3548387096774194,0.0625,0.4064516129032258
2023,"avila, pedro",895,100.4,0.011271255114525624,0.0,0.15625,0.058823529411764705,0.6,0.328125,0.35294117647058826,0.07894736842105263,0.17391304347826086,0.3684210526315789,0.2898550724637681,0.42857142857142855,0.2894736842105263,0.07142857142857142,0.4276315789473684
2023,"quantrill, cal",1714,100.3,0.00959194142019621,0.037037037037037035,0.08092485549132948,0.11363636363636363,0.48148148148148145,0.3988439306358382,0.4090909090909091,0.10989010989010989,0.0875,0.34065934065934067,0.3875,0.3333333333333333,0.37362637362637363,0.09523809523809523,0.43137254901960786
2023,"singer, brady",2615,100.2,0.004752850650383635,0.10256410256410256,0.07612456747404844,0.08088235294117647,0.3076923076923077,0.3633217993079585,0.36764705882352944,0.14285714285714285,0.0944206008583691,0.42857142857142855,0.39914163090128757,0.5185185185185185,0.38392857142857145,0.037037037037037035,0.3193069306930693
2023,"quintana, jose",1231,100.2,0.005689572515523425,0.16666666666666666,0.12280701754385964,0.09523809523809523,0.4166666666666667,0.3508771929824561,0.3492063492063492,0.07936507936507936,0.09649122807017543,0.47619047619047616,0.42105263157894735,0.25,0.38095238095238093,0.041666666666666664,0.42786069651741293
2023,"young, alex",879,100.1,0.0027428335189051997,0.2,0.07692307692307693,0.05714285714285714,0.2,0.38461538461538464,0.22857142857142856,0.18181818181818182,0.10344827586206896,0.2727272727272727,0.43103448275862066,0.5833333333333334,0.45454545454545453,0.0,0.3
2023,"lyles, jordan",2821,100.1,0.003571722354004941,0.037037037037037035,0.07446808510638298,0.06993006993006994,0.3888888888888889,0.45390070921985815,0.42657342657342656,0.10294117647058823,0.07746478873239436,0.4117647058823529,0.4154929577464789,0.4,0.4264705882352941,0.08,0.41317365269461076
2023,"miley, wade",1876,100.0,0.000684840783756475,0.037037037037037035,0.0755813953488372,0.075,0.4074074074074074,0.4069767441860465,0.45,0.07446808510638298,0.10638297872340426,0.3829787234042553,0.40425531914893614,0.275,0.425531914893617,0.125,0.4129032258064516
2023,"darvish, yu",2219,100.0,0.00042465004152736493,0.08,0.09595959595959595,0.06666666666666667,0.44,0.4393939393939394,0.37142857142857144,0.07526881720430108,0.0797872340425532,0.3655913978494624,0.4627659574468085,0.3877551020408163,0.3548387096774194,0.10204081632653061,0.34025974025974026
2023,"weaver, luke",2260,100.0,-0.0009723915670028756,0.08108108108108109,0.0892018779342723,0.1271186440677966,0.43243243243243246,0.38967136150234744,0.4745762711864407,0.06451612903225806,0.0782122905027933,0.41935483870967744,0.3854748603351955,0.4,0.40860215053763443,0.05,0.33886255924170616
2023,"france, j. p.",2206,99.8,-0.007307542307442217,0.09090909090909091,0.05803571428571429,0.1,0.48484848484848486,0.38392857142857145,0.41818181818181815,0.0784313725490196,0.07834101382488479,0.4117647058823529,0.41013824884792627,0.3333333333333333,0.4117647058823529,0.1111111111111111,0.4
2023,"velasquez, vince",653,99.6,-0.013153626204194975,0.0,0.06557377049180328,0.0625,0.16666666666666666,0.32786885245901637,0.28125,0.09375,0.09090909090909091,0.40625,0.4,0.5714285714285714,0.34375,0.21428571428571427,0.4017857142857143
2023,"pivetta, nick",2387,99.6,-0.01312165072821527,0.10256410256410256,0.07537688442211055,0.11627906976744186,0.48717948717948717,0.4020100502512563,0.4069767441860465,0.08955223880597014,0.0783132530120482,0.373134328358209,0.3313253012048193,0.35294117647058826,0.29850746268656714,0.13725490196078433,0.37579617834394907
2023,"hicks, jordan",1124,99.5,-0.01568301223747948,0.14285714285714285,0.11428571428571428,0.06451612903225806,0.2857142857142857,0.42857142857142855,0.3548387096774194,0.09090909090909091,0.07692307692307693,0.38636363636363635,0.49230769230769234,0.4,0.3409090909090909,0.06666666666666667,0.3950617283950617
2023,"lambert, peter",1451,99.5,-0.01466343011553938,0.06666666666666667,0.057692307692307696,0.06944444444444445,0.5,0.4551282051282051,0.4583333333333333,0.11764705882352941,0.072,0.4117647058823529,0.4,0.46875,0.39215686274509803,0.0625,0.37969924812030076
2023,"durán, jhoan",1034,99.4,-0.018970569125910275,0.0,0.09230769230769231,0.038461538461538464,0.625,0.46153846153846156,0.5,0.13793103448275862,0.10344827586206896,0.41379310344827586,0.3620689655172414,0.43478260869565216,0.2413793103448276,0.08695652173913043,0.37435897435897436
2023,"soroka, michael",537,99.3,-0.019859082861539836,0.0,0.12,0.10344827586206896,0.45454545454545453,0.46,0.3448275862068966,0.08,0.125,0.4,0.4791666666666667,0.4,0.24,0.06666666666666667,0.3488372093023256
2023,"coulombe, danny",832,99.3,-0.020777765055227132,0.2857142857142857,0.07692307692307693,0.08,0.7142857142857143,0.48717948717948717,0.6,0.08571428571428572,0.11320754716981132,0.42857142857142855,0.33962264150943394,0.1111111111111111,0.2857142857142857,0.0,0.3953488372093023
2023,"williams, trevor",2627,99.1,-0.025840352282699614,0.125,0.0873015873015873,0.11851851851851852,0.4375,0.4523809523809524,0.4444444444444444,0.064,0.04017857142857143,0.408,0.39285714285714285,0.4423076923076923,0.464,0.038461538461538464,0.373015873015873
2023,"hand, brad",983,99.0,-0.030934647709828657,0.1,0.09523809523809523,0.13157894736842105,0.6,0.3333333333333333,0.34210526315789475,0.10344827586206896,0.09302325581395349,0.3103448275862069,0.3023255813953488,0.3333333333333333,0.3103448275862069,0.14285714285714285,0.3370165745856354
2023,"kikuchi, yusei",2818,99.0,-0.029309601401979617,0.09523809523809523,0.06766917293233082,0.06299212598425197,0.4523809523809524,0.40225563909774437,0.4251968503937008,0.1,0.0958904109589041,0.4222222222222222,0.4018264840182648,0.3829787234042553,0.36666666666666664,0.10638297872340426,0.371868978805395
2023,"gomber, austin",2167,98.9,-0.03287786165187156,0.14285714285714285,0.09561752988047809,0.12213740458015267,0.42857142857142855,0.3745019920318725,0.366412213740458,0.046296296296296294,0.05405405405405406,0.37037037037037035,0.3783783783783784,0.5476190476190477,0.48148148148148145,0.047619047619047616,0.3788300835654596
2023,"paxton, james",1692,98.8,-0.035790620557038126,0.041666666666666664,0.0958904109589041,0.06349206349206349,0.2916666666666667,0.4315068493150685,0.42857142857142855,0.031746031746031744,0.09375,0.5079365079365079,0.40625,0.47058823529411764,0.38095238095238093,0.11764705882352941,0.3273809523809524
2023,"estévez, carlos",1148,98.7,-0.039644398464599516,0.09090909090909091,0.12658227848101267,0.11363636363636363,0.36363636363636365,0.3670886075949367,0.38636363636363635,0.0,0.10526315789473684,0.2727272727272727,0.38596491228070173,0.4,0.3181818181818182,0.16666666666666666,0.34765625
2023,"vasquez, andrew",859,98.7,-0.03847717871250682,0.3333333333333333,0.14285714285714285,0.07692307692307693,0.5,0.3877551020408163,0.34615384615384615,0.07317073170731707,0.15151515151515152,0.34146341463414637,0.36363636363636365,0.23076923076923078,0.1951219512195122,0.038461538461538464,0.3026315789473684
2023,"gray, jon",2403,98.7,-0.038309983800685225,0.13793103448275862,0.1016949152542373,0.1504424778761062,0.4482758620689655,0.3644067796610169,0.39823008849557523,0.14285714285714285,0.0787037037037037,0.32653061224489793,0.3194444444444444,0.3,0.3163265306122449,0.08333333333333333,0.3264840182648402
2023,"gonsolin, tony",1670,98.6,-0.04098015325028201,0.1875,0.10559006211180125,0.13186813186813187,0.34375,0.32919254658385094,0.31868131868131866,0.1016949152542373,0.1048951048951049,0.288135593220339,0.3356643356643357,0.45454545454545453,0.3559322033898305,0.06818181818181818,0.37202380952380953
2023,"stone, gavin",548,98.5,-0.046350141662608965,0.1111111111111111,0.11320754716981132,0.05714285714285714,0.3333333333333333,0.3584905660377358,0.3142857142857143,0.125,0.14893617021276595,0.34375,0.40425531914893614,0.46153846153846156,0.3125,0.07692307692307693,0.22077922077922077
2023,"puk, a. j.",959,98.4,-0.04838443126315872,0.0,0.06666666666666667,0.03333333333333333,0.5454545454545454,0.43333333333333335,0.3,0.034482758620689655,0.05357142857142857,0.27586206896551724,0.39285714285714285,0.45454545454545453,0.20689655172413793,0.36363636363636365,0.3291139240506329
2023,"farmer, buck",1224,98.2,-0.05346129990651876,0.0,0.10588235294117647,0.10526315789473684,0.2,0.3058823529411765,0.3157894736842105,0.2,0.10465116279069768,0.4666666666666667,0.3953488372093023,0.39285714285714285,0.3111111111111111,0.10714285714285714,0.3829787234042553
2023,"rogers, taylor",848,98.0,-0.06040496965353286,0.2,0.12244897959183673,0.15384615384615385,0.5,0.3877551020408163,0.38461538461538464,0.09090909090909091,0.06976744186046512,0.22727272727272727,0.23255813953488372,0.22727272727272727,0.22727272727272727,0.18181818181818182,0.3643410852713178
2023,"giolito, lucas",3207,98.0,-0.060486836664120996,0.10909090909090909,0.11235955056179775,0.07518796992481203,0.45454545454545453,0.3857677902621723,0.37593984962406013,0.07758620689655173,0.09090909090909091,0.3706896551724138,0.3939393939393939,0.42105263157894735,0.31896551724137934,0.11842105263157894,0.39311594202898553
2023,"ashcraft, graham",2326,97.9,-0.061899470899413736,0.12903225806451613,0.09865470852017937,0.1111111111111111,0.3548387096774194,0.40358744394618834,0.35714285714285715,0.09821428571428571,0.07657657657657657,0.41964285714285715,0.42792792792792794,0.3448275862068966,0.33035714285714285,0.10344827586206896,0.3004807692307692
2023,"ferrer, jose",563,97.9,-0.06313262353316072,0.3333333333333333,0.08108108108108109,0.0,0.3333333333333333,0.4594594594594595,0.16666666666666666,0.05263157894736842,0.09523809523809523,0.3157894736842105,0.5,0.5555555555555556,0.3157894736842105,0.1111111111111111,0.36363636363636365
2023,"merryweather, julian",1230,97.8,-0.06754084481435173,0.09090909090909091,0.11688311688311688,0.07142857142857142,0.2727272727272727,0.33766233766233766,0.23809523809523808,0.17647058823529413,0.14516129032258066,0.35294117647058826,0.3387096774193548,0.36363636363636365,0.23529411764705882,0.15151515151515152,0.32367149758454106
2023,"rosenberg, kenny",546,97.8,-0.06515863223310953,0.0,0.11363636363636363,0.15384615384615385,0.2857142857142857,0.45454545454545453,0.38461538461538464,0.13793103448275862,0.10909090909090909,0.3448275862068966,0.36363636363636365,0.3076923076923077,0.13793103448275862,0.15384615384615385,0.35789473684210527
2023,"peterson, david",1969,97.7,-0.06952881944179491,0.0,0.09815950920245399,0.07954545454545454,0.375,0.4294478527607362,0.4318181818181818,0.1095890410958904,0.09448818897637795,0.5068493150684932,0.4330708661417323,0.28846153846153844,0.410958904109589,0.09615384615384616,0.3824451410658307
2023,"wacha, michael",2225,97.7,-0.06968754788465549,0.1111111111111111,0.09042553191489362,0.09278350515463918,0.5185185185185185,0.39361702127659576,0.32989690721649484,0.06315789473684211,0.07567567567567568,0.42105263157894735,0.43243243243243246,0.16279069767441862,0.37894736842105264,0.18604651162790697,0.35096153846153844
2023,"elder, bryce",2851,97.7,-0.06781921802739474,0.21428571428571427,0.10069444444444445,0.12195121951219512,0.4642857142857143,0.3819444444444444,0.3983739837398374,0.07766990291262135,0.08235294117647059,0.2815533980582524,0.3568627450980392,0.36764705882352944,0.34951456310679613,0.08823529411764706,0.3696581196581197
2023,"mchugh, collin",1024,97.6,-0.07227034120117622,0.09090909090909091,0.06896551724137931,0.08620689655172414,0.18181818181818182,0.3793103448275862,0.3103448275862069,0.06976744186046512,0.1111111111111111,0.4418604651162791,0.4166666666666667,0.4166666666666667,0.37209302325581395,0.16666666666666666,0.4012738853503185
2023,"lambert, jimmy",689,97.6,-0.07172697324152495,0.15384615384615385,0.08771929824561403,0.11764705882352941,0.38461538461538464,0.42105263157894735,0.35294117647058826,0.14285714285714285,0.08571428571428572,0.3333333333333333,0.45714285714285713,0.47058823529411764,0.23809523809523808,0.058823529411764705,0.30357142857142855
2023,"lópez, reynaldo",1219,97.6,-0.0726425028652286,0.08333333333333333,0.109375,0.0975609756097561,0.4166666666666667,0.5,0.5365853658536586,0.13333333333333333,0.15254237288135594,0.3333333333333333,0.3389830508474576,0.25,0.2,0.0625,0.3707865168539326
2023,"lynn, lance",3174,97.5,-0.07471161901175412,0.11320754716981132,0.10661764705882353,0.11258278145695365,0.4716981132075472,0.39338235294117646,0.4370860927152318,0.07142857142857142,0.08955223880597014,0.32857142857142857,0.30597014925373134,0.38028169014084506,0.4142857142857143,0.09859154929577464,0.41408934707903783
2023,"thompson, mason",897,97.4,-0.07811874396379458,0.25,0.11594202898550725,0.16216216216216217,0.625,0.37681159420289856,0.4864864864864865,0.06521739130434782,0.046153846153846156,0.32608695652173914,0.3076923076923077,0.34782608695652173,0.34782608695652173,0.043478260869565216,0.32116788321167883
2023,"cease, dylan",3268,97.4,-0.07918500800121575,0.03333333333333333,0.10894941634241245,0.1048951048951049,0.23333333333333334,0.41245136186770426,0.3356643356643357,0.14,0.1324200913242009,0.45,0.4383561643835616,0.30120481927710846,0.35,0.07228915662650602,0.4032258064516129
2023,"severino, luis",1642,97.1,-0.08690082696847524,0.16666666666666666,0.10179640718562874,0.14285714285714285,0.26666666666666666,0.3413173652694611,0.30952380952380953,0.08333333333333333,0.08695652173913043,0.3333333333333333,0.37681159420289856,0.4,0.4666666666666667,0.08571428571428572,0.33787465940054495
2023,"miller, shelby",668,97.1,-0.08618789705182837,0.16666666666666666,0.09090909090909091,0.058823529411764705,0.5,0.36363636363636365,0.23529411764705882,0.2,0.13043478260869565,0.4,0.4782608695652174,0.35294117647058826,0.25,0.058823529411764705,0.3333333333333333
2023,"ginkel, kevin",1060,97.0,-0.08899548940394625,0.09090909090909091,0.140625,0.1111111111111111,0.6363636363636364,0.359375,0.48148148148148145,0.15151515151515152,0.09523809523809523,0.42424242424242425,0.3492063492063492,0.4090909090909091,0.2727272727272727,0.0,0.39779005524861877
2023,"brieske, beau",638,97.0,-0.08960670315645637,0.16666666666666666,0.0625,0.16666666666666666,0.3333333333333333,0.3541666666666667,0.4166666666666667,0.03571428571428571,0.021739130434782608,0.2857142857142857,0.34782608695652173,0.4,0.42857142857142855,0.2,0.3722627737226277
2023,"ferguson, caleb",1067,96.9,-0.09218246733019317,0.0,0.1,0.08888888888888889,0.6666666666666666,0.4857142857142857,0.5111111111111111,0.16666666666666666,0.11538461538461539,0.23333333333333334,0.36538461538461536,0.39285714285714285,0.16666666666666666,0.10714285714285714,0.2803738317757009
2023,"wesneski, hayden",1485,96.9,-0.09167668300605095,0.12903225806451613,0.12195121951219512,0.1774193548387097,0.2903225806451613,0.4065040650406504,0.4032258064516129,0.07936507936507936,0.08333333333333333,0.31746031746031744,0.42592592592592593,0.4666666666666667,0.3968253968253968,0.0,0.43724696356275305
2023,"anderson, grant",601,96.9,-0.09328607032887305,0.14285714285714285,0.07317073170731707,0.05263157894736842,0.5714285714285714,0.3170731707317073,0.3157894736842105,0.07142857142857142,0.05660377358490566,0.5,0.4716981132075472,0.38461538461538464,0.42857142857142855,0.15384615384615385,0.3711340206185567
2023,"duarte, daniel",572,96.9,-0.09192996922364045,0.0,0.06666666666666667,0.1111111111111111,0.6666666666666666,0.4666666666666667,0.4444444444444444,0.125,0.09803921568627451,0.375,0.3137254901960784,0.25,0.25,0.1875,0.3157894736842105
2023,"ragans, cole",1591,96.7,-0.10020616277764467,0.14285714285714285,0.0784313725490196,0.09259259259259259,0.2857142857142857,0.3333333333333333,0.24074074074074073,0.10526315789473684,0.11764705882352941,0.47368421052631576,0.4789915966386555,0.25,0.2982456140350877,0.175,0.3841059602649007
2023,"soto, gregory",967,96.5,-0.10479102967278735,0.2222222222222222,0.1206896551724138,0.14814814814814814,0.4444444444444444,0.39655172413793105,0.37037037037037035,0.10526315789473684,0.04918032786885246,0.2631578947368421,0.29508196721311475,0.34782608695652173,0.2894736842105263,0.13043478260869565,0.3194444444444444
2023,"kelly, merrill",2810,96.4,-0.10743716655328574,0.11428571428571428,0.10358565737051793,0.0975609756097561,0.5428571428571428,0.38645418326693226,0.3333333333333333,0.06306306306306306,0.10087719298245613,0.35135135135135137,0.39035087719298245,0.43283582089552236,0.3963963963963964,0.1044776119402985,0.350187265917603
2023,"woo, bryan",1452,96.3,-0.11227605895421337,0.08333333333333333,0.13636363636363635,0.14814814814814814,0.6666666666666666,0.36363636363636365,0.48148148148148145,0.13043478260869565,0.11904761904761904,0.36231884057971014,0.3333333333333333,0.19444444444444445,0.36231884057971014,0.027777777777777776,0.3391003460207612
2023,"suárez, andrew",521,96.1,-0.11681488076849281,0.0,0.09615384615384616,0.09090909090909091,0.42857142857142855,0.40384615384615385,0.36363636363636365,0.047619047619047616,0.09803921568627451,0.3333333333333333,0.37254901960784315,0.6428571428571429,0.38095238095238093,0.14285714285714285,0.41237113402061853
2023,"edwards, carl",574,96.1,-0.11585227535901887,0.25,0.08823529411764706,0.13043478260869565,0.25,0.4117647058823529,0.4782608695652174,0.15,0.10526315789473684,0.5,0.34210526315789475,0.0625,0.35,0.0625,0.3148148148148148
2023,"eovaldi, nathan",2235,96.0,-0.12085860315593372,0.0967741935483871,0.1065989847715736,0.10465116279069768,0.41935483870967744,0.37055837563451777,0.3488372093023256,0.061224489795918366,0.10714285714285714,0.4489795918367347,0.4336734693877551,0.3333333333333333,0.37755102040816324,0.11764705882352941,0.41025641025641024
2023,"pearson, nate",742,95.9,-0.12210352249616585,0.1111111111111111,0.09375,0.12,0.6666666666666666,0.453125,0.6,0.125,0.0851063829787234,0.1875,0.3191489361702128,0.2631578947368421,0.3125,0.10526315789473684,0.3879310344827586
2023,"heaney, andrew",2605,95.8,-0.12587248552943903,0.15384615384615385,0.12162162162162163,0.1941747572815534,0.358974358974359,0.3153153153153153,0.3883495145631068,0.13157894736842105,0.09900990099009901,0.3815789473684211,0.3316831683168317,0.3333333333333333,0.32894736842105265,0.045454545454545456,0.374
2023,"carrasco, carlos",1592,95.7,-0.12970135388141688,0.03333333333333333,0.09392265193370165,0.03260869565217391,0.4666666666666667,0.39779005524861877,0.40217391304347827,0.09836065573770492,0.1619718309859155,0.4262295081967213,0.4295774647887324,0.3,0.45901639344262296,0.1,0.408
2023,"miller, bobby",1962,95.7,-0.12824006799608043,0.09523809523809523,0.10285714285714286,0.1111111111111111,0.5238095238095238,0.38857142857142857,0.4074074074074074,0.09782608695652174,0.08241758241758242,0.391304347826087,0.35714285714285715,0.5428571428571428,0.391304347826087,0.05714285714285714,0.36470588235294116
2023,"montero, rafael",1253,95.7,-0.12866887208316335,0.21428571428571427,0.13953488372093023,0.09803921568627451,0.5,0.37209302325581395,0.39215686274509803,0.14705882352941177,0.11594202898550725,0.47058823529411764,0.34782608695652173,0.2413793103448276,0.2647058823529412,0.034482758620689655,0.384297520661157
2023,"llovera, mauricio",633,95.4,-0.13827899967298105,0.0,0.0851063829787234,0.0,0.2,0.2765957446808511,0.25,0.16666666666666666,0.25,0.4583333333333333,0.4722222222222222,0.375,0.375,0.125,0.37735849056603776
2023,"machado, andrés",784,95.3,-0.14194157243242359,0.3125,0.1206896551724138,0.11764705882352941,0.375,0.4827586206896552,0.5,0.030303030303030304,0.07407407407407407,0.3939393939393939,0.48148148148148145,0.3333333333333333,0.3333333333333333,0.0,0.36486486486486486
2023,"assad, javier",1713,95.3,-0.1422304013485723,0.07407407407407407,0.08163265306122448,0.0975609756097561,0.48148148148148145,0.47619047619047616,0.524390243902439,0.11235955056179775,0.08029197080291971,0.4044943820224719,0.38686131386861317,0.40476190476190477,0.3146067415730337,0.09523809523809523,0.39925373134328357
2023,"cisnero, josé",996,95.1,-0.1483211543899841,0.13333333333333333,0.09210526315789473,0.11627906976744186,0.4666666666666667,0.39473684210526316,0.5116279069767442,0.16129032258064516,0.14583333333333334,0.3225806451612903,0.375,0.36,0.25806451612903225,0.04,0.2994652406417112
2023,"contreras, roansy",1146,95.1,-0.1472136914365947,0.0,0.09243697478991597,0.109375,0.35294117647058826,0.4369747899159664,0.453125,0.10256410256410256,0.06896551724137931,0.4358974358974359,0.3563218390804598,0.46875,0.5128205128205128,0.09375,0.3333333333333333
2023,"morton, charlie",2861,95.0,-0.1506877972437135,0.06060606060606061,0.11711711711711711,0.08181818181818182,0.2727272727272727,0.35585585585585583,0.36363636363636365,0.1415929203539823,0.13861386138613863,0.40707964601769914,0.36633663366336633,0.3,0.336283185840708,0.14444444444444443,0.3900523560209424
2023,"muñoz, andrés",848,94.9,-0.15446159408149304,0.25,0.1,0.08695652173913043,0.5,0.35,0.34782608695652173,0.07407407407407407,0.09523809523809523,0.4074074074074074,0.42857142857142855,0.3333333333333333,0.4074074074074074,0.08333333333333333,0.408
2023,"blackburn, paul",1880,94.8,-0.15503416655745977,0.05555555555555555,0.10344827586206896,0.07142857142857142,0.2777777777777778,0.42758620689655175,0.44047619047619047,0.08333333333333333,0.12142857142857143,0.4523809523809524,0.45714285714285713,0.3333333333333333,0.30952380952380953,0.14285714285714285,0.4332344213649852
2023,"criswell, cooper",558,94.8,-0.15499873597503655,0.0,0.1346153846153846,0.1,0.6666666666666666,0.5,0.5333333333333333,0.06060606060606061,0.07692307692307693,0.18181818181818182,0.34615384615384615,0.3076923076923077,0.3939393939393939,0.15384615384615385,0.37373737373737376
2023,"detmers, reid",2610,94.8,-0.15597375615383088,0.08695652173913043,0.10377358490566038,0.08928571428571429,0.2608695652173913,0.4009433962264151,0.375,0.13636363636363635,0.15730337078651685,0.3409090909090909,0.42134831460674155,0.4782608695652174,0.375,0.043478260869565216,0.3666026871401152
2023,"jansen, kenley",728,94.7,-0.1582466299296479,0.16666666666666666,0.13953488372093023,0.13636363636363635,0.3333333333333333,0.3023255813953488,0.3181818181818182,0.15789473684210525,0.1276595744680851,0.3684210526315789,0.3829787234042553,0.3333333333333333,0.3157894736842105,0.05555555555555555,0.3288590604026846
2023,"morán, jovani",756,94.7,-0.1580281294217606,0.0,0.13333333333333333,0.10526315789473684,0.2,0.5,0.5263157894736842,0.1111111111111111,0.15217391304347827,0.4722222222222222,0.43478260869565216,0.36363636363636365,0.1111111111111111,0.09090909090909091,0.38202247191011235
2023,"kelly, kevin",1068,94.6,-0.1609118941191144,0.2,0.10666666666666667,0.08333333333333333,0.6,0.4533333333333333,0.3611111111111111,0.0625,0.09876543209876543,0.2708333333333333,0.3950617283950617,0.3181818181818182,0.3333333333333333,0.13636363636363635,0.3465909090909091
2023,"greene, hunter",2093,94.6,-0.16152383746331905,0.20833333333333334,0.11801242236024845,0.14864864864864866,0.2916666666666667,0.391304347826087,0.28378378378378377,0.06451612903225806,0.10869565217391304,0.3709677419354839,0.4057971014492754,0.28846153846153844,0.3387096774193548,0.11538461538461539,0.38424821002386633
2023,"walker, taijuan",2840,94.6,-0.16175872546888306,0.14285714285714285,0.10175438596491228,0.056,0.45714285714285713,0.41403508771929826,0.472,0.08771929824561403,0.11320754716981132,0.40350877192982454,0.3849056603773585,0.4,0.40350877192982454,0.08,0.4288747346072187
2023,"sandoval, patrick",2631,94.4,-0.1693421330348228,0.06666666666666667,0.1179245283018868,0.10714285714285714,0.4,0.3490566037735849,0.48214285714285715,0.08196721311475409,0.14285714285714285,0.4344262295081967,0.3333333333333333,0.2535211267605634,0.3114754098360656,0.15492957746478872,0.3080459770114943
2023,"poche, colin",931,94.3,-0.1715666485631425,0.125,0.05357142857142857,0.10714285714285714,0.375,0.4642857142857143,0.5,0.11538461538461539,0.04838709677419355,0.5,0.5,0.13636363636363635,0.3076923076923077,0.18181818181818182,0.34591194968553457
2023,"waldichuk, ken",2558,94.2,-0.17507976177602214,0.09090909090909091,0.12560386473429952,0.11214953271028037,0.3333333333333333,0.463768115942029,0.40186915887850466,0.06666666666666667,0.10952380952380952,0.4,0.4380952380952381,0.30666666666666664,0.2761904761904762,0.13333333333333333,0.39705882352941174
2023,"martinez, adrián",945,94.2,-0.17450096113812708,0.13333333333333333,0.13414634146341464,0.13043478260869565,0.5333333333333333,0.4268292682926829,0.3695652173913043,0.05128205128205128,0.0684931506849315,0.46153846153846156,0.4794520547945205,0.4090909090909091,0.23076923076923078,0.09090909090909091,0.44936708860759494
2023,"rodón, carlos",1134,94.1,-0.1781032028065528,0.043478260869565216,0.10091743119266056,0.05263157894736842,0.2608695652173913,0.3944954128440367,0.3684210526315789,0.21428571428571427,0.16666666666666666,0.35714285714285715,0.4111111111111111,0.4,0.2857142857142857,0.1,0.32941176470588235
2023,"burnes, corbin",3081,93.9,-0.18326494777463834,0.15384615384615385,0.12093023255813953,0.13385826771653545,0.46153846153846156,0.4372093023255814,0.4251968503937008,0.13636363636363635,0.10144927536231885,0.36363636363636365,0.391304347826087,0.3472222222222222,0.22077922077922077,0.06944444444444445,0.38645418326693226
2023,"suárez, ranger",2024,93.9,-0.18452236729103932,0.21428571428571427,0.11299435028248588,0.09473684210526316,0.42857142857142855,0.3559322033898305,0.3894736842105263,0.15151515151515152,0.09815950920245399,0.47474747474747475,0.39263803680981596,0.3877551020408163,0.37373737373737376,0.02040816326530612,0.41846153846153844
2023,"winckowski, josh",1394,93.9,-0.18293314726372775,0.125,0.06086956521739131,0.11475409836065574,0.5,0.41739130434782606,0.4918032786885246,0.1320754716981132,0.102803738317757,0.41509433962264153,0.411214953271028,0.3448275862068966,0.49056603773584906,0.034482758620689655,0.30522088353413657
2023,"keuchel, dallas",658,93.8,-0.18551373629098694,0.125,0.1016949152542373,0.10526315789473684,0.25,0.3050847457627119,0.42105263157894735,0.07317073170731707,0.14035087719298245,0.4146341463414634,0.2982456140350877,0.5789473684210527,0.3902439024390244,0.10526315789473684,0.35789473684210527
2023,"gonzales, marco",811,93.6,-0.19253667366232874,0.2,0.07058823529411765,0.11363636363636363,0.6,0.43529411764705883,0.4090909090909091,0.0625,0.07792207792207792,0.28125,0.37662337662337664,0.6470588235294118,0.40625,0.058823529411764705,0.3466666666666667
2023,"verlander, justin",2605,93.6,-0.19154732548780726,0.1282051282051282,0.10810810810810811,0.12037037037037036,0.48717948717948717,0.444015444015444,0.4722222222222222,0.041237113402061855,0.05627705627705628,0.4742268041237113,0.45021645021645024,0.26,0.41237113402061853,0.12,0.3135755258126195
2023,"rom, drew",672,93.6,-0.1919167922861147,0.07692307692307693,0.11940298507462686,0.030303030303030304,0.38461538461538464,0.4925373134328358,0.42424242424242425,0.15384615384615385,0.14545454545454545,0.5,0.45454545454545453,0.35294117647058826,0.2692307692307692,0.058823529411764705,0.3697478991596639
2023,"lawrence, justin",1199,93.5,-0.1952010734884625,0.0,0.08139534883720931,0.175,0.5555555555555556,0.37209302325581395,0.35,0.1891891891891892,0.13580246913580246,0.2972972972972973,0.35802469135802467,0.2972972972972973,0.35135135135135137,0.10810810810810811,0.2976190476190476
2023,"faucher, calvin",516,93.3,-0.20142804326827618,0.0,0.16666666666666666,0.11538461538461539,0.5,0.4444444444444444,0.38461538461538464,0.15384615384615385,0.0967741935483871,0.38461538461538464,0.3225806451612903,0.2727272727272727,0.38461538461538464,0.09090909090909091,0.38461538461538464
2023,"valdez, framber",2962,93.3,-0.20149759488920382,0.14285714285714285,0.08012820512820513,0.08450704225352113,0.3333333333333333,0.3782051282051282,0.4014084507042254,0.08333333333333333,0.09349593495934959,0.4375,0.4186991869918699,0.4090909090909091,0.4375,0.13636363636363635,0.350104821802935
2023,"lucchesi, joey",700,93.3,-0.20152138413953632,0.14285714285714285,0.10294117647058823,0.13513513513513514,0.14285714285714285,0.38235294117647056,0.32432432432432434,0.20930232558139536,0.14492753623188406,0.3953488372093023,0.43478260869565216,0.5,0.27906976744186046,0.0,0.4528301886792453
2023,"ohtani, shohei",2097,93.2,-0.20459804392819483,0.1724137931034483,0.11805555555555555,0.12,0.4827586206896552,0.4166666666666667,0.4,0.1,0.1568627450980392,0.3333333333333333,0.37254901960784315,0.296875,0.23333333333333334,0.09375,0.37967914438502676
2023,"clarke, taylor",1074,93.0,-0.20936540275141902,0.11764705882352941,0.11842105263157894,0.10204081632653061,0.4117647058823529,0.40789473684210525,0.42857142857142855,0.12903225806451613,0.109375,0.25806451612903225,0.296875,0.2916666666666667,0.3548387096774194,0.16666666666666666,0.37735849056603776
2023,"garcía, luis",1014,93.0,-0.20936485624712287,0.1111111111111111,0.1125,0.07692307692307693,0.5555555555555556,0.5,0.48717948717948717,0.11428571428571428,0.12698412698412698,0.34285714285714286,0.38095238095238093,0.36,0.2857142857142857,0.08,0.37572254335260113
2023,"law, derek",962,93.0,-0.2109499636785192,0.3333333333333333,0.1724137931034483,0.1111111111111111,0.3333333333333333,0.4827586206896552,0.2777777777777778,0.02857142857142857,0.11475409836065574,0.22857142857142856,0.36065573770491804,0.44,0.22857142857142856,0.08,0.5
2023,"rodriguez, grayson",2104,92.9,-0.21364294183140378,0.25,0.1319796954314721,0.10112359550561797,0.4583333333333333,0.4010152284263959,0.43820224719101125,0.041666666666666664,0.06993006993006994,0.4166666666666667,0.35664335664335667,0.575,0.3611111111111111,0.05,0.3530751708428246
2023,"cabrera, génesis",963,92.5,-0.22653811010020206,0.07142857142857142,0.06944444444444445,0.06060606060606061,0.42857142857142855,0.4027777777777778,0.45454545454545453,0.18518518518518517,0.1016949152542373,0.4074074074074074,0.3898305084745763,0.4444444444444444,0.5555555555555556,0.05555555555555555,0.34285714285714286
2023,"mcgough, scott",1243,92.4,-0.22743479574409822,0.125,0.09302325581395349,0.13043478260869565,0.5,0.43023255813953487,0.5,0.14285714285714285,0.10606060606060606,0.4857142857142857,0.4393939393939394,0.3333333333333333,0.2,0.07407407407407407,0.28837209302325584
2023,"harris, hogan",1109,92.3,-0.23001232626657916,0.16666666666666666,0.09174311926605505,0.10869565217391304,0.3888888888888889,0.4036697247706422,0.41304347826086957,0.13513513513513514,0.03260869565217391,0.35135135135135137,0.40217391304347827,0.3103448275862069,0.40540540540540543,0.1724137931034483,0.37755102040816324
2023,"weathers, ryan",1073,92.1,-0.23686003961159172,0.07142857142857142,0.12087912087912088,0.09302325581395349,0.5,0.42857142857142855,0.3953488372093023,0.13333333333333333,0.11,0.4222222222222222,0.47,0.41379310344827586,0.3111111111111111,0.06896551724137931,0.4685714285714286
2023,"senga, kodai",2803,91.9,-0.24298198300726329,0.1111111111111111,0.10849056603773585,0.08928571428571429,0.4074074074074074,0.42452830188679247,0.41964285714285715,0.10309278350515463,0.12041884816753927,0.4639175257731959,0.44502617801047123,0.275,0.25773195876288657,0.15,0.42283298097251587
2023,"may, trevor",798,91.9,-0.24490784500020146,0.0,0.1111111111111111,0.09375,0.16666666666666666,0.46296296296296297,0.375,0.10344827586206896,0.18181818181818182,0.41379310344827586,0.38636363636363635,0.375,0.27586206896551724,0.16666666666666666,0.3333333333333333
2023,"brown, hunter",2725,91.8,-0.24770498462288862,0.1111111111111111,0.10683760683760683,0.1111111111111111,0.4222222222222222,0.3974358974358974,0.39814814814814814,0.15,0.1319796954314721,0.375,0.41624365482233505,0.3389830508474576,0.35,0.0847457627118644,0.34990439770554493
2023,"brigham, jeff",681,91.7,-0.24977391384646203,0.2727272727272727,0.14285714285714285,0.19047619047619047,0.36363636363636365,0.38095238095238093,0.3333333333333333,0.08333333333333333,0.07894736842105263,0.25,0.39473684210526316,0.36363636363636365,0.16666666666666666,0.13636363636363635,0.3700787401574803
2023,"baumann, mike",1081,91.5,-0.2547777636730376,0.15384615384615385,0.10588235294117647,0.10526315789473684,0.38461538461538464,0.3176470588235294,0.2631578947368421,0.10344827586206896,0.15151515151515152,0.3448275862068966,0.3787878787878788,0.4,0.4482758620689655,0.12,0.45023696682464454
2023,"lodolo, nick",649,91.4,-0.25947860506947595,0.0,0.13636363636363635,0.18518518518518517,0.3076923076923077,0.42424242424242425,0.37037037037037035,0.1,0.16666666666666666,0.3,0.3958333333333333,0.7142857142857143,0.3,0.0,0.3611111111111111
2023,"thompson, zack",1169,91.0,-0.27073213648657835,0.07692307692307693,0.07216494845360824,0.09259259259259259,0.38461538461538464,0.44329896907216493,0.46296296296296297,0.07142857142857142,0.07792207792207792,0.40476190476190477,0.4675324675324675,0.38461538461538464,0.5,0.15384615384615385,0.3604060913705584
2023,"lauer, eric",847,90.9,-0.27438872238572937,0.2,0.09523809523809523,0.11764705882352941,0.45,0.38095238095238093,0.4117647058823529,0.13043478260869565,0.1111111111111111,0.5652173913043478,0.3148148148148148,0.3181818181818182,0.34782608695652173,0.09090909090909091,0.3393939393939394
2023,"frías, luis",539,90.7,-0.28032567522237506,0.14285714285714285,0.15,0.08333333333333333,0.2857142857142857,0.325,0.25,0.0,0.17073170731707318,0.23076923076923078,0.43902439024390244,0.35294117647058826,0.5384615384615384,0.17647058823529413,0.35051546391752575
2023,"barlow, scott",1209,90.6,-0.28278106085931015,0.16666666666666666,0.13333333333333333,0.15,0.6666666666666666,0.4166666666666667,0.45,0.10638297872340426,0.06349206349206349,0.3191489361702128,0.2857142857142857,0.3235294117647059,0.2765957446808511,0.14705882352941177,0.4198895027624309
2023,"chavez, jesse",582,90.5,-0.2858043009377486,0.0,0.09375,0.17647058823529413,0.0,0.375,0.5294117647058824,0.29411764705882354,0.1388888888888889,0.4117647058823529,0.3611111111111111,0.42857142857142855,0.17647058823529413,0.07142857142857142,0.4125
2023,"irvin, jake",2149,90.4,-0.2875498127133139,0.02702702702702703,0.10550458715596331,0.07777777777777778,0.40540540540540543,0.41743119266055045,0.4,0.1917808219178082,0.15300546448087432,0.3972602739726027,0.4207650273224044,0.47368421052631576,0.3424657534246575,0.07017543859649122,0.3558897243107769
2023,"shuster, jared",864,90.3,-0.29186179432784287,0.08333333333333333,0.09090909090909091,0.13953488372093023,0.6666666666666666,0.3409090909090909,0.3488372093023256,0.1794871794871795,0.10989010989010989,0.41025641025641024,0.37362637362637363,0.28,0.38461538461538464,0.12,0.35294117647058826
2023,"helsley, ryan",611,90.3,-0.29141954058023745,0.0,0.1111111111111111,0.0,1.0,0.5555555555555556,0.4444444444444444,0.15384615384615385,0.07407407407407407,0.5384615384615384,0.4074074074074074,0.17647058823529413,0.15384615384615385,0.23529411764705882,0.3305785123966942
2023,"flaherty, jack",2638,90.2,-0.29315568138310727,0.22580645161290322,0.12962962962962962,0.09836065573770492,0.3548387096774194,0.4166666666666667,0.4098360655737705,0.06363636363636363,0.09375,0.37272727272727274,0.4114583333333333,0.2361111111111111,0.4,0.1527777777777778,0.3957345971563981
2023,"javier, cristian",2886,90.1,-0.29891377495340976,0.19047619047619047,0.1,0.1111111111111111,0.42857142857142855,0.4583333333333333,0.46296296296296297,0.1326530612244898,0.09745762711864407,0.46938775510204084,0.4661016949152542,0.42424242424242425,0.2755102040816326,0.045454545454545456,0.4139194139194139
2023,"moll, sam",1058,90.1,-0.29801218154102244,0.0,0.08064516129032258,0.12,0.5,0.27419354838709675,0.52,0.17142857142857143,0.109375,0.5714285714285714,0.40625,0.2727272727272727,0.2857142857142857,0.18181818181818182,0.41798941798941797
2023,"vásquez, randy",669,89.7,-0.3104501829109186,0.0,0.1568627450980392,0.1388888888888889,0.0,0.37254901960784315,0.3888888888888889,0.15151515151515152,0.2,0.45454545454545453,0.4,0.23529411764705882,0.48484848484848486,0.058823529411764705,0.31690140845070425
2023,"weems, jordan",941,89.6,-0.3117825577318644,0.15384615384615385,0.11290322580645161,0.16129032258064516,0.38461538461538464,0.3387096774193548,0.41935483870967744,0.11538461538461539,0.08,0.5769230769230769,0.42,0.4166666666666667,0.4230769230769231,0.041666666666666664,0.3885350318471338
2023,"wood, alex",1710,89.6,-0.31350598711681543,0.11764705882352941,0.10457516339869281,0.07936507936507936,0.5294117647058824,0.41830065359477125,0.47619047619047616,0.13559322033898305,0.12413793103448276,0.423728813559322,0.4,0.40425531914893614,0.3728813559322034,0.0851063829787234,0.3190789473684211
2023,"battenfield, peyton",551,89.6,-0.31378414548719696,0.13333333333333333,0.10294117647058823,0.125,0.4666666666666667,0.4264705882352941,0.46875,0.0,0.07547169811320754,0.09090909090909091,0.3018867924528302,0.6363636363636364,0.5454545454545454,0.18181818181818182,0.3434343434343434
2023,"wright, kyle",576,89.5,-0.31593978044825843,0.0,0.15254237288135594,0.09523809523809523,0.3,0.423728813559322,0.3333333333333333,0.09090909090909091,0.14893617021276595,0.3181818181818182,0.425531914893617,0.25,0.4090909090909091,0.2,0.3611111111111111
2023,"suarez, josé",624,89.4,-0.3181462010867191,0.16666666666666666,0.09803921568627451,0.11428571428571428,0.3333333333333333,0.35294117647058826,0.37142857142857144,0.2,0.1320754716981132,0.5,0.4528301886792453,0.2777777777777778,0.23333333333333334,0.1111111111111111,0.3711340206185567
2023,"ureña, josé",771,89.3,-0.32064859657730155,0.2,0.15,0.2,0.4666666666666667,0.375,0.325,0.09375,0.10666666666666667,0.3125,0.4,0.35,0.375,0.05,0.4393939393939394
2023,"may, dustin",736,89.3,-0.3210549583026944,0.14285714285714285,0.12857142857142856,0.13043478260869565,0.42857142857142855,0.37142857142857144,0.43478260869565216,0.0,0.056338028169014086,0.3793103448275862,0.39436619718309857,0.4444444444444444,0.5172413793103449,0.16666666666666666,0.33548387096774196
2023,"strzelecki, peter",657,89.2,-0.3236203528449265,0.0,0.1,0.1,0.0,0.4,0.3,0.0625,0.1951219512195122,0.3125,0.4878048780487805,0.0625,0.4375,0.3125,0.36363636363636365
2023,"almonte, yency",807,89.1,-0.3262067749173401,0.16666666666666666,0.1875,0.13333333333333333,0.3333333333333333,0.4166666666666667,0.3333333333333333,0.04,0.125,0.44,0.3333333333333333,0.35,0.24,0.15,0.4205607476635514
2023,"leiter, mark",1057,89.1,-0.3274084507658151,0.2222222222222222,0.1694915254237288,0.16129032258064516,0.3333333333333333,0.4067796610169492,0.45161290322580644,0.16,0.07547169811320754,0.44,0.33962264150943394,0.25,0.16,0.10714285714285714,0.4105960264900662
2023,"hamilton, ian",986,88.9,-0.3337352868799567,0.0,0.10344827586206896,0.11764705882352941,0.42857142857142855,0.4827586206896552,0.4117647058823529,0.16666666666666666,0.15625,0.4722222222222222,0.515625,0.3333333333333333,0.2777777777777778,0.07407407407407407,0.3416149068322981
2023,"anderson, tyler",2435,88.9,-0.33342140574594026,0.11428571428571428,0.12626262626262627,0.12096774193548387,0.45714285714285713,0.42424242424242425,0.46774193548387094,0.12307692307692308,0.1232876712328767,0.38461538461538464,0.3835616438356164,0.3787878787878788,0.3384615384615385,0.09090909090909091,0.37383177570093457
2023,"cox, austin",578,88.8,-0.3379401822278336,0.0,0.1702127659574468,0.125,0.16666666666666666,0.3404255319148936,0.4583333333333333,0.0625,0.2,0.5625,0.42857142857142855,0.5,0.3125,0.05555555555555555,0.36470588235294116
2023,"gray, josiah",2817,88.6,-0.3421565232036915,0.14285714285714285,0.11818181818181818,0.1111111111111111,0.35714285714285715,0.4,0.36507936507936506,0.1328125,0.1493212669683258,0.390625,0.4072398190045249,0.2441860465116279,0.3125,0.1511627906976744,0.4178498985801217
2023,"neris, héctor",1094,88.5,-0.3471006479668073,0.08333333333333333,0.16666666666666666,0.1875,0.3333333333333333,0.3541666666666667,0.4375,0.08333333333333333,0.10714285714285714,0.4444444444444444,0.375,0.24242424242424243,0.3055555555555556,0.15151515151515152,0.3271889400921659
2023,"schreiber, john",830,88.4,-0.3501095145675424,0.2,0.17647058823529413,0.13636363636363635,0.0,0.29411764705882354,0.4090909090909091,0.2857142857142857,0.075,0.5714285714285714,0.4,0.34615384615384615,0.23809523809523808,0.038461538461538464,0.31788079470198677
2023,"adam, jason",909,88.3,-0.3517310635897891,0.09090909090909091,0.18,0.09375,0.36363636363636365,0.38,0.4375,0.041666666666666664,0.125,0.375,0.375,0.32142857142857145,0.2916666666666667,0.21428571428571427,0.33557046979865773
2023,"pallante, andre",1140,88.1,-0.35768706529290756,0.0,0.09090909090909091,0.1,0.42857142857142855,0.36363636363636365,0.4,0.15555555555555556,0.12941176470588237,0.4444444444444444,0.4117647058823529,0.4838709677419355,0.4444444444444444,0.12903225806451613,0.3622448979591837
2023,"hernández, jonathan",557,88.0,-0.36174402617644646,0.2857142857142857,0.11764705882352941,0.09523809523809523,0.7142857142857143,0.4117647058823529,0.38095238095238093,0.15,0.15151515151515152,0.3,0.36363636363636365,0.06666666666666667,0.3,0.13333333333333333,0.3333333333333333
2023,"adon, joan",928,87.5,-0.3756873629019204,0.10526315789473684,0.13402061855670103,0.13043478260869565,0.47368421052631576,0.422680412371134,0.3695652173913043,0.1724137931034483,0.14864864864864866,0.3793103448275862,0.40540540540540543,0.4782608695652174,0.41379310344827586,0.0,0.3258426966292135
2023,"shaw, bryan",774,87.2,-0.3848515414082413,0.0,0.14285714285714285,0.038461538461538464,0.75,0.44642857142857145,0.4230769230769231,0.09523809523809523,0.14,0.5238095238095238,0.38,0.3181818181818182,0.42857142857142855,0.13636363636363635,0.4507042253521127
2023,"middleton, keynan",858,87.2,-0.38566362942419957,0.3333333333333333,0.2,0.1935483870967742,0.5555555555555556,0.425,0.41935483870967744,0.07317073170731707,0.0784313725490196,0.34146341463414637,0.4117647058823529,0.22727272727272727,0.34146341463414637,0.0,0.3836477987421384
2023,"hill, tim",718,87.1,-0.38831750761102807,0.125,0.11764705882352941,0.14814814814814814,0.25,0.4411764705882353,0.25925925925925924,0.13793103448275862,0.13725490196078433,0.4482758620689655,0.5490196078431373,0.47368421052631576,0.4827586206896552,0.0,0.3087248322147651
2023,"abbott, cory",703,87.0,-0.39049441486512465,0.07142857142857142,0.09230769230769231,0.18181818181818182,0.21428571428571427,0.3076923076923077,0.2727272727272727,0.07142857142857142,0.11627906976744186,0.5,0.3488372093023256,0.4090909090909091,0.5714285714285714,0.18181818181818182,0.3671875
2023,"jackson, andre",1002,86.8,-0.39616409669219316,0.1111111111111111,0.057692307692307696,0.1,0.6111111111111112,0.4519230769230769,0.48,0.09375,0.06666666666666667,0.3125,0.37333333333333335,0.38095238095238093,0.4375,0.23809523809523808,0.3723404255319149
2023,"abreu, bryan",1218,86.7,-0.39828078440176384,0.08333333333333333,0.1111111111111111,0.05555555555555555,0.5,0.4722222222222222,0.5,0.2,0.14,0.5,0.42,0.24242424242424243,0.2,0.15151515151515152,0.3333333333333333
2023,"turnbull, spencer",556,86.6,-0.40207614674076675,0.125,0.1346153846153846,0.13333333333333333,0.375,0.46153846153846156,0.5,0.15384615384615385,0.14,0.38461538461538464,0.4,0.4117647058823529,0.2692307692307692,0.058823529411764705,0.3655913978494624
2023,"alvarado, josé",745,86.6,-0.40274060115705007,0.3333333333333333,0.11627906976744186,0.14285714285714285,0.3333333333333333,0.46511627906976744,0.38095238095238093,0.09090909090909091,0.09375,0.18181818181818182,0.4375,0.25,0.2727272727272727,0.1875,0.3006535947712418
2023,"sheehan, emmet",1031,86.6,-0.4021741587706675,0.13333333333333333,0.075,0.038461538461538464,0.6666666666666666,0.5125,0.38461538461538464,0.03225806451612903,0.07865168539325842,0.5806451612903226,0.47191011235955055,0.23076923076923078,0.45161290322580644,0.23076923076923078,0.4418604651162791
2023,"wainwright, adam",1793,86.5,-0.40504294758693193,0.15384615384615385,0.08333333333333333,0.06896551724137931,0.5384615384615384,0.484375,0.5086206896551724,0.07216494845360824,0.08074534161490683,0.4536082474226804,0.4906832298136646,0.41025641025641024,0.44329896907216493,0.1282051282051282,0.41832669322709165
2023,"anderson, chase",1449,86.5,-0.4065875936491035,0.15,0.10743801652892562,0.140625,0.6,0.4132231404958678,0.4375,0.0945945945945946,0.07092198581560284,0.40540540540540543,0.48936170212765956,0.28205128205128205,0.36486486486486486,0.15384615384615385,0.38188976377952755
2023,"karinchak, james",740,85.9,-0.4227758669063052,0.25,0.17142857142857143,0.10526315789473684,0.375,0.42857142857142855,0.42105263157894735,0.0,0.0625,0.4166666666666667,0.46875,0.2222222222222222,0.3333333333333333,0.2222222222222222,0.3360655737704918
2023,"brazobán, huascar",1025,85.7,-0.42967770429747765,0.1111111111111111,0.0847457627118644,0.13333333333333333,0.5555555555555556,0.3389830508474576,0.5,0.23809523809523808,0.1527777777777778,0.4523809523809524,0.3055555555555556,0.10344827586206896,0.19047619047619047,0.20689655172413793,0.3567251461988304
2023,"stroman, marcus",2208,85.5,-0.4349300604911856,0.16666666666666666,0.06451612903225806,0.0761904761904762,0.7222222222222222,0.43317972350230416,0.47619047619047616,0.14666666666666667,0.11170212765957446,0.4266666666666667,0.43617021276595747,0.4074074074074074,0.49333333333333335,0.07407407407407407,0.38016528925619836
2023,"blanco, ronel",906,85.4,-0.43777513407890695,0.125,0.17647058823529413,0.13513513513513514,0.5,0.4264705882352941,0.35135135135135137,0.10344827586206896,0.14925373134328357,0.4482758620689655,0.47761194029850745,0.5333333333333333,0.3103448275862069,0.0,0.39759036144578314
2023,"martinez, seth",773,84.9,-0.45506766689039874,0.1,0.1896551724137931,0.09090909090909091,0.2,0.3103448275862069,0.30303030303030304,0.19047619047619047,0.24444444444444444,0.42857142857142855,0.5111111111111111,0.34782608695652173,0.38095238095238093,0.0,0.39705882352941174
2023,"henry, tommy",1396,84.8,-0.45732371811789047,0.15,0.08396946564885496,0.029850746268656716,0.55,0.4580152671755725,0.5074626865671642,0.11267605633802817,0.12418300653594772,0.4084507042253521,0.4444444444444444,0.2571428571428571,0.352112676056338,0.22857142857142856,0.35772357723577236
2023,"lópez, jorge",980,84.6,-0.4629668779137389,0.25,0.10112359550561797,0.1568627450980392,0.5833333333333334,0.38202247191011235,0.45098039215686275,0.09523809523809523,0.06896551724137931,0.38095238095238093,0.25862068965517243,0.30434782608695654,0.47619047619047616,0.17391304347826086,0.3780487804878049
2023,"hudson, dakota",1318,84.2,-0.47525081676362413,0.09090909090909091,0.0738255033557047,0.12857142857142856,0.36363636363636365,0.40939597315436244,0.37142857142857144,0.1320754716981132,0.07258064516129033,0.4339622641509434,0.4596774193548387,0.3783783783783784,0.4716981132075472,0.21621621621621623,0.336283185840708
2023,"bielak, brandon",1388,83.6,-0.49312007234302874,0.041666666666666664,0.08029197080291971,0.03333333333333333,0.375,0.4233576642335766,0.48333333333333334,0.09090909090909091,0.11570247933884298,0.5818181818181818,0.5371900826446281,0.4117647058823529,0.45454545454545453,0.20588235294117646,0.38495575221238937
2023,"kowar, jackson",568,83.4,-0.4982202075273561,0.2,0.15789473684210525,0.1111111111111111,0.2,0.4473684210526316,0.3333333333333333,0.16666666666666666,0.10256410256410256,0.3333333333333333,0.41025641025641024,0.2631578947368421,0.2777777777777778,0.21052631578947367,0.36082474226804123
2023,"peralta, wandy",882,83.4,-0.4993201113926225,0.0,0.14,0.06666666666666667,0.2857142857142857,0.4,0.43333333333333335,0.2,0.2978723404255319,0.4,0.40425531914893614,0.3548387096774194,0.32,0.06451612903225806,0.40816326530612246
2023,"silseth, chase",889,83.3,-0.5015712264555406,0.07142857142857142,0.08333333333333333,0.1875,0.21428571428571427,0.2777777777777778,0.28125,0.2903225806451613,0.13846153846153847,0.5483870967741935,0.4153846153846154,0.2,0.25806451612903225,0.2,0.3591549295774648
2023,"johnson, pierce",1089,83.2,-0.5036045381469186,0.3333333333333333,0.14864864864864866,0.175,0.6666666666666666,0.4594594594594595,0.55,0.0,0.06896551724137931,0.36363636363636365,0.3793103448275862,0.3333333333333333,0.3181818181818182,0.1111111111111111,0.3595505617977528
2023,"oviedo, johan",2993,82.9,-0.5135944423714262,0.225,0.14545454545454545,0.16417910447761194,0.475,0.44727272727272727,0.373134328358209,0.08264462809917356,0.11320754716981132,0.38016528925619836,0.4528301886792453,0.4044943820224719,0.371900826446281,0.07865168539325842,0.37424547283702214
2023,"liberatore, matthew",1063,82.9,-0.5142966701183067,0.23529411764705882,0.11009174311926606,0.06,0.35294117647058826,0.44036697247706424,0.42,0.14285714285714285,0.13793103448275862,0.45714285714285713,0.4367816091954023,0.5,0.4,0.08333333333333333,0.37967914438502676
2023,"peguero, elvis",921,82.7,-0.5186722130885875,0.2,0.16901408450704225,0.10256410256410256,0.6,0.4507042253521127,0.4358974358974359,0.15151515151515152,0.14492753623188406,0.3939393939393939,0.4057971014492754,0.4642857142857143,0.2727272727272727,0.03571428571428571,0.3305785123966942
2023,"herrin, tim",510,82.5,-0.5254386489574725,0.0,0.16666666666666666,0.13333333333333333,0.6666666666666666,0.3333333333333333,0.3333333333333333,0.1,0.037037037037037035,0.7,0.48148148148148145,0.3076923076923077,0.35,0.23076923076923078,0.3
2023,"soriano, george",888,82.4,-0.5276746054078449,0.1,0.1038961038961039,0.05,0.5,0.5064935064935064,0.55,0.037037037037037035,0.16393442622950818,0.48148148148148145,0.4918032786885246,0.4074074074074074,0.4074074074074074,0.14814814814814814,0.3106060606060606
2023,"honeywell, brent",947,82.1,-0.5382901294447401,0.0,0.10465116279069768,0.17391304347826086,0.5,0.4418604651162791,0.5,0.11538461538461539,0.07692307692307693,0.46153846153846156,0.4461538461538462,0.4642857142857143,0.34615384615384615,0.17857142857142858,0.3930635838150289
2023,"bickford, phil",1248,81.8,-0.5455812668105179,0.1111111111111111,0.17777777777777778,0.17777777777777778,0.3888888888888889,0.35555555555555557,0.3333333333333333,0.125,0.109375,0.375,0.359375,0.2571428571428571,0.4583333333333333,0.17142857142857143,0.3728813559322034
2023,"jameson, drey",674,81.6,-0.5528082397965811,0.26666666666666666,0.14285714285714285,0.1724137931034483,0.4666666666666667,0.45714285714285713,0.4827586206896552,0.05263157894736842,0.08771929824561403,0.2631578947368421,0.38596491228070173,0.29411764705882354,0.3684210526315789,0.17647058823529413,0.3333333333333333
2023,"snell, blake",3170,81.6,-0.5539826001612016,0.13793103448275862,0.1256544502617801,0.08571428571428572,0.5517241379310345,0.39267015706806285,0.41904761904761906,0.1588785046728972,0.15263157894736842,0.42990654205607476,0.4789473684210526,0.25,0.2803738317757009,0.18,0.42247191011235957
2023,"woodford, jake",910,81.1,-0.5677413180586905,0.0,0.1326530612244898,0.18604651162790697,0.5,0.46938775510204084,0.4418604651162791,0.07407407407407407,0.14705882352941177,0.4074074074074074,0.5147058823529411,0.4782608695652174,0.5185185185185185,0.043478260869565216,0.40397350993377484
2023,"ward, thaddeus",685,80.3,-0.5914075412531057,0.0,0.1590909090909091,0.09090909090909091,0.4444444444444444,0.45454545454545453,0.5,0.10526315789473684,0.11627906976744186,0.5263157894736842,0.46511627906976744,0.4444444444444444,0.3157894736842105,0.18518518518518517,0.3431372549019608
2023,"davis, noah",602,80.1,-0.5985608630722581,0.0,0.1875,0.13636363636363635,0.16666666666666666,0.4583333333333333,0.5,0.16666666666666666,0.13043478260869565,0.375,0.43478260869565216,0.3333333333333333,0.5,0.1111111111111111,0.29365079365079366
2023,"hollowell, gavin",617,80.1,-0.5988832746829856,0.0,0.0975609756097561,0.047619047619047616,0.7142857142857143,0.4878048780487805,0.47619047619047616,0.12,0.15,0.56,0.425,0.21739130434782608,0.48,0.21739130434782608,0.2702702702702703
2023,"bernardino, brennan",867,80.1,-0.5970129276701832,0.25,0.16981132075471697,0.2,0.375,0.49056603773584906,0.43333333333333335,0.1,0.07317073170731707,0.45,0.5853658536585366,0.3157894736842105,0.15,0.10526315789473684,0.34615384615384615
2023,"cruz, fernando",1122,80.0,-0.6012777577391205,0.14285714285714285,0.1388888888888889,0.13157894736842105,0.5714285714285714,0.4583333333333333,0.5526315789473685,0.0,0.10714285714285714,0.5172413793103449,0.4642857142857143,0.14814814814814814,0.41379310344827586,0.2222222222222222,0.2932692307692308
2023,"rucker, michael",720,79.6,-0.61223514652961,0.0,0.16666666666666666,0.09090909090909091,0.625,0.4666666666666667,0.45454545454545453,0.07692307692307693,0.13513513513513514,0.46153846153846156,0.5135135135135135,0.4,0.5384615384615384,0.1,0.42727272727272725
2023,"verhagen, drew",1052,79.5,-0.6175249707550763,0.3076923076923077,0.19117647058823528,0.1388888888888889,0.23076923076923078,0.38235294117647056,0.3888888888888889,0.15151515151515152,0.12307692307692308,0.30303030303030304,0.2923076923076923,0.5161290322580645,0.2727272727272727,0.12903225806451613,0.36024844720496896
2023,"pérez, cionel",888,79.4,-0.6182651140334551,0.25,0.08571428571428572,0.06666666666666667,0.5,0.4714285714285714,0.4,0.07894736842105263,0.09523809523809523,0.39473684210526316,0.4444444444444444,0.375,0.42105263157894735,0.25,0.37583892617449666
2023,"de los santos, enyel",1059,78.9,-0.6339550859983889,0.46153846153846156,0.17567567567567569,0.21951219512195122,0.23076923076923078,0.33783783783783783,0.43902439024390244,0.03571428571428571,0.06060606060606061,0.4642857142857143,0.36363636363636365,0.4,0.42857142857142855,0.08,0.33658536585365856
2023,"medina, luis",1958,78.8,-0.6381404450985996,0.1111111111111111,0.11834319526627218,0.11538461538461539,0.3888888888888889,0.5088757396449705,0.47435897435897434,0.14285714285714285,0.14093959731543623,0.5844155844155844,0.5436241610738255,0.2786885245901639,0.38961038961038963,0.09836065573770492,0.36827195467422097
2023,"muller, kyle",1461,78.7,-0.6405601676788233,0.16666666666666666,0.0967741935483871,0.125,0.4666666666666667,0.4838709677419355,0.55,0.17647058823529413,0.09734513274336283,0.43137254901960786,0.45132743362831856,0.55,0.39215686274509803,0.075,0.3225806451612903
2023,"megill, tylor",2237,78.3,-0.6520029893760639,0.2571428571428571,0.13023255813953488,0.11214953271028037,0.5142857142857142,0.4511627906976744,0.3925233644859813,0.1797752808988764,0.13142857142857142,0.5393258426966292,0.49714285714285716,0.4126984126984127,0.3146067415730337,0.047619047619047616,0.38858695652173914
2023,"davies, zach",1501,78.3,-0.6520439404413069,0.2,0.10416666666666667,0.13513513513513514,0.3,0.4097222222222222,0.47297297297297297,0.11475409836065574,0.08256880733944955,0.5081967213114754,0.47706422018348627,0.5897435897435898,0.3442622950819672,0.15384615384615385,0.3902439024390244
2023,"williams, devin",952,78.1,-0.6595136860889167,0.2,0.13157894736842105,0.23076923076923078,0.6,0.3684210526315789,0.46153846153846156,0.07142857142857142,0.06818181818181818,0.6071428571428571,0.4772727272727273,0.17857142857142858,0.32142857142857145,0.17857142857142858,0.34965034965034963
2023,"díaz, alexis",1166,77.6,-0.6746896831407947,0.0,0.13333333333333333,0.24,0.3333333333333333,0.4166666666666667,0.4,0.2727272727272727,0.14035087719298245,0.5,0.45614035087719296,0.3111111111111111,0.2727272727272727,0.08888888888888889,0.43147208121827413
2023,"ortiz, luis",1462,77.2,-0.6842153083977962,0.10344827586206896,0.14130434782608695,0.12195121951219512,0.3793103448275862,0.4076086956521739,0.36585365853658536,0.09090909090909091,0.12698412698412698,0.6136363636363636,0.47619047619047616,0.42857142857142855,0.5,0.14285714285714285,0.38738738738738737
2023,"cuas, josé",1177,77.2,-0.6860109108799674,0.05555555555555555,0.11392405063291139,0.16,0.5,0.4050632911392405,0.42,0.24242424242424243,0.1746031746031746,0.42424242424242425,0.38095238095238093,0.20512820512820512,0.3939393939393939,0.15384615384615385,0.38860103626943004
2023,"hartwig, grant",643,77.0,-0.6919681666276539,0.2,0.1590909090909091,0.125,0.4,0.5,0.2916666666666667,0.12,0.17391304347826086,0.32,0.4782608695652174,0.5,0.28,0.125,0.42727272727272725
2023,"manoah, alek",1697,75.8,-0.7264080919226382,0.18181818181818182,0.1476510067114094,0.16666666666666666,0.5,0.40268456375838924,0.3787878787878788,0.14705882352941177,0.15254237288135594,0.35294117647058826,0.3813559322033898,0.3125,0.45588235294117646,0.140625,0.41515151515151516
2023,"cabrera, edward",1806,75.6,-0.7321656860629616,0.11764705882352941,0.17073170731707318,0.12,0.47058823529411764,0.4796747967479675,0.5,0.13043478260869565,0.16279069767441862,0.42028985507246375,0.43410852713178294,0.26153846153846155,0.3188405797101449,0.16923076923076924,0.3620689655172414
2023,"graveman, kendall",1116,75.6,-0.7318197362570684,0.18181818181818182,0.18055555555555555,0.20930232558139536,0.36363636363636365,0.3055555555555556,0.37209302325581395,0.20689655172413793,0.18032786885245902,0.4482758620689655,0.4262295081967213,0.16666666666666666,0.3103448275862069,0.1111111111111111,0.4484848484848485
2023,"kuhl, chad",774,74.5,-0.7664391987587804,0.0,0.13432835820895522,0.08823529411764706,0.46153846153846156,0.4925373134328358,0.5294117647058824,0.15,0.13636363636363635,0.5,0.5227272727272727,0.4642857142857143,0.35,0.17857142857142858,0.4811320754716981
2023,"sims, lucas",1062,74.4,-0.7684389684575806,0.1,0.2,0.13636363636363635,0.6,0.4,0.5,0.19230769230769232,0.16666666666666666,0.5,0.4444444444444444,0.28888888888888886,0.23076923076923078,0.1111111111111111,0.37362637362637363
2023,"feltner, ryan",784,74.3,-0.7721466762836435,0.4,0.21568627450980393,0.12121212121212122,0.2,0.29411764705882354,0.3333333333333333,0.1794871794871795,0.2,0.3333333333333333,0.3076923076923077,0.2962962962962963,0.1794871794871795,0.18518518518518517,0.37037037037037035
2023,"bummer, aaron",1114,73.5,-0.7970691341157393,0.3333333333333333,0.14084507042253522,0.22580645161290322,0.3333333333333333,0.36619718309859156,0.3225806451612903,0.14814814814814814,0.07547169811320754,0.4074074074074074,0.39622641509433965,0.2903225806451613,0.4074074074074074,0.1935483870967742,0.35570469798657717
2023,"ramírez, yohan",719,73.2,-0.8039405605963019,0.0,0.18604651162790697,0.1,0.0,0.4883720930232558,0.3,0.2,0.2916666666666667,0.52,0.6041666666666666,0.34615384615384615,0.24,0.11538461538461539,0.33035714285714285
2023,"diekman, jake",999,72.9,-0.8149384315236614,0.25,0.16666666666666666,0.3103448275862069,0.5,0.3958333333333333,0.4827586206896552,0.22580645161290322,0.1346153846153846,0.3548387096774194,0.34615384615384615,0.34375,0.22580645161290322,0.03125,0.37888198757763975
2023,"smith, drew",1083,72.9,-0.8138842243946571,0.16666666666666666,0.15789473684210525,0.12903225806451613,0.5,0.5087719298245614,0.5483870967741935,0.13043478260869565,0.14035087719298245,0.5652173913043478,0.43859649122807015,0.40625,0.5217391304347826,0.03125,0.36818181818181817
2023,"marsh, alec",1342,72.4,-0.8283973237477829,0.25,0.18584070796460178,0.19642857142857142,0.5,0.4336283185840708,0.44642857142857145,0.1702127659574468,0.18478260869565216,0.3617021276595745,0.3695652173913043,0.20454545454545456,0.40425531914893614,0.06818181818181818,0.365296803652968
2023,"lamet, dinelson",605,72.2,-0.8340070945683747,0.1,0.125,0.12,0.4,0.4375,0.56,0.16666666666666666,0.13333333333333333,0.6666666666666666,0.5,0.4782608695652174,0.3333333333333333,0.13043478260869565,0.38181818181818183
2023,"hader, josh",1053,72.1,-0.8385751271189005,0.25,0.23684210526315788,0.30434782608695654,0.5,0.47368421052631576,0.43478260869565216,0.125,0.125,0.4166666666666667,0.375,0.1,0.2916666666666667,0.06666666666666667,0.375
2023,"ruiz, josé",825,72.1,-0.838908366030498,0.3,0.19672131147540983,0.16666666666666666,0.5,0.4426229508196721,0.4523809523809524,0.10344827586206896,0.14545454545454545,0.5517241379310345,0.34545454545454546,0.4166666666666667,0.41379310344827586,0.041666666666666664,0.4132231404958678
2023,"abreu, albert",1055,71.8,-0.8474263139137481,0.3333333333333333,0.18666666666666668,0.1935483870967742,0.5833333333333334,0.4533333333333333,0.45161290322580644,0.05,0.1267605633802817,0.3,0.38028169014084506,0.2702702702702703,0.325,0.1891891891891892,0.36942675159235666
2023,"miller, mason",611,71.7,-0.8506387561040919,0.3333333333333333,0.20512820512820512,0.058823529411764705,0.3333333333333333,0.4358974358974359,0.47058823529411764,0.08333333333333333,0.17647058823529413,0.4166666666666667,0.43137254901960786,0.47368421052631576,0.4166666666666667,0.10526315789473684,0.40476190476190477
2023,"saucedo, tayler",791,70.6,-0.8846918768021733,0.16666666666666666,0.21052631578947367,0.0,0.5,0.47368421052631576,0.5217391304347826,0.24242424242424243,0.17777777777777778,0.5151515151515151,0.4444444444444444,0.4583333333333333,0.21212121212121213,0.125,0.3389830508474576
2023,"leclerc, josé",986,70.4,-0.8880922589769911,0.25,0.08108108108108109,0.25,0.75,0.5405405405405406,0.7,0.14705882352941177,0.04918032786885246,0.47058823529411764,0.4098360655737705,0.30434782608695654,0.3235294117647059,0.13043478260869565,0.40853658536585363
2023,"yates, kirby",1063,70.2,-0.8942271578507678,0.15384615384615385,0.14516129032258066,0.14814814814814814,0.38461538461538464,0.43548387096774194,0.37037037037037035,0.2222222222222222,0.21052631578947367,0.3333333333333333,0.47368421052631576,0.35,0.3333333333333333,0.15,0.395
2023,"bido, osvaldo",942,70.1,-0.8979246826588901,0.2857142857142857,0.16666666666666666,0.14583333333333334,0.42857142857142855,0.4027777777777778,0.375,0.09523809523809523,0.12857142857142856,0.40476190476190477,0.35714285714285715,0.2857142857142857,0.35714285714285715,0.2857142857142857,0.32934131736526945
2023,"marte, yunior",700,69.5,-0.9176391073320184,0.3333333333333333,0.14,0.20588235294117646,0.5555555555555556,0.48,0.4117647058823529,0.14814814814814814,0.11363636363636363,0.4074074074074074,0.4318181818181818,0.2,0.4444444444444444,0.13333333333333333,0.4166666666666667
2023,"kimbrel, craig",1140,69.2,-0.9246398268179975,0.38461538461538464,0.11940298507462686,0.13333333333333333,0.46153846153846156,0.40298507462686567,0.3333333333333333,0.10526315789473684,0.20408163265306123,0.42105263157894735,0.46938775510204084,0.43333333333333335,0.3157894736842105,0.16666666666666666,0.34
2023,"fujinami, shintaro",1411,66.2,-1.0169303716338214,0.11764705882352941,0.14285714285714285,0.12962962962962962,0.47058823529411764,0.5,0.46296296296296297,0.13157894736842105,0.13580246913580246,0.5263157894736842,0.48148148148148145,0.38636363636363635,0.3157894736842105,0.2727272727272727,0.34375
2023,"uribe, abner",520,64.6,-1.0628238014831162,0.0,0.14285714285714285,0.14285714285714285,1.0,0.5357142857142857,0.5714285714285714,0.09090909090909091,0.2,0.2727272727272727,0.6,0.15,0.2727272727272727,0.3,0.35135135135135137
2023,"soriano, josé",704,63.3,-1.1025351330315798,0.0,0.14285714285714285,0.16666666666666666,0.2,0.35714285714285715,0.2777777777777778,0.35714285714285715,0.2777777777777778,0.5714285714285714,0.3888888888888889,0.4642857142857143,0.35714285714285715,0.14285714285714285,0.3595505617977528
2023,"toussaint, touki",1595,63.0,-1.1126053693841291,0.1875,0.192,0.1864406779661017,0.375,0.472,0.4406779661016949,0.08928571428571429,0.16346153846153846,0.5357142857142857,0.5288461538461539,0.29508196721311475,0.35714285714285715,0.21311475409836064,0.33195020746887965
2023,"marinaccio, ron",898,61.2,-1.1654626988092989,0.18181818181818182,0.2916666666666667,0.3333333333333333,0.2727272727272727,0.4375,0.38095238095238093,0.18181818181818182,0.17777777777777778,0.5,0.4222222222222222,0.3793103448275862,0.13636363636363635,0.06896551724137931,0.3870967741935484
2023,"kopech, michael",2432,60.3,-1.1922171836838076,0.2727272727272727,0.19402985074626866,0.22105263157894736,0.6136363636363636,0.5024875621890548,0.5157894736842106,0.07042253521126761,0.1497005988023952,0.4084507042253521,0.38323353293413176,0.3854166666666667,0.38028169014084506,0.1875,0.37468354430379747
2023,"lange, alex",1151,59.4,-1.2201472252668664,0.2,0.12280701754385964,0.10344827586206896,0.6,0.47368421052631576,0.41379310344827586,0.23529411764705882,0.23728813559322035,0.5588235294117647,0.4745762711864407,0.2978723404255319,0.2647058823529412,0.23404255319148937,0.390625
2023,"erceg, lucas",1057,59.3,-1.2245623897855622,0.375,0.2692307692307692,0.16666666666666666,0.875,0.5,0.4,0.1111111111111111,0.1864406779661017,0.3611111111111111,0.4406779661016949,0.32432432432432434,0.25,0.10810810810810811,0.391812865497076
2023,"kauffmann, karl",583,55.9,-1.3260896792795125,0.18181818181818182,0.14285714285714285,0.21428571428571427,0.6363636363636364,0.4935064935064935,0.5357142857142857,0.3333333333333333,0.1111111111111111,0.4166666666666667,0.48148148148148145,0.6470588235294118,0.4166666666666667,0.058823529411764705,0.3829787234042553
2023,"buttó, josé",734,55.0,-1.3522963672417172,0.6666666666666666,0.13846153846153847,0.1,1.0,0.4307692307692308,0.5,0.20689655172413793,0.1694915254237288,0.5172413793103449,0.423728813559322,0.42857142857142855,0.3448275862068966,0.047619047619047616,0.47058823529411764
2023,"bard, daniel",946,48.5,-1.5492120640925868,0.09090909090909091,0.2222222222222222,0.2903225806451613,0.45454545454545453,0.42592592592592593,0.45161290322580644,0.2916666666666667,0.2608695652173913,0.3333333333333333,0.43478260869565216,0.3125,0.4166666666666667,0.14583333333333334,0.3950617283950617
2023,"keller, brad",879,47.4,-1.5809717262063712,0.0,0.25,0.16,0.3333333333333333,0.515625,0.4,0.25925925925925924,0.23684210526315788,0.5555555555555556,0.5131578947368421,0.4222222222222222,0.3333333333333333,0.24444444444444444,0.43333333333333335
